return_id,sales_order_number,sales_order_line_number,shipment_id,customer_key,product_key,product_category_key,sales_territory_key,currency_key,return_reason_id,return_request_date,return_received_date,refund_date,original_order_quantity,return_quantity,original_line_sales_amount,refund_amount,resolution,return_status,synthetic_note,data_origin,generator_version,scenario_id,seed,generated_at
RET-000001,SO43715,1,SHP-000019,16483,314,1,9,6,RR-003,2011-02-02,2011-02-12,2011-02-15,1,1,3578.27,3470.92,REFUND,REFUNDED,SIMULATED return linked to an AdventureWorks order line,synthetic_extension,1.0.0,BASELINE,20260728,2026-07-28T00:00:00.000Z
RET-000002,SO43731,1,SHP-000035,16629,314,1,9,6,RR-005,2011-01-31,2011-02-04,2011-02-05,1,1,3578.27,3470.92,REFUND,REFUNDED,SIMULATED return linked to an AdventureWorks order line,synthetic_extension,1.0.0,BASELINE,20260728,2026-07-28T00:00:00.000Z
RET-000003,SO43742,1,SHP-000046,13576,314,1,10,98,RR-003,2011-02-09,2011-02-19,2011-02-22,1,1,3578.27,3470.92,REFUND,REFUNDED,SIMULATED return linked to an AdventureWorks order line,synthetic_extension,1.0.0,BASELINE,20260728,2026-07-28T00:00:00.000Z
RET-000004,SO43790,1,SHP-000094,25857,344,1,1,100,RR-006,2011-02-02,2011-02-09,2011-02-11,1,1,3399.99,3297.99,REFUND,REFUNDED,SIMULATED return linked to an AdventureWorks order line,synthetic_extension,1.0.0,BASELINE,20260728,2026-07-28T00:00:00.000Z
RET-000005,SO43830,1,SHP-000134,16347,311,1,9,6,RR-003,2011-02-12,2011-02-18,2011-02-21,1,1,3578.27,3470.92,REFUND,REFUNDED,SIMULATED return linked to an AdventureWorks order line,synthetic_extension,1.0.0,BASELINE,20260728,2026-07-28T00:00:00.000Z
RET-000006,SO43992,1,SHP-000221,16638,311,1,9,6,RR-006,2011-03-05,2011-03-12,2011-03-14,1,1,3578.27,3470.92,REFUND,REFUNDED,SIMULATED return linked to an AdventureWorks order line,synthetic_extension,1.0.0,BASELINE,20260728,2026-07-28T00:00:00.000Z
RET-000007,SO44030,1,SHP-000259,12131,311,1,7,39,RR-006,2011-03-20,2011-03-27,2011-03-29,1,1,3578.27,3470.92,REFUND,REFUNDED,SIMULATED return linked to an AdventureWorks order line,synthetic_extension,1.0.0,BASELINE,20260728,2026-07-28T00:00:00.000Z
RET-000008,SO44067,1,SHP-000296,17049,310,1,9,6,RR-006,2011-03-26,2011-04-02,2011-04-04,1,1,3578.27,3470.92,REFUND,REFUNDED,SIMULATED return linked to an AdventureWorks order line,synthetic_extension,1.0.0,BASELINE,20260728,2026-07-28T00:00:00.000Z
RET-000009,SO44163,1,SHP-000332,28193,314,1,4,100,RR-003,2011-03-23,2011-03-29,2011-04-01,1,1,3578.27,3470.92,REFUND,REFUNDED,SIMULATED return linked to an AdventureWorks order line,synthetic_extension,1.0.0,BASELINE,20260728,2026-07-28T00:00:00.000Z
RET-000010,SO44169,1,SHP-000338,28179,311,1,1,100,RR-005,2011-04-07,2011-04-11,2011-04-12,1,1,3578.27,3470.92,REFUND,REFUNDED,SIMULATED return linked to an AdventureWorks order line,synthetic_extension,1.0.0,BASELINE,20260728,2026-07-28T00:00:00.000Z
RET-000011,SO44230,1,SHP-000399,17241,312,1,9,6,RR-004,2011-04-19,2011-04-28,2011-05-02,1,1,3578.27,3470.92,REFUND,REFUNDED,SIMULATED return linked to an AdventureWorks order line,synthetic_extension,1.0.0,BASELINE,20260728,2026-07-28T00:00:00.000Z
RET-000012,SO44252,1,SHP-000421,13777,312,1,10,98,RR-004,2011-04-10,2011-04-15,2011-04-19,1,1,3578.27,3470.92,REFUND,REFUNDED,SIMULATED return linked to an AdventureWorks order line,synthetic_extension,1.0.0,BASELINE,20260728,2026-07-28T00:00:00.000Z
RET-000013,SO44274,1,SHP-000443,28152,314,1,4,100,RR-004,2011-04-28,2011-05-07,2011-05-11,1,1,3578.27,3470.92,REFUND,REFUNDED,SIMULATED return linked to an AdventureWorks order line,synthetic_extension,1.0.0,BASELINE,20260728,2026-07-28T00:00:00.000Z
RET-000014,SO44336,1,SHP-000465,25895,345,1,1,100,RR-003,2011-04-22,2011-04-28,2011-05-01,1,1,3399.99,3297.99,REFUND,REFUNDED,SIMULATED return linked to an AdventureWorks order line,synthetic_extension,1.0.0,BASELINE,20260728,2026-07-28T00:00:00.000Z
RET-000015,SO44373,1,SHP-000502,13767,310,1,8,29,RR-006,2011-05-11,2011-05-18,2011-05-20,1,1,3578.27,3470.92,REFUND,REFUNDED,SIMULATED return linked to an AdventureWorks order line,synthetic_extension,1.0.0,BASELINE,20260728,2026-07-28T00:00:00.000Z
RET-000016,SO44395,1,SHP-000524,28339,314,1,1,100,RR-006,2011-05-02,2011-05-05,2011-05-07,1,1,3578.27,3470.92,REFUND,REFUNDED,SIMULATED return linked to an AdventureWorks order line,synthetic_extension,1.0.0,BASELINE,20260728,2026-07-28T00:00:00.000Z
RET-000017,SO44405,1,SHP-000534,28224,310,1,4,100,RR-006,2011-05-09,2011-05-12,2011-05-14,1,1,3578.27,3470.92,REFUND,REFUNDED,SIMULATED return linked to an AdventureWorks order line,synthetic_extension,1.0.0,BASELINE,20260728,2026-07-28T00:00:00.000Z
RET-000018,SO44420,1,SHP-000549,17512,311,1,9,6,RR-005,2011-05-12,2011-05-20,2011-05-21,1,1,3578.27,3470.92,REFUND,REFUNDED,SIMULATED return linked to an AdventureWorks order line,synthetic_extension,1.0.0,BASELINE,20260728,2026-07-28T00:00:00.000Z
RET-000019,SO44477,1,SHP-000606,17922,310,1,9,6,RR-005,2011-05-18,2011-05-26,2011-05-27,1,1,3578.27,3470.92,REFUND,REFUNDED,SIMULATED return linked to an AdventureWorks order line,synthetic_extension,1.0.0,BASELINE,20260728,2026-07-28T00:00:00.000Z
RET-000020,SO44626,1,SHP-000665,18272,313,1,9,6,RR-005,2011-06-12,2011-06-16,2011-06-17,1,1,3578.27,3470.92,REFUND,REFUNDED,SIMULATED return linked to an AdventureWorks order line,synthetic_extension,1.0.0,BASELINE,20260728,2026-07-28T00:00:00.000Z
RET-000021,SO44724,1,SHP-000763,28665,314,1,1,100,RR-006,2011-06-14,2011-06-17,2011-06-19,1,1,3578.27,3470.92,REFUND,REFUNDED,SIMULATED return linked to an AdventureWorks order line,synthetic_extension,1.0.0,BASELINE,20260728,2026-07-28T00:00:00.000Z
RET-000022,SO44817,1,SHP-000793,14777,312,1,10,98,RR-003,2011-06-27,2011-07-07,2011-07-10,1,1,3578.27,3470.92,REFUND,REFUNDED,SIMULATED return linked to an AdventureWorks order line,synthetic_extension,1.0.0,BASELINE,20260728,2026-07-28T00:00:00.000Z
RET-000023,SO44849,1,SHP-000825,17996,322,1,7,39,RR-006,2011-07-10,2011-07-17,2011-07-19,1,1,699.1,678.13,REFUND,REFUNDED,SIMULATED return linked to an AdventureWorks order line,synthetic_extension,1.0.0,BASELINE,20260728,2026-07-28T00:00:00.000Z
RET-000024,SO44875,1,SHP-000851,29048,313,1,4,100,RR-003,2011-06-26,2011-07-02,2011-07-05,1,1,3578.27,3470.92,REFUND,REFUNDED,SIMULATED return linked to an AdventureWorks order line,synthetic_extension,1.0.0,BASELINE,20260728,2026-07-28T00:00:00.000Z
RET-000025,SO44943,1,SHP-000919,25568,330,1,9,6,RR-005,2011-07-17,2011-07-21,2011-07-22,1,1,699.1,678.13,REFUND,REFUNDED,SIMULATED return linked to an AdventureWorks order line,synthetic_extension,1.0.0,BASELINE,20260728,2026-07-28T00:00:00.000Z
RET-000026,SO44958,1,SHP-000934,20173,332,1,10,98,RR-005,2011-07-23,2011-07-27,2011-07-28,1,1,699.1,678.13,REFUND,REFUNDED,SIMULATED return linked to an AdventureWorks order line,synthetic_extension,1.0.0,BASELINE,20260728,2026-07-28T00:00:00.000Z
RET-000027,SO45002,1,SHP-000978,13844,312,1,8,29,RR-006,2011-07-19,2011-07-26,2011-07-28,1,1,3578.27,3470.92,REFUND,REFUNDED,SIMULATED return linked to an AdventureWorks order line,synthetic_extension,1.0.0,BASELINE,20260728,2026-07-28T00:00:00.000Z
RET-000028,SO45003,1,SHP-000979,29059,314,1,4,100,RR-003,2011-07-19,2011-07-25,2011-07-28,1,1,3578.27,3470.92,REFUND,REFUNDED,SIMULATED return linked to an AdventureWorks order line,synthetic_extension,1.0.0,BASELINE,20260728,2026-07-28T00:00:00.000Z
RET-000029,SO45081,1,SHP-001017,26782,338,1,6,19,RR-005,2011-08-03,2011-08-07,2011-08-08,1,1,699.1,678.13,REFUND,REFUNDED,SIMULATED return linked to an AdventureWorks order line,synthetic_extension,1.0.0,BASELINE,20260728,2026-07-28T00:00:00.000Z
RET-000030,SO45099,1,SHP-001035,29174,312,1,1,100,RR-006,2011-07-29,2011-08-01,2011-08-03,1,1,3578.27,3470.92,REFUND,REFUNDED,SIMULATED return linked to an AdventureWorks order line,synthetic_extension,1.0.0,BASELINE,20260728,2026-07-28T00:00:00.000Z
RET-000031,SO45112,1,SHP-001048,20558,324,1,10,98,RR-004,2011-07-30,2011-08-04,2011-08-08,1,1,699.1,678.13,REFUND,REFUNDED,SIMULATED return linked to an AdventureWorks order line,synthetic_extension,1.0.0,BASELINE,20260728,2026-07-28T00:00:00.000Z
RET-000032,SO45134,1,SHP-001070,22895,314,1,6,19,RR-004,2011-08-01,2011-08-10,2011-08-14,1,1,3578.27,3470.92,REFUND,REFUNDED,SIMULATED return linked to an AdventureWorks order line,synthetic_extension,1.0.0,BASELINE,20260728,2026-07-28T00:00:00.000Z
RET-000033,SO45155,1,SHP-001091,18900,312,1,9,6,RR-003,2011-08-10,2011-08-16,2011-08-19,1,1,3578.27,3470.92,REFUND,REFUNDED,SIMULATED return linked to an AdventureWorks order line,synthetic_extension,1.0.0,BASELINE,20260728,2026-07-28T00:00:00.000Z
RET-000034,SO45171,1,SHP-001107,11754,345,1,9,6,RR-005,2011-08-12,2011-08-20,2011-08-21,1,1,3399.99,3297.99,REFUND,REFUNDED,SIMULATED return linked to an AdventureWorks order line,synthetic_extension,1.0.0,BASELINE,20260728,2026-07-28T00:00:00.000Z
RET-000035,SO45223,1,SHP-001159,18930,312,1,9,6,RR-003,2011-08-08,2011-08-14,2011-08-17,1,1,3578.27,3470.92,REFUND,REFUNDED,SIMULATED return linked to an AdventureWorks order line,synthetic_extension,1.0.0,BASELINE,20260728,2026-07-28T00:00:00.000Z
RET-000036,SO45240,1,SHP-001176,29155,310,1,1,100,RR-006,2011-08-25,2011-08-28,2011-08-30,1,1,3578.27,3470.92,REFUND,REFUNDED,SIMULATED return linked to an AdventureWorks order line,synthetic_extension,1.0.0,BASELINE,20260728,2026-07-28T00:00:00.000Z
RET-000037,SO45246,1,SHP-001182,18709,310,1,9,6,RR-004,2011-08-13,2011-08-18,2011-08-22,1,1,3578.27,3470.92,REFUND,REFUNDED,SIMULATED return linked to an AdventureWorks order line,synthetic_extension,1.0.0,BASELINE,20260728,2026-07-28T00:00:00.000Z
RET-000038,SO45264,1,SHP-001200,11454,349,1,9,6,RR-004,2011-08-17,2011-08-22,2011-08-26,1,1,3374.99,3273.74,REFUND,REFUNDED,SIMULATED return linked to an AdventureWorks order line,synthetic_extension,1.0.0,BASELINE,20260728,2026-07-28T00:00:00.000Z
RET-000039,SO45395,1,SHP-001252,29352,313,1,4,100,RR-005,2011-08-31,2011-09-04,2011-09-05,1,1,3578.27,3470.92,REFUND,REFUNDED,SIMULATED return linked to an AdventureWorks order line,synthetic_extension,1.0.0,BASELINE,20260728,2026-07-28T00:00:00.000Z
RET-000040,SO45445,1,SHP-001302,19105,310,1,9,6,RR-005,2011-09-05,2011-09-13,2011-09-14,1,1,3578.27,3470.92,REFUND,REFUNDED,SIMULATED return linked to an AdventureWorks order line,synthetic_extension,1.0.0,BASELINE,20260728,2026-07-28T00:00:00.000Z
RET-000041,SO45478,1,SHP-001335,29354,313,1,1,100,RR-005,2011-09-20,2011-09-24,2011-09-25,1,1,3578.27,3470.92,REFUND,REFUNDED,SIMULATED return linked to an AdventureWorks order line,synthetic_extension,1.0.0,BASELINE,20260728,2026-07-28T00:00:00.000Z
RET-000042,SO45600,1,SHP-001393,19628,313,1,9,6,RR-006,2011-09-23,2011-09-26,2011-09-28,1,1,3578.27,3470.92,REFUND,REFUNDED,SIMULATED return linked to an AdventureWorks order line,synthetic_extension,1.0.0,BASELINE,20260728,2026-07-28T00:00:00.000Z
RET-000043,SO45651,1,SHP-001444,19771,311,1,9,6,RR-004,2011-10-02,2011-10-07,2011-10-11,1,1,3578.27,3470.92,REFUND,REFUNDED,SIMULATED return linked to an AdventureWorks order line,synthetic_extension,1.0.0,BASELINE,20260728,2026-07-28T00:00:00.000Z
RET-000044,SO45657,1,SHP-001450,11266,311,1,1,100,RR-006,2011-10-01,2011-10-04,2011-10-06,1,1,3578.27,3470.92,REFUND,REFUNDED,SIMULATED return linked to an AdventureWorks order line,synthetic_extension,1.0.0,BASELINE,20260728,2026-07-28T00:00:00.000Z
RET-000045,SO45748,1,SHP-001541,18046,332,1,7,100,RR-003,2011-10-20,2011-10-26,2011-10-29,1,1,699.1,678.13,REFUND,REFUNDED,SIMULATED return linked to an AdventureWorks order line,synthetic_extension,1.0.0,BASELINE,20260728,2026-07-28T00:00:00.000Z
RET-000046,SO45825,1,SHP-001581,23725,314,1,6,19,RR-003,2011-10-16,2011-10-26,2011-10-29,1,1,3578.27,3470.92,REFUND,REFUNDED,SIMULATED return linked to an AdventureWorks order line,synthetic_extension,1.0.0,BASELINE,20260728,2026-07-28T00:00:00.000Z
RET-000047,SO45844,1,SHP-001600,11812,312,1,1,100,RR-004,2011-10-17,2011-10-22,2011-10-26,1,1,3578.27,3470.92,REFUND,REFUNDED,SIMULATED return linked to an AdventureWorks order line,synthetic_extension,1.0.0,BASELINE,20260728,2026-07-28T00:00:00.000Z
RET-000048,SO45863,1,SHP-001619,11873,314,1,4,100,RR-005,2011-10-26,2011-11-03,2011-11-04,1,1,3578.27,3470.92,REFUND,REFUNDED,SIMULATED return linked to an AdventureWorks order line,synthetic_extension,1.0.0,BASELINE,20260728,2026-07-28T00:00:00.000Z
RET-000049,SO45903,1,SHP-001659,15619,310,1,10,98,RR-006,2011-11-09,2011-11-16,2011-11-18,1,1,3578.27,3470.92,REFUND,REFUNDED,SIMULATED return linked to an AdventureWorks order line,synthetic_extension,1.0.0,BASELINE,20260728,2026-07-28T00:00:00.000Z
RET-000050,SO45938,1,SHP-001694,11654,311,1,4,100,RR-004,2011-10-30,2011-11-04,2011-11-08,1,1,3578.27,3470.92,REFUND,REFUNDED,SIMULATED return linked to an AdventureWorks order line,synthetic_extension,1.0.0,BASELINE,20260728,2026-07-28T00:00:00.000Z
RET-000051,SO45962,1,SHP-001718,20227,310,1,9,6,RR-005,2011-11-23,2011-11-27,2011-11-28,1,1,3578.27,3470.92,REFUND,REFUNDED,SIMULATED return linked to an AdventureWorks order line,synthetic_extension,1.0.0,BASELINE,20260728,2026-07-28T00:00:00.000Z
RET-000052,SO45968,1,SHP-001724,11834,311,1,4,100,RR-003,2011-11-09,2011-11-15,2011-11-18,1,1,3578.27,3470.92,REFUND,REFUNDED,SIMULATED return linked to an AdventureWorks order line,synthetic_extension,1.0.0,BASELINE,20260728,2026-07-28T00:00:00.000Z
RET-000053,SO46001,1,SHP-001757,23806,310,1,6,19,RR-004,2011-11-25,2011-11-30,2011-12-04,1,1,3578.27,3470.92,REFUND,REFUNDED,SIMULATED return linked to an AdventureWorks order line,synthetic_extension,1.0.0,BASELINE,20260728,2026-07-28T00:00:00.000Z
RET-000054,SO46008,1,SHP-001764,11912,348,1,9,6,RR-005,2011-11-17,2011-11-21,2011-11-22,1,1,3374.99,3273.74,REFUND,REFUNDED,SIMULATED return linked to an AdventureWorks order line,synthetic_extension,1.0.0,BASELINE,20260728,2026-07-28T00:00:00.000Z
RET-000055,SO46013,1,SHP-001769,11705,311,1,4,100,RR-005,2011-11-10,2011-11-14,2011-11-15,1,1,3578.27,3470.92,REFUND,REFUNDED,SIMULATED return linked to an AdventureWorks order line,synthetic_extension,1.0.0,BASELINE,20260728,2026-07-28T00:00:00.000Z
RET-000056,SO46230,1,SHP-001901,11493,344,1,10,98,RR-006,2011-12-05,2011-12-08,2011-12-10,1,1,3399.99,3297.99,REFUND,REFUNDED,SIMULATED return linked to an AdventureWorks order line,synthetic_extension,1.0.0,BASELINE,20260728,2026-07-28T00:00:00.000Z
RET-000057,SO46261,1,SHP-001932,26075,348,1,1,100,RR-004,2011-12-06,2011-12-11,2011-12-15,1,1,3374.99,3273.74,REFUND,REFUNDED,SIMULATED return linked to an AdventureWorks order line,synthetic_extension,1.0.0,BASELINE,20260728,2026-07-28T00:00:00.000Z
RET-000058,SO46267,1,SHP-001938,20448,314,1,9,6,RR-006,2011-12-22,2011-12-25,2011-12-27,1,1,3578.27,3470.92,REFUND,REFUNDED,SIMULATED return linked to an AdventureWorks order line,synthetic_extension,1.0.0,BASELINE,20260728,2026-07-28T00:00:00.000Z
RET-000059,SO46292,1,SHP-001963,20418,313,1,9,6,RR-006,2011-12-17,2011-12-20,2011-12-22,1,1,3578.27,3470.92,REFUND,REFUNDED,SIMULATED return linked to an AdventureWorks order line,synthetic_extension,1.0.0,BASELINE,20260728,2026-07-28T00:00:00.000Z
RET-000060,SO46436,1,SHP-002039,12337,347,1,9,6,RR-006,2011-12-22,2011-12-29,2011-12-31,1,1,3399.99,3297.99,REFUND,REFUNDED,SIMULATED return linked to an AdventureWorks order line,synthetic_extension,1.0.0,BASELINE,20260728,2026-07-28T00:00:00.000Z
RET-000061,SO46472,1,SHP-002075,12248,344,1,9,6,RR-006,2012-01-08,2012-01-15,2012-01-17,1,1,3399.99,3297.99,REFUND,REFUNDED,SIMULATED return linked to an AdventureWorks order line,synthetic_extension,1.0.0,BASELINE,20260728,2026-07-28T00:00:00.000Z
RET-000062,SO46494,1,SHP-002097,20983,313,1,9,6,RR-006,2012-01-05,2012-01-12,2012-01-14,1,1,3578.27,3470.92,REFUND,REFUNDED,SIMULATED return linked to an AdventureWorks order line,synthetic_extension,1.0.0,BASELINE,20260728,2026-07-28T00:00:00.000Z
RET-000063,SO46576,1,SHP-002179,24757,310,1,6,19,RR-003,2012-01-17,2012-01-27,2012-01-30,1,1,3578.27,3470.92,REFUND,REFUNDED,SIMULATED return linked to an AdventureWorks order line,synthetic_extension,1.0.0,BASELINE,20260728,2026-07-28T00:00:00.000Z
RET-000064,SO46676,1,SHP-002207,18047,385,1,8,100,RR-004,2012-01-27,2012-02-01,2012-02-05,1,1,1000.44,970.42,REFUND,REFUNDED,SIMULATED return linked to an AdventureWorks order line,synthetic_extension,1.0.0,BASELINE,20260728,2026-07-28T00:00:00.000Z
RET-000065,SO46694,1,SHP-002225,13220,373,1,4,100,RR-004,2012-01-21,2012-01-30,2012-02-03,1,1,2181.56,2116.12,REFUND,REFUNDED,SIMULATED return linked to an AdventureWorks order line,synthetic_extension,1.0.0,BASELINE,20260728,2026-07-28T00:00:00.000Z
RET-000066,SO46702,1,SHP-002233,15116,369,1,8,100,RR-004,2012-01-24,2012-02-02,2012-02-06,1,1,2443.35,2370.05,REFUND,REFUNDED,SIMULATED return linked to an AdventureWorks order line,synthetic_extension,1.0.0,BASELINE,20260728,2026-07-28T00:00:00.000Z
RET-000067,SO46704,1,SHP-002235,13059,370,1,4,100,RR-006,2012-01-29,2012-02-05,2012-02-07,1,1,2443.35,2370.05,REFUND,REFUNDED,SIMULATED return linked to an AdventureWorks order line,synthetic_extension,1.0.0,BASELINE,20260728,2026-07-28T00:00:00.000Z
RET-000068,SO46779,1,SHP-002310,15929,377,1,10,98,RR-006,2012-02-08,2012-02-11,2012-02-13,1,1,2181.56,2116.12,REFUND,REFUNDED,SIMULATED return linked to an AdventureWorks order line,synthetic_extension,1.0.0,BASELINE,20260728,2026-07-28T00:00:00.000Z
RET-000069,SO46801,1,SHP-002332,25094,368,1,6,19,RR-004,2012-02-10,2012-02-15,2012-02-19,1,1,2443.35,2370.05,REFUND,REFUNDED,SIMULATED return linked to an AdventureWorks order line,synthetic_extension,1.0.0,BASELINE,20260728,2026-07-28T00:00:00.000Z
RET-000070,SO46814,1,SHP-002345,13165,371,1,4,100,RR-006,2012-02-04,2012-02-07,2012-02-09,1,1,2181.56,2116.12,REFUND,REFUNDED,SIMULATED return linked to an AdventureWorks order line,synthetic_extension,1.0.0,BASELINE,20260728,2026-07-28T00:00:00.000Z
RET-000071,SO46842,1,SHP-002373,15166,321,1,4,100,RR-003,2012-02-14,2012-02-24,2012-02-27,1,1,782.99,759.5,REFUND,REFUNDED,SIMULATED return linked to an AdventureWorks order line,synthetic_extension,1.0.0,BASELINE,20260728,2026-07-28T00:00:00.000Z
RET-000072,SO46860,1,SHP-002391,21180,371,1,9,6,RR-003,2012-02-05,2012-02-11,2012-02-14,1,1,2181.56,2116.12,REFUND,REFUNDED,SIMULATED return linked to an AdventureWorks order line,synthetic_extension,1.0.0,BASELINE,20260728,2026-07-28T00:00:00.000Z
RET-000073,SO46875,1,SHP-002406,11470,362,1,8,100,RR-005,2012-02-16,2012-02-20,2012-02-21,1,1,2049.1,1987.63,REFUND,REFUNDED,SIMULATED return linked to an AdventureWorks order line,synthetic_extension,1.0.0,BASELINE,20260728,2026-07-28T00:00:00.000Z
RET-000074,SO46897,1,SHP-002428,21179,368,1,9,6,RR-005,2012-02-18,2012-02-26,2012-02-27,1,1,2443.35,2370.05,REFUND,REFUNDED,SIMULATED return linked to an AdventureWorks order line,synthetic_extension,1.0.0,BASELINE,20260728,2026-07-28T00:00:00.000Z
RET-000075,SO46927,1,SHP-002458,12348,362,1,9,6,RR-005,2012-02-16,2012-02-24,2012-02-25,1,1,2049.1,1987.63,REFUND,REFUNDED,SIMULATED return linked to an AdventureWorks order line,synthetic_extension,1.0.0,BASELINE,20260728,2026-07-28T00:00:00.000Z
RET-000076,SO47097,1,SHP-002489,21257,370,1,9,6,RR-006,2012-02-28,2012-03-02,2012-03-04,1,1,2443.35,2370.05,REFUND,REFUNDED,SIMULATED return linked to an AdventureWorks order line,synthetic_extension,1.0.0,BASELINE,20260728,2026-07-28T00:00:00.000Z
RET-000077,SO47111,1,SHP-002503,25100,369,1,6,19,RR-005,2012-03-03,2012-03-11,2012-03-12,1,1,2443.35,2370.05,REFUND,REFUNDED,SIMULATED return linked to an AdventureWorks order line,synthetic_extension,1.0.0,BASELINE,20260728,2026-07-28T00:00:00.000Z
RET-000078,SO47169,1,SHP-002561,26281,352,1,4,100,RR-004,2012-02-24,2012-02-29,2012-03-04,1,1,2071.42,2009.28,REFUND,REFUNDED,SIMULATED return linked to an AdventureWorks order line,synthetic_extension,1.0.0,BASELINE,20260728,2026-07-28T00:00:00.000Z
RET-000079,SO47172,1,SHP-002564,12668,352,1,9,6,RR-004,2012-02-25,2012-03-01,2012-03-05,1,1,2071.42,2009.28,REFUND,REFUNDED,SIMULATED return linked to an AdventureWorks order line,synthetic_extension,1.0.0,BASELINE,20260728,2026-07-28T00:00:00.000Z
RET-000080,SO47231,1,SHP-002623,11564,362,1,8,100,RR-004,2012-03-10,2012-03-15,2012-03-19,1,1,2049.1,1987.63,REFUND,REFUNDED,SIMULATED return linked to an AdventureWorks order line,synthetic_extension,1.0.0,BASELINE,20260728,2026-07-28T00:00:00.000Z
RET-000081,SO47237,1,SHP-002629,28834,368,1,6,100,RR-006,2012-03-05,2012-03-08,2012-03-10,1,1,2443.35,2370.05,REFUND,REFUNDED,SIMULATED return linked to an AdventureWorks order line,synthetic_extension,1.0.0,BASELINE,20260728,2026-07-28T00:00:00.000Z
RET-000082,SO47339,1,SHP-002731,15626,371,1,8,100,RR-005,2012-03-18,2012-03-22,2012-03-23,1,1,2181.56,2116.12,REFUND,REFUNDED,SIMULATED return linked to an AdventureWorks order line,synthetic_extension,1.0.0,BASELINE,20260728,2026-07-28T00:00:00.000Z
RET-000083,SO47496,1,SHP-002777,16470,371,1,10,98,RR-003,2012-04-03,2012-04-09,2012-04-12,1,1,2181.56,2116.12,REFUND,REFUNDED,SIMULATED return linked to an AdventureWorks order line,synthetic_extension,1.0.0,BASELINE,20260728,2026-07-28T00:00:00.000Z
RET-000084,SO47532,1,SHP-002813,24888,383,1,9,6,RR-004,2012-04-05,2012-04-10,2012-04-14,1,1,1000.44,970.42,REFUND,REFUNDED,SIMULATED return linked to an AdventureWorks order line,synthetic_extension,1.0.0,BASELINE,20260728,2026-07-28T00:00:00.000Z
RET-000085,SO47534,1,SHP-002815,26148,329,1,9,6,RR-006,2012-03-30,2012-04-02,2012-04-04,1,1,782.99,759.5,REFUND,REFUNDED,SIMULATED return linked to an AdventureWorks order line,synthetic_extension,1.0.0,BASELINE,20260728,2026-07-28T00:00:00.000Z
RET-000086,SO47549,1,SHP-002830,19256,343,1,7,100,RR-006,2012-04-05,2012-04-12,2012-04-14,1,1,782.99,759.5,REFUND,REFUNDED,SIMULATED return linked to an AdventureWorks order line,synthetic_extension,1.0.0,BASELINE,20260728,2026-07-28T00:00:00.000Z
RET-000087,SO47551,1,SHP-002832,21878,371,1,9,6,RR-005,2012-04-15,2012-04-23,2012-04-24,1,1,2181.56,2116.12,REFUND,REFUNDED,SIMULATED return linked to an AdventureWorks order line,synthetic_extension,1.0.0,BASELINE,20260728,2026-07-28T00:00:00.000Z
RET-000088,SO47596,1,SHP-002877,16199,373,1,8,100,RR-006,2012-04-10,2012-04-13,2012-04-15,1,1,2181.56,2116.12,REFUND,REFUNDED,SIMULATED return linked to an AdventureWorks order line,synthetic_extension,1.0.0,BASELINE,20260728,2026-07-28T00:00:00.000Z
RET-000089,SO47743,1,SHP-002951,12988,362,1,9,6,RR-006,2012-04-19,2012-04-26,2012-04-28,1,1,2049.1,1987.63,REFUND,REFUNDED,SIMULATED return linked to an AdventureWorks order line,synthetic_extension,1.0.0,BASELINE,20260728,2026-07-28T00:00:00.000Z
RET-000090,SO47805,1,SHP-003013,22198,379,1,9,6,RR-003,2012-05-03,2012-05-13,2012-05-16,1,1,2181.56,2116.12,REFUND,REFUNDED,SIMULATED return linked to an AdventureWorks order line,synthetic_extension,1.0.0,BASELINE,20260728,2026-07-28T00:00:00.000Z
RET-000091,SO47821,1,SHP-003029,13038,352,1,9,6,RR-005,2012-05-12,2012-05-16,2012-05-17,1,1,2071.42,2009.28,REFUND,REFUNDED,SIMULATED return linked to an AdventureWorks order line,synthetic_extension,1.0.0,BASELINE,20260728,2026-07-28T00:00:00.000Z
RET-000092,SO47864,1,SHP-003072,21966,373,1,9,6,RR-004,2012-05-08,2012-05-13,2012-05-17,1,1,2181.56,2116.12,REFUND,REFUNDED,SIMULATED return linked to an AdventureWorks order line,synthetic_extension,1.0.0,BASELINE,20260728,2026-07-28T00:00:00.000Z
RET-000093,SO47882,1,SHP-003090,13464,375,1,4,100,RR-004,2012-05-19,2012-05-24,2012-05-28,1,1,2181.56,2116.12,REFUND,REFUNDED,SIMULATED return linked to an AdventureWorks order line,synthetic_extension,1.0.0,BASELINE,20260728,2026-07-28T00:00:00.000Z
RET-000094,SO47937,1,SHP-003145,20549,321,1,8,100,RR-005,2012-05-30,2012-06-03,2012-06-04,1,1,782.99,759.5,REFUND,REFUNDED,SIMULATED return linked to an AdventureWorks order line,synthetic_extension,1.0.0,BASELINE,20260728,2026-07-28T00:00:00.000Z
RET-000095,SO47943,1,SHP-003151,17196,385,1,7,100,RR-004,2012-05-21,2012-05-30,2012-06-03,1,1,1000.44,970.42,REFUND,REFUNDED,SIMULATED return linked to an AdventureWorks order line,synthetic_extension,1.0.0,BASELINE,20260728,2026-07-28T00:00:00.000Z
RET-000096,SO47945,1,SHP-003153,14791,370,1,7,100,RR-006,2012-05-23,2012-05-30,2012-06-01,1,1,2443.35,2370.05,REFUND,REFUNDED,SIMULATED return linked to an AdventureWorks order line,synthetic_extension,1.0.0,BASELINE,20260728,2026-07-28T00:00:00.000Z
RET-000097,SO48111,1,SHP-003186,14112,383,1,4,100,RR-004,2012-06-03,2012-06-08,2012-06-12,1,1,1000.44,970.42,REFUND,REFUNDED,SIMULATED return linked to an AdventureWorks order line,synthetic_extension,1.0.0,BASELINE,20260728,2026-07-28T00:00:00.000Z
RET-000098,SO48140,1,SHP-003215,15374,331,1,4,100,RR-006,2012-06-04,2012-06-07,2012-06-09,1,1,782.99,759.5,REFUND,REFUNDED,SIMULATED return linked to an AdventureWorks order line,synthetic_extension,1.0.0,BASELINE,20260728,2026-07-28T00:00:00.000Z
RET-000099,SO48168,1,SHP-003243,22904,373,1,9,6,RR-004,2012-06-08,2012-06-17,2012-06-21,1,1,2181.56,2116.12,REFUND,REFUNDED,SIMULATED return linked to an AdventureWorks order line,synthetic_extension,1.0.0,BASELINE,20260728,2026-07-28T00:00:00.000Z
RET-000100,SO48196,1,SHP-003271,26440,327,1,9,6,RR-003,2012-06-17,2012-06-27,2012-06-30,1,1,782.99,759.5,REFUND,REFUNDED,SIMULATED return linked to an AdventureWorks order line,synthetic_extension,1.0.0,BASELINE,20260728,2026-07-28T00:00:00.000Z
RET-000101,SO48220,1,SHP-003295,22409,375,1,9,6,RR-003,2012-06-17,2012-06-27,2012-06-30,1,1,2181.56,2116.12,REFUND,REFUNDED,SIMULATED return linked to an AdventureWorks order line,synthetic_extension,1.0.0,BASELINE,20260728,2026-07-28T00:00:00.000Z
RET-000102,SO48247,1,SHP-003322,16390,373,1,8,100,RR-006,2012-06-27,2012-07-04,2012-07-06,1,1,2181.56,2116.12,REFUND,REFUNDED,SIMULATED return linked to an AdventureWorks order line,synthetic_extension,1.0.0,BASELINE,20260728,2026-07-28T00:00:00.000Z
RET-000103,SO48284,1,SHP-003359,22577,377,1,9,6,RR-005,2012-06-27,2012-07-05,2012-07-06,1,1,2181.56,2116.12,REFUND,REFUNDED,SIMULATED return linked to an AdventureWorks order line,synthetic_extension,1.0.0,BASELINE,20260728,2026-07-28T00:00:00.000Z
RET-000104,SO48412,1,SHP-003373,19310,343,1,7,100,RR-006,2012-06-21,2012-06-28,2012-06-30,1,1,782.99,759.5,REFUND,REFUNDED,SIMULATED return linked to an AdventureWorks order line,synthetic_extension,1.0.0,BASELINE,20260728,2026-07-28T00:00:00.000Z
RET-000105,SO48444,1,SHP-003405,26618,362,1,4,100,RR-003,2012-07-03,2012-07-13,2012-07-16,1,1,2049.1,1987.63,REFUND,REFUNDED,SIMULATED return linked to an AdventureWorks order line,synthetic_extension,1.0.0,BASELINE,20260728,2026-07-28T00:00:00.000Z
RET-000106,SO48451,1,SHP-003412,13107,358,1,9,6,RR-005,2012-07-06,2012-07-14,2012-07-15,1,1,2049.1,1987.63,REFUND,REFUNDED,SIMULATED return linked to an AdventureWorks order line,synthetic_extension,1.0.0,BASELINE,20260728,2026-07-28T00:00:00.000Z
RET-000107,SO48551,1,SHP-003512,20833,331,1,8,100,RR-004,2012-06-27,2012-07-02,2012-07-06,1,1,782.99,759.5,REFUND,REFUNDED,SIMULATED return linked to an AdventureWorks order line,synthetic_extension,1.0.0,BASELINE,20260728,2026-07-28T00:00:00.000Z
RET-000108,SO48572,1,SHP-003533,28756,362,1,7,100,RR-005,2012-07-15,2012-07-23,2012-07-24,1,1,2049.1,1987.63,REFUND,REFUNDED,SIMULATED return linked to an AdventureWorks order line,synthetic_extension,1.0.0,BASELINE,20260728,2026-07-28T00:00:00.000Z
RET-000109,SO48661,1,SHP-003622,15467,333,1,4,100,RR-006,2012-07-18,2012-07-21,2012-07-23,1,1,782.99,759.5,REFUND,REFUNDED,SIMULATED return linked to an AdventureWorks order line,synthetic_extension,1.0.0,BASELINE,20260728,2026-07-28T00:00:00.000Z
RET-000110,SO48798,1,SHP-003694,23332,369,1,9,6,RR-003,2012-07-15,2012-07-21,2012-07-24,1,1,2443.35,2370.05,REFUND,REFUNDED,SIMULATED return linked to an AdventureWorks order line,synthetic_extension,1.0.0,BASELINE,20260728,2026-07-28T00:00:00.000Z
RET-000111,SO48803,1,SHP-003699,19416,383,1,10,98,RR-004,2012-07-22,2012-07-27,2012-07-31,1,1,1000.44,970.42,REFUND,REFUNDED,SIMULATED return linked to an AdventureWorks order line,synthetic_extension,1.0.0,BASELINE,20260728,2026-07-28T00:00:00.000Z
RET-000112,SO48805,1,SHP-003701,19318,331,1,7,100,RR-006,2012-07-20,2012-07-23,2012-07-25,1,1,782.99,759.5,REFUND,REFUNDED,SIMULATED return linked to an AdventureWorks order line,synthetic_extension,1.0.0,BASELINE,20260728,2026-07-28T00:00:00.000Z
RET-000113,SO48821,1,SHP-003717,23344,379,1,9,6,RR-004,2012-07-27,2012-08-05,2012-08-09,1,1,2181.56,2116.12,REFUND,REFUNDED,SIMULATED return linked to an AdventureWorks order line,synthetic_extension,1.0.0,BASELINE,20260728,2026-07-28T00:00:00.000Z
RET-000114,SO48877,1,SHP-003773,26657,329,1,9,6,RR-005,2012-08-11,2012-08-19,2012-08-20,1,1,782.99,759.5,REFUND,REFUNDED,SIMULATED return linked to an AdventureWorks order line,synthetic_extension,1.0.0,BASELINE,20260728,2026-07-28T00:00:00.000Z
RET-000115,SO48903,1,SHP-003799,26653,343,1,9,6,RR-005,2012-07-31,2012-08-04,2012-08-05,1,1,782.99,759.5,REFUND,REFUNDED,SIMULATED return linked to an AdventureWorks order line,synthetic_extension,1.0.0,BASELINE,20260728,2026-07-28T00:00:00.000Z
RET-000116,SO48924,1,SHP-003820,26040,368,1,6,19,RR-004,2012-08-09,2012-08-18,2012-08-22,1,1,2443.35,2370.05,REFUND,REFUNDED,SIMULATED return linked to an AdventureWorks order line,synthetic_extension,1.0.0,BASELINE,20260728,2026-07-28T00:00:00.000Z
RET-000117,SO48945,1,SHP-003841,17644,370,1,10,98,RR-003,2012-08-06,2012-08-12,2012-08-15,1,1,2443.35,2370.05,REFUND,REFUNDED,SIMULATED return linked to an AdventureWorks order line,synthetic_extension,1.0.0,BASELINE,20260728,2026-07-28T00:00:00.000Z
RET-000118,SO48961,1,SHP-003857,13619,358,1,9,6,RR-005,2012-08-12,2012-08-20,2012-08-21,1,1,2049.1,1987.63,REFUND,REFUNDED,SIMULATED return linked to an AdventureWorks order line,synthetic_extension,1.0.0,BASELINE,20260728,2026-07-28T00:00:00.000Z
RET-000119,SO49001,1,SHP-003897,29380,356,1,7,100,RR-005,2012-08-27,2012-09-04,2012-09-05,1,1,2071.42,2009.28,REFUND,REFUNDED,SIMULATED return linked to an AdventureWorks order line,synthetic_extension,1.0.0,BASELINE,20260728,2026-07-28T00:00:00.000Z
RET-000120,SO49014,1,SHP-003910,23331,368,1,9,6,RR-003,2012-08-25,2012-09-04,2012-09-07,1,1,2443.35,2370.05,REFUND,REFUNDED,SIMULATED return linked to an AdventureWorks order line,synthetic_extension,1.0.0,BASELINE,20260728,2026-07-28T00:00:00.000Z
RET-000121,SO49036,1,SHP-003932,26731,360,1,4,100,RR-003,2012-08-30,2012-09-05,2012-09-08,1,1,2049.1,1987.63,REFUND,REFUNDED,SIMULATED return linked to an AdventureWorks order line,synthetic_extension,1.0.0,BASELINE,20260728,2026-07-28T00:00:00.000Z
RET-000122,SO49187,1,SHP-003951,23545,379,1,9,6,RR-006,2012-09-03,2012-09-10,2012-09-12,1,1,2181.56,2116.12,REFUND,REFUNDED,SIMULATED return linked to an AdventureWorks order line,synthetic_extension,1.0.0,BASELINE,20260728,2026-07-28T00:00:00.000Z
RET-000123,SO49253,1,SHP-004017,14211,360,1,9,6,RR-006,2012-09-07,2012-09-14,2012-09-16,1,1,2049.1,1987.63,REFUND,REFUNDED,SIMULATED return linked to an AdventureWorks order line,synthetic_extension,1.0.0,BASELINE,20260728,2026-07-28T00:00:00.000Z
RET-000124,SO49265,1,SHP-004029,14050,356,1,9,6,RR-005,2012-09-06,2012-09-14,2012-09-15,1,1,2071.42,2009.28,REFUND,REFUNDED,SIMULATED return linked to an AdventureWorks order line,synthetic_extension,1.0.0,BASELINE,20260728,2026-07-28T00:00:00.000Z
RET-000125,SO49270,1,SHP-004034,29412,352,1,7,100,RR-003,2012-08-24,2012-09-03,2012-09-06,1,1,2071.42,2009.28,REFUND,REFUNDED,SIMULATED return linked to an AdventureWorks order line,synthetic_extension,1.0.0,BASELINE,20260728,2026-07-28T00:00:00.000Z
RET-000126,SO49283,1,SHP-004047,14220,352,1,9,6,RR-005,2012-09-09,2012-09-17,2012-09-18,1,1,2071.42,2009.28,REFUND,REFUNDED,SIMULATED return linked to an AdventureWorks order line,synthetic_extension,1.0.0,BASELINE,20260728,2026-07-28T00:00:00.000Z
RET-000127,SO49342,1,SHP-004106,12599,356,1,10,98,RR-005,2012-09-07,2012-09-11,2012-09-12,1,1,2071.42,2009.28,REFUND,REFUNDED,SIMULATED return linked to an AdventureWorks order line,synthetic_extension,1.0.0,BASELINE,20260728,2026-07-28T00:00:00.000Z
RET-000128,SO49409,1,SHP-004173,13975,358,1,9,6,RR-005,2012-09-23,2012-09-27,2012-09-28,1,1,2049.1,1987.63,REFUND,REFUNDED,SIMULATED return linked to an AdventureWorks order line,synthetic_extension,1.0.0,BASELINE,20260728,2026-07-28T00:00:00.000Z
RET-000129,SO49411,1,SHP-004175,15676,368,1,7,100,RR-006,2012-09-18,2012-09-21,2012-09-23,1,1,2443.35,2370.05,REFUND,REFUNDED,SIMULATED return linked to an AdventureWorks order line,synthetic_extension,1.0.0,BASELINE,20260728,2026-07-28T00:00:00.000Z
RET-000130,SO49434,1,SHP-004198,14357,381,1,4,100,RR-005,2012-09-10,2012-09-18,2012-09-19,1,1,1000.44,970.42,REFUND,REFUNDED,SIMULATED return linked to an AdventureWorks order line,synthetic_extension,1.0.0,BASELINE,20260728,2026-07-28T00:00:00.000Z
RET-000131,SO49553,1,SHP-004211,14302,354,1,9,6,RR-005,2012-09-20,2012-09-28,2012-09-29,1,1,2071.42,2009.28,REFUND,REFUNDED,SIMULATED return linked to an AdventureWorks order line,synthetic_extension,1.0.0,BASELINE,20260728,2026-07-28T00:00:00.000Z
RET-000132,SO49586,1,SHP-004244,12500,352,1,8,100,RR-003,2012-09-18,2012-09-28,2012-10-01,1,1,2071.42,2009.28,REFUND,REFUNDED,SIMULATED return linked to an AdventureWorks order line,synthetic_extension,1.0.0,BASELINE,20260728,2026-07-28T00:00:00.000Z
RET-000133,SO49590,1,SHP-004248,21348,360,1,6,19,RR-006,2012-09-26,2012-10-03,2012-10-05,1,1,2049.1,1987.63,REFUND,REFUNDED,SIMULATED return linked to an AdventureWorks order line,synthetic_extension,1.0.0,BASELINE,20260728,2026-07-28T00:00:00.000Z
RET-000134,SO49606,1,SHP-004264,21034,337,1,10,98,RR-004,2012-09-22,2012-10-01,2012-10-05,1,1,782.99,759.5,REFUND,REFUNDED,SIMULATED return linked to an AdventureWorks order line,synthetic_extension,1.0.0,BASELINE,20260728,2026-07-28T00:00:00.000Z
RET-000135,SO49639,1,SHP-004297,19386,329,1,7,100,RR-006,2012-09-28,2012-10-01,2012-10-03,1,1,782.99,759.5,REFUND,REFUNDED,SIMULATED return linked to an AdventureWorks order line,synthetic_extension,1.0.0,BASELINE,20260728,2026-07-28T00:00:00.000Z
RET-000136,SO49690,1,SHP-004348,24008,375,1,9,6,RR-005,2012-10-05,2012-10-09,2012-10-10,1,1,2181.56,2116.12,REFUND,REFUNDED,SIMULATED return linked to an AdventureWorks order line,synthetic_extension,1.0.0,BASELINE,20260728,2026-07-28T00:00:00.000Z
RET-000137,SO49703,1,SHP-004361,15924,373,1,7,100,RR-004,2012-10-11,2012-10-16,2012-10-20,1,1,2181.56,2116.12,REFUND,REFUNDED,SIMULATED return linked to an AdventureWorks order line,synthetic_extension,1.0.0,BASELINE,20260728,2026-07-28T00:00:00.000Z
RET-000138,SO49705,1,SHP-004363,15925,370,1,7,100,RR-006,2012-10-05,2012-10-08,2012-10-10,1,1,2443.35,2370.05,REFUND,REFUNDED,SIMULATED return linked to an AdventureWorks order line,synthetic_extension,1.0.0,BASELINE,20260728,2026-07-28T00:00:00.000Z
RET-000139,SO49721,1,SHP-004379,12645,356,1,10,98,RR-004,2012-10-02,2012-10-11,2012-10-15,1,1,2071.42,2009.28,REFUND,REFUNDED,SIMULATED return linked to an AdventureWorks order line,synthetic_extension,1.0.0,BASELINE,20260728,2026-07-28T00:00:00.000Z
RET-000140,SO49758,1,SHP-004416,19381,331,1,7,100,RR-004,2012-10-21,2012-10-26,2012-10-30,1,1,782.99,759.5,REFUND,REFUNDED,SIMULATED return linked to an AdventureWorks order line,synthetic_extension,1.0.0,BASELINE,20260728,2026-07-28T00:00:00.000Z
RET-000141,SO49777,1,SHP-004435,27404,335,1,6,19,RR-005,2012-10-20,2012-10-28,2012-10-29,1,1,782.99,759.5,REFUND,REFUNDED,SIMULATED return linked to an AdventureWorks order line,synthetic_extension,1.0.0,BASELINE,20260728,2026-07-28T00:00:00.000Z
RET-000142,SO49812,1,SHP-004470,15677,368,1,7,100,RR-005,2012-10-18,2012-10-22,2012-10-23,1,1,2443.35,2370.05,REFUND,REFUNDED,SIMULATED return linked to an AdventureWorks order line,synthetic_extension,1.0.0,BASELINE,20260728,2026-07-28T00:00:00.000Z
RET-000143,SO49914,1,SHP-004498,15207,356,1,9,6,RR-006,2012-10-18,2012-10-25,2012-10-27,1,1,2071.42,2009.28,REFUND,REFUNDED,SIMULATED return linked to an AdventureWorks order line,synthetic_extension,1.0.0,BASELINE,20260728,2026-07-28T00:00:00.000Z
RET-000144,SO49945,1,SHP-004529,25119,389,1,9,6,RR-004,2012-10-31,2012-11-09,2012-11-13,1,1,1000.44,970.42,REFUND,REFUNDED,SIMULATED return linked to an AdventureWorks order line,synthetic_extension,1.0.0,BASELINE,20260728,2026-07-28T00:00:00.000Z
RET-000145,SO50055,1,SHP-004639,19479,383,1,10,98,RR-004,2012-11-12,2012-11-17,2012-11-21,1,1,1000.44,970.42,REFUND,REFUNDED,SIMULATED return linked to an AdventureWorks order line,synthetic_extension,1.0.0,BASELINE,20260728,2026-07-28T00:00:00.000Z
RET-000146,SO50076,1,SHP-004660,24169,379,1,9,6,RR-005,2012-11-17,2012-11-25,2012-11-26,1,1,2181.56,2116.12,REFUND,REFUNDED,SIMULATED return linked to an AdventureWorks order line,synthetic_extension,1.0.0,BASELINE,20260728,2026-07-28T00:00:00.000Z
RET-000147,SO50150,1,SHP-004734,26919,339,1,9,6,RR-004,2012-11-07,2012-11-12,2012-11-16,1,1,782.99,759.5,REFUND,REFUNDED,SIMULATED return linked to an AdventureWorks order line,synthetic_extension,1.0.0,BASELINE,20260728,2026-07-28T00:00:00.000Z
RET-000148,SO50336,1,SHP-004786,27449,362,1,4,100,RR-006,2012-11-25,2012-11-28,2012-11-30,1,1,2049.1,1987.63,REFUND,REFUNDED,SIMULATED return linked to an AdventureWorks order line,synthetic_extension,1.0.0,BASELINE,20260728,2026-07-28T00:00:00.000Z
RET-000149,SO50375,1,SHP-004825,17830,381,1,7,100,RR-005,2012-11-18,2012-11-22,2012-11-23,1,1,1000.44,970.42,REFUND,REFUNDED,SIMULATED return linked to an AdventureWorks order line,synthetic_extension,1.0.0,BASELINE,20260728,2026-07-28T00:00:00.000Z
RET-000150,SO50419,1,SHP-004869,14453,387,1,1,100,RR-004,2012-11-21,2012-11-30,2012-12-04,1,1,1000.44,970.42,REFUND,REFUNDED,SIMULATED return linked to an AdventureWorks order line,synthetic_extension,1.0.0,BASELINE,20260728,2026-07-28T00:00:00.000Z
RET-000151,SO50436,1,SHP-004886,25133,385,1,9,6,RR-005,2012-12-07,2012-12-15,2012-12-16,1,1,1000.44,970.42,REFUND,REFUNDED,SIMULATED return linked to an AdventureWorks order line,synthetic_extension,1.0.0,BASELINE,20260728,2026-07-28T00:00:00.000Z
RET-000152,SO50441,1,SHP-004891,21104,323,1,10,98,RR-003,2012-11-30,2012-12-06,2012-12-09,1,1,782.99,759.5,REFUND,REFUNDED,SIMULATED return linked to an AdventureWorks order line,synthetic_extension,1.0.0,BASELINE,20260728,2026-07-28T00:00:00.000Z
RET-000153,SO50458,1,SHP-004908,15438,354,1,9,6,RR-005,2012-11-25,2012-11-29,2012-11-30,1,1,2071.42,2009.28,REFUND,REFUNDED,SIMULATED return linked to an AdventureWorks order line,synthetic_extension,1.0.0,BASELINE,20260728,2026-07-28T00:00:00.000Z
RET-000154,SO50500,1,SHP-004950,15425,354,1,9,6,RR-003,2012-12-01,2012-12-11,2012-12-14,1,1,2071.42,2009.28,REFUND,REFUNDED,SIMULATED return linked to an AdventureWorks order line,synthetic_extension,1.0.0,BASELINE,20260728,2026-07-28T00:00:00.000Z
RET-000155,SO50541,1,SHP-004991,12806,362,1,8,100,RR-006,2012-12-21,2012-12-28,2012-12-30,1,1,2049.1,1987.63,REFUND,REFUNDED,SIMULATED return linked to an AdventureWorks order line,synthetic_extension,1.0.0,BASELINE,20260728,2026-07-28T00:00:00.000Z
RET-000156,SO50564,1,SHP-005014,27424,360,1,4,100,RR-005,2012-12-21,2012-12-25,2012-12-26,1,1,2049.1,1987.63,REFUND,REFUNDED,SIMULATED return linked to an AdventureWorks order line,synthetic_extension,1.0.0,BASELINE,20260728,2026-07-28T00:00:00.000Z
RET-000157,SO50587,1,SHP-005037,27262,360,1,1,100,RR-004,2012-12-07,2012-12-12,2012-12-16,1,1,2049.1,1987.63,REFUND,REFUNDED,SIMULATED return linked to an AdventureWorks order line,synthetic_extension,1.0.0,BASELINE,20260728,2026-07-28T00:00:00.000Z
RET-000158,SO50625,1,SHP-005075,24367,369,1,9,6,RR-003,2012-12-26,2013-01-01,2013-01-04,1,1,2443.35,2370.05,REFUND,REFUNDED,SIMULATED return linked to an AdventureWorks order line,synthetic_extension,1.0.0,BASELINE,20260728,2026-07-28T00:00:00.000Z
RET-000159,SO50633,1,SHP-005083,14420,387,1,1,100,RR-006,2012-12-13,2012-12-16,2012-12-18,1,1,1000.44,970.42,REFUND,REFUNDED,SIMULATED return linked to an AdventureWorks order line,synthetic_extension,1.0.0,BASELINE,20260728,2026-07-28T00:00:00.000Z
RET-000160,SO50652,1,SHP-005102,15903,327,1,4,100,RR-005,2012-12-19,2012-12-27,2012-12-28,1,1,782.99,759.5,REFUND,REFUNDED,SIMULATED return linked to an AdventureWorks order line,synthetic_extension,1.0.0,BASELINE,20260728,2026-07-28T00:00:00.000Z
RET-000161,SO50789,1,SHP-005137,13553,352,1,10,98,RR-004,2012-12-29,2013-01-07,2013-01-11,1,1,2071.42,2009.28,REFUND,REFUNDED,SIMULATED return linked to an AdventureWorks order line,synthetic_extension,1.0.0,BASELINE,20260728,2026-07-28T00:00:00.000Z
RET-000162,SO50807,1,SHP-005155,11433,360,1,7,100,RR-005,2012-12-23,2012-12-31,2013-01-01,1,1,2049.1,1987.63,REFUND,REFUNDED,SIMULATED return linked to an AdventureWorks order line,synthetic_extension,1.0.0,BASELINE,20260728,2026-07-28T00:00:00.000Z
RET-000163,SO50877,1,SHP-005225,12863,352,1,8,100,RR-004,2012-12-27,2013-01-05,2013-01-09,1,1,2071.42,2009.28,REFUND,REFUNDED,SIMULATED return linked to an AdventureWorks order line,synthetic_extension,1.0.0,BASELINE,20260728,2026-07-28T00:00:00.000Z
RET-000164,SO50897,1,SHP-005245,11432,352,1,7,100,RR-006,2013-01-04,2013-01-07,2013-01-09,1,1,2071.42,2009.28,REFUND,REFUNDED,SIMULATED return linked to an AdventureWorks order line,synthetic_extension,1.0.0,BASELINE,20260728,2026-07-28T00:00:00.000Z
RET-000165,SO50928,1,SHP-005276,24592,371,1,9,6,RR-005,2012-12-31,2013-01-08,2013-01-09,1,1,2181.56,2116.12,REFUND,REFUNDED,SIMULATED return linked to an AdventureWorks order line,synthetic_extension,1.0.0,BASELINE,20260728,2026-07-28T00:00:00.000Z
RET-000166,SO50953,1,SHP-005301,14464,387,1,4,100,RR-003,2013-01-03,2013-01-09,2013-01-12,1,1,1000.44,970.42,REFUND,REFUNDED,SIMULATED return linked to an AdventureWorks order line,synthetic_extension,1.0.0,BASELINE,20260728,2026-07-28T00:00:00.000Z
RET-000167,SO50990,1,SHP-005338,24505,377,1,9,6,RR-004,2013-01-06,2013-01-15,2013-01-19,1,1,2181.56,2116.12,REFUND,REFUNDED,SIMULATED return linked to an AdventureWorks order line,synthetic_extension,1.0.0,BASELINE,20260728,2026-07-28T00:00:00.000Z
RET-000168,SO51009,1,SHP-005357,16029,354,1,9,6,RR-004,2013-01-04,2013-01-09,2013-01-13,1,1,2071.42,2009.28,REFUND,REFUNDED,SIMULATED return linked to an AdventureWorks order line,synthetic_extension,1.0.0,BASELINE,20260728,2026-07-28T00:00:00.000Z
RET-000169,SO51027,1,SHP-005375,15765,358,1,9,6,RR-004,2013-01-12,2013-01-17,2013-01-21,1,1,2049.1,1987.63,REFUND,REFUNDED,SIMULATED return linked to an AdventureWorks order line,synthetic_extension,1.0.0,BASELINE,20260728,2026-07-28T00:00:00.000Z
RET-000170,SO51031,1,SHP-005379,13562,360,1,10,98,RR-005,2013-01-13,2013-01-17,2013-01-18,1,1,2049.1,1987.63,REFUND,REFUNDED,SIMULATED return linked to an AdventureWorks order line,synthetic_extension,1.0.0,BASELINE,20260728,2026-07-28T00:00:00.000Z
RET-000171,SO51187,1,SHP-005440,22261,606,1,4,100,RR-003,2013-01-22,2013-02-01,2013-02-04,1,1,539.99,523.79,REFUND,REFUNDED,SIMULATED return linked to an AdventureWorks order line,synthetic_extension,1.0.0,BASELINE,20260728,2026-07-28T00:00:00.000Z
RET-000172,SO51187,2,SHP-005440,22261,538,4,4,100,RR-004,2013-01-21,2013-01-26,2013-01-30,1,1,21.49,20.85,REFUND,REFUNDED,SIMULATED return linked to an AdventureWorks order line,synthetic_extension,1.0.0,BASELINE,20260728,2026-07-28T00:00:00.000Z
RET-000173,SO51192,1,SHP-005445,11241,363,1,7,100,RR-005,2013-01-27,2013-02-04,2013-02-05,1,1,2294.99,2226.14,REFUND,REFUNDED,SIMULATED return linked to an AdventureWorks order line,synthetic_extension,1.0.0,BASELINE,20260728,2026-07-28T00:00:00.000Z
RET-000174,SO51212,2,SHP-005465,24604,539,4,9,6,RR-005,2013-01-21,2013-01-25,2013-01-26,1,1,24.99,24.24,REFUND,REFUNDED,SIMULATED return linked to an AdventureWorks order line,synthetic_extension,1.0.0,BASELINE,20260728,2026-07-28T00:00:00.000Z
RET-000175,SO51212,4,SHP-005465,24604,214,4,9,6,RR-003,2013-01-19,2013-01-29,2013-02-01,1,1,34.99,33.94,REFUND,REFUNDED,SIMULATED return linked to an AdventureWorks order line,synthetic_extension,1.0.0,BASELINE,20260728,2026-07-28T00:00:00.000Z
RET-000176,SO51212,5,SHP-005465,24604,488,3,9,6,RR-006,2013-01-20,2013-01-27,2013-01-29,1,1,53.99,52.37,REFUND,REFUNDED,SIMULATED return linked to an AdventureWorks order line,synthetic_extension,1.0.0,BASELINE,20260728,2026-07-28T00:00:00.000Z
RET-000177,SO51215,1,SHP-005468,11108,361,1,9,6,RR-005,2013-01-22,2013-01-26,2013-01-27,1,1,2294.99,2226.14,REFUND,REFUNDED,SIMULATED return linked to an AdventureWorks order line,synthetic_extension,1.0.0,BASELINE,20260728,2026-07-28T00:00:00.000Z
RET-000178,SO51215,2,SHP-005468,11108,537,4,9,6,RR-006,2013-01-25,2013-01-28,2013-01-30,1,1,35,33.95,REFUND,REFUNDED,SIMULATED return linked to an AdventureWorks order line,synthetic_extension,1.0.0,BASELINE,20260728,2026-07-28T00:00:00.000Z
RET-000179,SO51228,1,SHP-005481,11402,355,1,7,100,RR-005,2013-01-21,2013-01-29,2013-01-30,1,1,2319.99,2250.39,REFUND,REFUNDED,SIMULATED return linked to an AdventureWorks order line,synthetic_extension,1.0.0,BASELINE,20260728,2026-07-28T00:00:00.000Z
RET-000180,SO51228,3,SHP-005481,11402,478,4,7,100,RR-003,2013-01-23,2013-02-02,2013-02-05,1,1,9.99,9.69,REFUND,REFUNDED,SIMULATED return linked to an AdventureWorks order line,synthetic_extension,1.0.0,BASELINE,20260728,2026-07-28T00:00:00.000Z
RET-000181,SO51228,4,SHP-005481,11402,487,4,7,100,RR-004,2013-01-26,2013-02-04,2013-02-08,1,1,54.99,53.34,REFUND,REFUNDED,SIMULATED return linked to an AdventureWorks order line,synthetic_extension,1.0.0,BASELINE,20260728,2026-07-28T00:00:00.000Z
RET-000182,SO51228,5,SHP-005481,11402,225,3,7,100,RR-005,2013-01-25,2013-01-29,2013-01-30,1,1,8.99,8.72,REFUND,REFUNDED,SIMULATED return linked to an AdventureWorks order line,synthetic_extension,1.0.0,BASELINE,20260728,2026-07-28T00:00:00.000Z
RET-000183,SO51233,1,SHP-005486,18467,583,1,9,6,RR-005,2013-01-29,2013-02-06,2013-02-07,1,1,1700.99,1649.96,REFUND,REFUNDED,SIMULATED return linked to an AdventureWorks order line,synthetic_extension,1.0.0,BASELINE,20260728,2026-07-28T00:00:00.000Z
RET-000184,SO51250,4,SHP-005503,19360,489,3,10,98,RR-002,2013-01-25,2013-01-29,2013-01-30,1,1,53.99,52.37,REFUND,REFUNDED,SIMULATED return linked to an AdventureWorks order line,synthetic_extension,1.0.0,BASELINE,20260728,2026-07-28T00:00:00.000Z
RET-000185,SO51251,1,SHP-005504,11433,374,1,7,100,RR-005,2013-01-22,2013-01-26,2013-01-27,1,1,2443.35,2370.05,REFUND,REFUNDED,SIMULATED return linked to an AdventureWorks order line,synthetic_extension,1.0.0,BASELINE,20260728,2026-07-28T00:00:00.000Z
RET-000186,SO51285,1,SHP-005538,12397,353,1,8,100,RR-006,2013-01-21,2013-01-24,2013-01-26,1,1,2319.99,2250.39,REFUND,REFUNDED,SIMULATED return linked to an AdventureWorks order line,synthetic_extension,1.0.0,BASELINE,20260728,2026-07-28T00:00:00.000Z
RET-000187,SO51285,2,SHP-005538,12397,478,4,8,100,RR-005,2013-02-05,2013-02-09,2013-02-10,1,1,9.99,9.69,REFUND,REFUNDED,SIMULATED return linked to an AdventureWorks order line,synthetic_extension,1.0.0,BASELINE,20260728,2026-07-28T00:00:00.000Z
RET-000188,SO51327,3,SHP-005580,27745,472,3,9,6,RR-005,2013-01-31,2013-02-08,2013-02-09,1,1,63.5,61.59,REFUND,REFUNDED,SIMULATED return linked to an AdventureWorks order line,synthetic_extension,1.0.0,BASELINE,20260728,2026-07-28T00:00:00.000Z
RET-000189,SO51360,1,SHP-005613,11388,357,1,10,98,RR-004,2013-01-29,2013-02-07,2013-02-11,1,1,2319.99,2250.39,REFUND,REFUNDED,SIMULATED return linked to an AdventureWorks order line,synthetic_extension,1.0.0,BASELINE,20260728,2026-07-28T00:00:00.000Z
RET-000190,SO51360,2,SHP-005613,11388,478,4,10,98,RR-003,2013-01-30,2013-02-05,2013-02-08,1,1,9.99,9.69,REFUND,REFUNDED,SIMULATED return linked to an AdventureWorks order line,synthetic_extension,1.0.0,BASELINE,20260728,2026-07-28T00:00:00.000Z
RET-000191,SO51360,3,SHP-005613,11388,477,4,10,98,RR-006,2013-01-31,2013-02-03,2013-02-05,1,1,4.99,4.84,REFUND,REFUNDED,SIMULATED return linked to an AdventureWorks order line,synthetic_extension,1.0.0,BASELINE,20260728,2026-07-28T00:00:00.000Z
RET-000192,SO51360,4,SHP-005613,11388,484,4,10,98,RR-005,2013-01-24,2013-02-01,2013-02-02,1,1,7.95,7.71,REFUND,REFUNDED,SIMULATED return linked to an AdventureWorks order line,synthetic_extension,1.0.0,BASELINE,20260728,2026-07-28T00:00:00.000Z
RET-000193,SO51385,2,SHP-005638,11070,528,4,9,6,RR-004,2013-02-04,2013-02-09,2013-02-13,1,1,4.99,4.84,REFUND,REFUNDED,SIMULATED return linked to an AdventureWorks order line,synthetic_extension,1.0.0,BASELINE,20260728,2026-07-28T00:00:00.000Z
RET-000194,SO51385,3,SHP-005638,11070,537,4,9,6,RR-005,2013-02-03,2013-02-11,2013-02-12,1,1,35,33.95,REFUND,REFUNDED,SIMULATED return linked to an AdventureWorks order line,synthetic_extension,1.0.0,BASELINE,20260728,2026-07-28T00:00:00.000Z
RET-000195,SO51393,2,SHP-005646,16394,214,4,7,100,RR-005,2013-02-01,2013-02-09,2013-02-10,1,1,34.99,33.94,REFUND,REFUNDED,SIMULATED return linked to an AdventureWorks order line,synthetic_extension,1.0.0,BASELINE,20260728,2026-07-28T00:00:00.000Z
RET-000196,SO51405,1,SHP-005658,21438,584,1,4,100,RR-004,2013-01-24,2013-01-29,2013-02-02,1,1,539.99,523.79,REFUND,REFUNDED,SIMULATED return linked to an AdventureWorks order line,synthetic_extension,1.0.0,BASELINE,20260728,2026-07-28T00:00:00.000Z
RET-000197,SO51405,2,SHP-005658,21438,538,4,4,100,RR-003,2013-01-25,2013-02-04,2013-02-07,1,1,21.49,20.85,REFUND,REFUNDED,SIMULATED return linked to an AdventureWorks order line,synthetic_extension,1.0.0,BASELINE,20260728,2026-07-28T00:00:00.000Z
RET-000198,SO51426,2,SHP-005679,18217,214,4,9,6,RR-006,2013-02-13,2013-02-20,2013-02-22,1,1,34.99,33.94,REFUND,REFUNDED,SIMULATED return linked to an AdventureWorks order line,synthetic_extension,1.0.0,BASELINE,20260728,2026-07-28T00:00:00.000Z
RET-000199,SO51445,3,SHP-005698,11088,463,3,4,100,RR-006,2013-02-07,2013-02-10,2013-02-12,1,1,24.49,23.76,REFUND,REFUNDED,SIMULATED return linked to an AdventureWorks order line,synthetic_extension,1.0.0,BASELINE,20260728,2026-07-28T00:00:00.000Z
RET-000200,SO51494,2,SHP-005747,26311,225,3,1,100,RR-005,2013-02-06,2013-02-14,2013-02-15,1,1,8.99,8.72,REFUND,REFUNDED,SIMULATED return linked to an AdventureWorks order line,synthetic_extension,1.0.0,BASELINE,20260728,2026-07-28T00:00:00.000Z
RET-000201,SO51500,4,SHP-005753,21014,488,3,7,100,RR-005,2013-02-17,2013-02-25,2013-02-26,1,1,53.99,52.37,REFUND,REFUNDED,SIMULATED return linked to an AdventureWorks order line,synthetic_extension,1.0.0,BASELINE,20260728,2026-07-28T00:00:00.000Z
RET-000202,SO51515,1,SHP-005768,16391,374,1,7,100,RR-006,2013-02-20,2013-02-23,2013-02-25,1,1,2443.35,2370.05,REFUND,REFUNDED,SIMULATED return linked to an AdventureWorks order line,synthetic_extension,1.0.0,BASELINE,20260728,2026-07-28T00:00:00.000Z
RET-000203,SO51525,2,SHP-005778,27799,488,3,10,98,RR-001,2013-02-07,2013-02-16,2013-02-20,1,1,53.99,52.37,REFUND,REFUNDED,SIMULATED return linked to an AdventureWorks order line,synthetic_extension,1.0.0,BASELINE,20260728,2026-07-28T00:00:00.000Z
RET-000204,SO51560,2,SHP-005813,19271,214,4,9,6,RR-005,2013-02-17,2013-02-25,2013-02-26,1,1,34.99,33.94,REFUND,REFUNDED,SIMULATED return linked to an AdventureWorks order line,synthetic_extension,1.0.0,BASELINE,20260728,2026-07-28T00:00:00.000Z
RET-000205,SO51582,1,SHP-005835,11052,363,1,9,6,RR-006,2013-02-21,2013-02-24,2013-02-26,1,1,2294.99,2226.14,REFUND,REFUNDED,SIMULATED return linked to an AdventureWorks order line,synthetic_extension,1.0.0,BASELINE,20260728,2026-07-28T00:00:00.000Z
RET-000206,SO51582,2,SHP-005835,11052,528,4,9,6,RR-005,2013-02-18,2013-02-22,2013-02-23,1,1,4.99,4.84,REFUND,REFUNDED,SIMULATED return linked to an AdventureWorks order line,synthetic_extension,1.0.0,BASELINE,20260728,2026-07-28T00:00:00.000Z
RET-000207,SO51582,3,SHP-005835,11052,537,4,9,6,RR-004,2013-02-19,2013-02-28,2013-03-04,1,1,35,33.95,REFUND,REFUNDED,SIMULATED return linked to an AdventureWorks order line,synthetic_extension,1.0.0,BASELINE,20260728,2026-07-28T00:00:00.000Z
RET-000208,SO51582,4,SHP-005835,11052,480,4,9,6,RR-003,2013-02-16,2013-02-26,2013-03-01,1,1,2.29,2.22,REFUND,REFUNDED,SIMULATED return linked to an AdventureWorks order line,synthetic_extension,1.0.0,BASELINE,20260728,2026-07-28T00:00:00.000Z
RET-000209,SO51602,1,SHP-005855,11439,575,1,7,100,RR-005,2013-02-08,2013-02-16,2013-02-17,1,1,2384.07,2312.55,REFUND,REFUNDED,SIMULATED return linked to an AdventureWorks order line,synthetic_extension,1.0.0,BASELINE,20260728,2026-07-28T00:00:00.000Z
RET-000210,SO51602,2,SHP-005855,11439,214,4,7,100,RR-006,2013-02-11,2013-02-18,2013-02-20,1,1,34.99,33.94,REFUND,REFUNDED,SIMULATED return linked to an AdventureWorks order line,synthetic_extension,1.0.0,BASELINE,20260728,2026-07-28T00:00:00.000Z
RET-000211,SO51611,4,SHP-005864,18902,488,3,9,6,RR-004,2013-02-10,2013-02-15,2013-02-19,1,1,53.99,52.37,REFUND,REFUNDED,SIMULATED return linked to an AdventureWorks order line,synthetic_extension,1.0.0,BASELINE,20260728,2026-07-28T00:00:00.000Z
RET-000212,SO51620,1,SHP-005873,21040,583,1,10,98,RR-005,2013-02-26,2013-03-02,2013-03-03,1,1,1700.99,1649.96,REFUND,REFUNDED,SIMULATED return linked to an AdventureWorks order line,synthetic_extension,1.0.0,BASELINE,20260728,2026-07-28T00:00:00.000Z
RET-000213,SO51620,4,SHP-005873,21040,488,3,10,98,RR-001,2013-02-23,2013-02-28,2013-03-04,1,1,53.99,52.37,REFUND,REFUNDED,SIMULATED return linked to an AdventureWorks order line,synthetic_extension,1.0.0,BASELINE,20260728,2026-07-28T00:00:00.000Z
RET-000214,SO51639,1,SHP-005892,15630,590,1,10,98,RR-003,2013-02-25,2013-03-03,2013-03-06,1,1,769.49,746.41,REFUND,REFUNDED,SIMULATED return linked to an AdventureWorks order line,synthetic_extension,1.0.0,BASELINE,20260728,2026-07-28T00:00:00.000Z
RET-000215,SO51639,2,SHP-005892,15630,536,4,10,98,RR-004,2013-02-24,2013-03-05,2013-03-09,1,1,29.99,29.09,REFUND,REFUNDED,SIMULATED return linked to an AdventureWorks order line,synthetic_extension,1.0.0,BASELINE,20260728,2026-07-28T00:00:00.000Z
RET-000216,SO51639,3,SHP-005892,15630,528,4,10,98,RR-005,2013-02-23,2013-02-27,2013-02-28,1,1,4.99,4.84,REFUND,REFUNDED,SIMULATED return linked to an AdventureWorks order line,synthetic_extension,1.0.0,BASELINE,20260728,2026-07-28T00:00:00.000Z
RET-000217,SO51663,1,SHP-005916,16327,374,1,8,100,RR-006,2013-02-26,2013-03-01,2013-03-03,1,1,2443.35,2370.05,REFUND,REFUNDED,SIMULATED return linked to an AdventureWorks order line,synthetic_extension,1.0.0,BASELINE,20260728,2026-07-28T00:00:00.000Z
RET-000218,SO51663,2,SHP-005916,16327,479,4,8,100,RR-005,2013-02-23,2013-02-27,2013-02-28,1,1,8.99,8.72,REFUND,REFUNDED,SIMULATED return linked to an AdventureWorks order line,synthetic_extension,1.0.0,BASELINE,20260728,2026-07-28T00:00:00.000Z
RET-000219,SO51663,3,SHP-005916,16327,477,4,8,100,RR-004,2013-02-24,2013-03-05,2013-03-09,1,1,4.99,4.84,REFUND,REFUNDED,SIMULATED return linked to an AdventureWorks order line,synthetic_extension,1.0.0,BASELINE,20260728,2026-07-28T00:00:00.000Z
RET-000220,SO51663,4,SHP-005916,16327,225,3,8,100,RR-002,2013-02-21,2013-03-03,2013-03-06,1,1,8.99,8.72,REFUND,REFUNDED,SIMULATED return linked to an AdventureWorks order line,synthetic_extension,1.0.0,BASELINE,20260728,2026-07-28T00:00:00.000Z
RET-000221,SO51675,1,SHP-005928,15548,598,1,4,100,RR-003,2013-02-15,2013-02-21,2013-02-24,1,1,539.99,523.79,REFUND,REFUNDED,SIMULATED return linked to an AdventureWorks order line,synthetic_extension,1.0.0,BASELINE,20260728,2026-07-28T00:00:00.000Z
RET-000222,SO51675,2,SHP-005928,15548,478,4,4,100,RR-004,2013-02-14,2013-02-23,2013-02-27,1,1,9.99,9.69,REFUND,REFUNDED,SIMULATED return linked to an AdventureWorks order line,synthetic_extension,1.0.0,BASELINE,20260728,2026-07-28T00:00:00.000Z
RET-000223,SO51675,3,SHP-005928,15548,477,4,4,100,RR-005,2013-02-13,2013-02-17,2013-02-18,1,1,4.99,4.84,REFUND,REFUNDED,SIMULATED return linked to an AdventureWorks order line,synthetic_extension,1.0.0,BASELINE,20260728,2026-07-28T00:00:00.000Z
RET-000224,SO51679,3,SHP-005932,11090,463,3,4,100,RR-005,2013-02-25,2013-03-05,2013-03-06,1,1,24.49,23.76,REFUND,REFUNDED,SIMULATED return linked to an AdventureWorks order line,synthetic_extension,1.0.0,BASELINE,20260728,2026-07-28T00:00:00.000Z
RET-000225,SO51683,1,SHP-005936,11095,359,1,9,6,RR-004,2013-02-13,2013-02-22,2013-02-26,1,1,2294.99,2226.14,REFUND,REFUNDED,SIMULATED return linked to an AdventureWorks order line,synthetic_extension,1.0.0,BASELINE,20260728,2026-07-28T00:00:00.000Z
RET-000226,SO51683,2,SHP-005936,11095,478,4,9,6,RR-003,2013-02-14,2013-02-20,2013-02-23,1,1,9.99,9.69,REFUND,REFUNDED,SIMULATED return linked to an AdventureWorks order line,synthetic_extension,1.0.0,BASELINE,20260728,2026-07-28T00:00:00.000Z
RET-000227,SO51683,3,SHP-005936,11095,477,4,9,6,RR-006,2013-02-15,2013-02-18,2013-02-20,1,1,4.99,4.84,REFUND,REFUNDED,SIMULATED return linked to an AdventureWorks order line,synthetic_extension,1.0.0,BASELINE,20260728,2026-07-28T00:00:00.000Z
RET-000228,SO51683,4,SHP-005936,11095,489,3,9,6,RR-002,2013-02-26,2013-03-06,2013-03-07,1,1,53.99,52.37,REFUND,REFUNDED,SIMULATED return linked to an AdventureWorks order line,synthetic_extension,1.0.0,BASELINE,20260728,2026-07-28T00:00:00.000Z
RET-000229,SO51888,1,SHP-005955,29079,529,4,4,100,RR-005,2013-02-23,2013-02-27,2013-02-28,1,1,3.99,3.87,REFUND,REFUNDED,SIMULATED return linked to an AdventureWorks order line,synthetic_extension,1.0.0,BASELINE,20260728,2026-07-28T00:00:00.000Z
RET-000230,SO51888,2,SHP-005955,29079,214,4,4,100,RR-006,2013-02-26,2013-03-01,2013-03-03,1,1,34.99,33.94,REFUND,REFUNDED,SIMULATED return linked to an AdventureWorks order line,synthetic_extension,1.0.0,BASELINE,20260728,2026-07-28T00:00:00.000Z
RET-000231,SO51888,3,SHP-005955,29079,473,3,4,100,RR-003,2013-02-25,2013-03-03,2013-03-06,1,1,63.5,61.59,REFUND,REFUNDED,SIMULATED return linked to an AdventureWorks order line,synthetic_extension,1.0.0,BASELINE,20260728,2026-07-28T00:00:00.000Z
RET-000232,SO51889,2,SHP-005956,27659,490,3,1,100,RR-003,2013-02-10,2013-02-20,2013-02-23,1,1,53.99,52.37,REFUND,REFUNDED,SIMULATED return linked to an AdventureWorks order line,synthetic_extension,1.0.0,BASELINE,20260728,2026-07-28T00:00:00.000Z
RET-000233,SO51891,1,SHP-005958,24940,540,4,4,100,RR-003,2013-02-14,2013-02-20,2013-02-23,1,1,32.6,31.62,REFUND,REFUNDED,SIMULATED return linked to an AdventureWorks order line,synthetic_extension,1.0.0,BASELINE,20260728,2026-07-28T00:00:00.000Z
RET-000234,SO51907,2,SHP-005974,16192,463,3,10,98,RR-004,2013-02-27,2013-03-04,2013-03-08,1,1,24.49,23.76,REFUND,REFUNDED,SIMULATED return linked to an AdventureWorks order line,synthetic_extension,1.0.0,BASELINE,20260728,2026-07-28T00:00:00.000Z
RET-000235,SO51919,1,SHP-005986,22284,606,1,4,100,RR-006,2013-02-11,2013-02-14,2013-02-16,1,1,539.99,523.79,REFUND,REFUNDED,SIMULATED return linked to an AdventureWorks order line,synthetic_extension,1.0.0,BASELINE,20260728,2026-07-28T00:00:00.000Z
RET-000236,SO51919,2,SHP-005986,22284,538,4,4,100,RR-005,2013-02-22,2013-02-26,2013-02-27,1,1,21.49,20.85,REFUND,REFUNDED,SIMULATED return linked to an AdventureWorks order line,synthetic_extension,1.0.0,BASELINE,20260728,2026-07-28T00:00:00.000Z
RET-000237,SO51919,3,SHP-005986,22284,529,4,4,100,RR-004,2013-02-27,2013-03-08,2013-03-12,1,1,3.99,3.87,REFUND,REFUNDED,SIMULATED return linked to an AdventureWorks order line,synthetic_extension,1.0.0,BASELINE,20260728,2026-07-28T00:00:00.000Z
RET-000238,SO51936,1,SHP-006003,11287,540,4,6,19,RR-003,2013-02-23,2013-03-05,2013-03-08,1,1,32.6,31.62,REFUND,REFUNDED,SIMULATED return linked to an AdventureWorks order line,synthetic_extension,1.0.0,BASELINE,20260728,2026-07-28T00:00:00.000Z
RET-000239,SO51936,2,SHP-006003,11287,529,4,6,19,RR-004,2013-02-22,2013-02-27,2013-03-03,1,1,3.99,3.87,REFUND,REFUNDED,SIMULATED return linked to an AdventureWorks order line,synthetic_extension,1.0.0,BASELINE,20260728,2026-07-28T00:00:00.000Z
RET-000240,SO51936,3,SHP-006003,11287,214,4,6,19,RR-005,2013-02-21,2013-03-01,2013-03-02,1,1,34.99,33.94,REFUND,REFUNDED,SIMULATED return linked to an AdventureWorks order line,synthetic_extension,1.0.0,BASELINE,20260728,2026-07-28T00:00:00.000Z
RET-000241,SO51936,4,SHP-006003,11287,463,3,6,19,RR-001,2013-02-28,2013-03-03,2013-03-05,1,1,24.49,23.76,REFUND,REFUNDED,SIMULATED return linked to an AdventureWorks order line,synthetic_extension,1.0.0,BASELINE,20260728,2026-07-28T00:00:00.000Z
RET-000242,SO51966,5,SHP-006033,13540,225,3,8,100,RR-001,2013-02-16,2013-02-25,2013-03-01,1,1,8.99,8.72,REFUND,REFUNDED,SIMULATED return linked to an AdventureWorks order line,synthetic_extension,1.0.0,BASELINE,20260728,2026-07-28T00:00:00.000Z
RET-000243,SO51977,1,SHP-006044,18191,225,3,9,6,RR-006,2013-03-04,2013-03-11,2013-03-13,1,1,8.99,8.72,REFUND,REFUNDED,SIMULATED return linked to an AdventureWorks order line,synthetic_extension,1.0.0,BASELINE,20260728,2026-07-28T00:00:00.000Z
RET-000244,SO51997,1,SHP-006064,18174,528,4,7,100,RR-004,2013-02-24,2013-03-01,2013-03-05,1,1,4.99,4.84,REFUND,REFUNDED,SIMULATED return linked to an AdventureWorks order line,synthetic_extension,1.0.0,BASELINE,20260728,2026-07-28T00:00:00.000Z
RET-000245,SO51997,2,SHP-006064,18174,480,4,7,100,RR-003,2013-02-25,2013-03-07,2013-03-10,1,1,2.29,2.22,REFUND,REFUNDED,SIMULATED return linked to an AdventureWorks order line,synthetic_extension,1.0.0,BASELINE,20260728,2026-07-28T00:00:00.000Z
RET-000246,SO52033,1,SHP-006100,16427,589,1,10,98,RR-006,2013-02-21,2013-02-28,2013-03-02,1,1,769.49,746.41,REFUND,REFUNDED,SIMULATED return linked to an AdventureWorks order line,synthetic_extension,1.0.0,BASELINE,20260728,2026-07-28T00:00:00.000Z
RET-000247,SO52033,3,SHP-006100,16427,477,4,10,98,RR-004,2013-02-19,2013-02-24,2013-02-28,1,1,4.99,4.84,REFUND,REFUNDED,SIMULATED return linked to an AdventureWorks order line,synthetic_extension,1.0.0,BASELINE,20260728,2026-07-28T00:00:00.000Z
RET-000248,SO52033,4,SHP-006100,16427,225,3,10,98,RR-003,2013-02-24,2013-03-02,2013-03-05,1,1,8.99,8.72,REFUND,REFUNDED,SIMULATED return linked to an AdventureWorks order line,synthetic_extension,1.0.0,BASELINE,20260728,2026-07-28T00:00:00.000Z
RET-000249,SO52072,1,SHP-006139,11113,478,4,9,6,RR-003,2013-02-18,2013-02-28,2013-03-03,1,1,9.99,9.69,REFUND,REFUNDED,SIMULATED return linked to an AdventureWorks order line,synthetic_extension,1.0.0,BASELINE,20260728,2026-07-28T00:00:00.000Z
RET-000250,SO52072,2,SHP-006139,11113,477,4,9,6,RR-004,2013-02-17,2013-02-22,2013-02-26,1,1,4.99,4.84,REFUND,REFUNDED,SIMULATED return linked to an AdventureWorks order line,synthetic_extension,1.0.0,BASELINE,20260728,2026-07-28T00:00:00.000Z
RET-000251,SO52072,3,SHP-006139,11113,217,4,9,6,RR-005,2013-02-16,2013-02-24,2013-02-25,1,1,34.99,33.94,REFUND,REFUNDED,SIMULATED return linked to an AdventureWorks order line,synthetic_extension,1.0.0,BASELINE,20260728,2026-07-28T00:00:00.000Z
RET-000252,SO52080,1,SHP-006147,23690,536,4,4,100,RR-004,2013-02-27,2013-03-04,2013-03-08,1,1,29.99,29.09,REFUND,REFUNDED,SIMULATED return linked to an AdventureWorks order line,synthetic_extension,1.0.0,BASELINE,20260728,2026-07-28T00:00:00.000Z
RET-000253,SO52080,2,SHP-006147,23690,481,3,4,100,RR-003,2013-02-28,2013-03-10,2013-03-13,1,1,8.99,8.72,REFUND,REFUNDED,SIMULATED return linked to an AdventureWorks order line,synthetic_extension,1.0.0,BASELINE,20260728,2026-07-28T00:00:00.000Z
RET-000254,SO52116,1,SHP-006183,27968,530,4,9,6,RR-004,2013-02-23,2013-03-04,2013-03-08,1,1,4.99,4.84,REFUND,REFUNDED,SIMULATED return linked to an AdventureWorks order line,synthetic_extension,1.0.0,BASELINE,20260728,2026-07-28T00:00:00.000Z
RET-000255,SO52116,2,SHP-006183,27968,214,4,9,6,RR-003,2013-02-24,2013-03-02,2013-03-05,1,1,34.99,33.94,REFUND,REFUNDED,SIMULATED return linked to an AdventureWorks order line,synthetic_extension,1.0.0,BASELINE,20260728,2026-07-28T00:00:00.000Z
RET-000256,SO52141,1,SHP-006208,26989,538,4,8,100,RR-004,2013-02-23,2013-03-04,2013-03-08,1,1,21.49,20.85,REFUND,REFUNDED,SIMULATED return linked to an AdventureWorks order line,synthetic_extension,1.0.0,BASELINE,20260728,2026-07-28T00:00:00.000Z
RET-000257,SO52141,2,SHP-006208,26989,529,4,8,100,RR-003,2013-02-24,2013-03-02,2013-03-05,1,1,3.99,3.87,REFUND,REFUNDED,SIMULATED return linked to an AdventureWorks order line,synthetic_extension,1.0.0,BASELINE,20260728,2026-07-28T00:00:00.000Z
RET-000258,SO52178,3,SHP-006245,16870,467,3,6,19,RR-001,2013-02-20,2013-02-23,2013-02-25,1,1,24.49,23.76,REFUND,REFUNDED,SIMULATED return linked to an AdventureWorks order line,synthetic_extension,1.0.0,BASELINE,20260728,2026-07-28T00:00:00.000Z
RET-000259,SO52179,1,SHP-006246,23249,478,4,1,100,RR-005,2013-03-04,2013-03-12,2013-03-13,1,1,9.99,9.69,REFUND,REFUNDED,SIMULATED return linked to an AdventureWorks order line,synthetic_extension,1.0.0,BASELINE,20260728,2026-07-28T00:00:00.000Z
RET-000260,SO52208,1,SHP-006275,21603,606,1,1,100,RR-006,2013-03-02,2013-03-09,2013-03-11,1,1,539.99,523.79,REFUND,REFUNDED,SIMULATED return linked to an AdventureWorks order line,synthetic_extension,1.0.0,BASELINE,20260728,2026-07-28T00:00:00.000Z
RET-000261,SO52208,2,SHP-006275,21603,538,4,1,100,RR-005,2013-02-27,2013-03-07,2013-03-08,1,1,21.49,20.85,REFUND,REFUNDED,SIMULATED return linked to an AdventureWorks order line,synthetic_extension,1.0.0,BASELINE,20260728,2026-07-28T00:00:00.000Z
RET-000262,SO52208,3,SHP-006275,21603,529,4,1,100,RR-004,2013-02-28,2013-03-05,2013-03-09,1,1,3.99,3.87,REFUND,REFUNDED,SIMULATED return linked to an AdventureWorks order line,synthetic_extension,1.0.0,BASELINE,20260728,2026-07-28T00:00:00.000Z
RET-000263,SO52208,4,SHP-006275,21603,480,4,1,100,RR-003,2013-03-05,2013-03-11,2013-03-14,1,1,2.29,2.22,REFUND,REFUNDED,SIMULATED return linked to an AdventureWorks order line,synthetic_extension,1.0.0,BASELINE,20260728,2026-07-28T00:00:00.000Z
RET-000264,SO52213,1,SHP-006280,11410,359,1,7,100,RR-006,2013-02-25,2013-03-04,2013-03-06,1,1,2294.99,2226.14,REFUND,REFUNDED,SIMULATED return linked to an AdventureWorks order line,synthetic_extension,1.0.0,BASELINE,20260728,2026-07-28T00:00:00.000Z
RET-000265,SO52213,2,SHP-006280,11410,537,4,7,100,RR-005,2013-02-22,2013-03-02,2013-03-03,1,1,35,33.95,REFUND,REFUNDED,SIMULATED return linked to an AdventureWorks order line,synthetic_extension,1.0.0,BASELINE,20260728,2026-07-28T00:00:00.000Z
RET-000266,SO52213,3,SHP-006280,11410,214,4,7,100,RR-004,2013-02-23,2013-02-28,2013-03-04,1,1,34.99,33.94,REFUND,REFUNDED,SIMULATED return linked to an AdventureWorks order line,synthetic_extension,1.0.0,BASELINE,20260728,2026-07-28T00:00:00.000Z
RET-000267,SO52213,4,SHP-006280,11410,234,3,7,100,RR-003,2013-02-28,2013-03-06,2013-03-09,1,1,49.99,48.49,REFUND,REFUNDED,SIMULATED return linked to an AdventureWorks order line,synthetic_extension,1.0.0,BASELINE,20260728,2026-07-28T00:00:00.000Z
RET-000268,SO52215,1,SHP-006282,12931,225,3,4,100,RR-001,2013-03-02,2013-03-11,2013-03-15,1,1,8.99,8.72,REFUND,REFUNDED,SIMULATED return linked to an AdventureWorks order line,synthetic_extension,1.0.0,BASELINE,20260728,2026-07-28T00:00:00.000Z
RET-000269,SO52237,1,SHP-006304,14604,478,4,6,19,RR-004,2013-03-01,2013-03-06,2013-03-10,1,1,9.99,9.69,REFUND,REFUNDED,SIMULATED return linked to an AdventureWorks order line,synthetic_extension,1.0.0,BASELINE,20260728,2026-07-28T00:00:00.000Z
RET-000270,SO52237,2,SHP-006304,14604,477,4,6,19,RR-003,2013-03-02,2013-03-12,2013-03-15,1,1,4.99,4.84,REFUND,REFUNDED,SIMULATED return linked to an AdventureWorks order line,synthetic_extension,1.0.0,BASELINE,20260728,2026-07-28T00:00:00.000Z
RET-000271,SO52237,3,SHP-006304,14604,225,3,6,19,RR-006,2013-03-03,2013-03-10,2013-03-12,1,1,8.99,8.72,REFUND,REFUNDED,SIMULATED return linked to an AdventureWorks order line,synthetic_extension,1.0.0,BASELINE,20260728,2026-07-28T00:00:00.000Z
RET-000272,SO52283,1,SHP-006350,12091,225,3,1,100,RR-002,2013-02-26,2013-03-02,2013-03-03,1,1,8.99,8.72,REFUND,REFUNDED,SIMULATED return linked to an AdventureWorks order line,synthetic_extension,1.0.0,BASELINE,20260728,2026-07-28T00:00:00.000Z
RET-000273,SO52292,1,SHP-006359,14317,237,3,9,6,RR-002,2013-02-26,2013-03-04,2013-03-07,1,1,49.99,48.49,REFUND,REFUNDED,SIMULATED return linked to an AdventureWorks order line,synthetic_extension,1.0.0,BASELINE,20260728,2026-07-28T00:00:00.000Z
RET-000274,SO52298,3,SHP-006365,11198,463,3,4,100,RR-003,2013-02-26,2013-03-04,2013-03-07,1,1,24.49,23.76,REFUND,REFUNDED,SIMULATED return linked to an AdventureWorks order line,synthetic_extension,1.0.0,BASELINE,20260728,2026-07-28T00:00:00.000Z
RET-000275,SO52301,5,SHP-006368,25839,491,3,4,100,RR-001,2013-03-05,2013-03-08,2013-03-10,1,1,53.99,52.37,REFUND,REFUNDED,SIMULATED return linked to an AdventureWorks order line,synthetic_extension,1.0.0,BASELINE,20260728,2026-07-28T00:00:00.000Z
RET-000276,SO52301,6,SHP-006368,25839,225,3,4,100,RR-002,2013-03-02,2013-03-06,2013-03-07,1,1,8.99,8.72,REFUND,REFUNDED,SIMULATED return linked to an AdventureWorks order line,synthetic_extension,1.0.0,BASELINE,20260728,2026-07-28T00:00:00.000Z
RET-000277,SO52306,2,SHP-006373,18095,488,3,4,100,RR-006,2013-03-03,2013-03-10,2013-03-12,1,1,53.99,52.37,REFUND,REFUNDED,SIMULATED return linked to an AdventureWorks order line,synthetic_extension,1.0.0,BASELINE,20260728,2026-07-28T00:00:00.000Z
RET-000278,SO52312,1,SHP-006379,29428,541,4,8,100,RR-006,2013-03-06,2013-03-09,2013-03-11,1,1,28.99,28.12,REFUND,REFUNDED,SIMULATED return linked to an AdventureWorks order line,synthetic_extension,1.0.0,BASELINE,20260728,2026-07-28T00:00:00.000Z
RET-000279,SO52312,4,SHP-006379,29428,479,4,8,100,RR-003,2013-03-01,2013-03-11,2013-03-14,1,1,8.99,8.72,REFUND,REFUNDED,SIMULATED return linked to an AdventureWorks order line,synthetic_extension,1.0.0,BASELINE,20260728,2026-07-28T00:00:00.000Z
RET-000280,SO52313,1,SHP-006380,28409,541,4,8,100,RR-003,2013-02-24,2013-03-06,2013-03-09,1,1,28.99,28.12,REFUND,REFUNDED,SIMULATED return linked to an AdventureWorks order line,synthetic_extension,1.0.0,BASELINE,20260728,2026-07-28T00:00:00.000Z
RET-000281,SO52322,4,SHP-006389,11216,214,4,1,100,RR-006,2013-02-22,2013-02-25,2013-02-27,1,1,34.99,33.94,REFUND,REFUNDED,SIMULATED return linked to an AdventureWorks order line,synthetic_extension,1.0.0,BASELINE,20260728,2026-07-28T00:00:00.000Z
RET-000282,SO52383,2,SHP-006450,16085,477,4,6,19,RR-003,2013-02-23,2013-03-05,2013-03-08,1,1,4.99,4.84,REFUND,REFUNDED,SIMULATED return linked to an AdventureWorks order line,synthetic_extension,1.0.0,BASELINE,20260728,2026-07-28T00:00:00.000Z
RET-000283,SO52396,2,SHP-006463,11666,528,4,4,100,RR-005,2013-02-22,2013-03-02,2013-03-03,1,1,4.99,4.84,REFUND,REFUNDED,SIMULATED return linked to an AdventureWorks order line,synthetic_extension,1.0.0,BASELINE,20260728,2026-07-28T00:00:00.000Z
RET-000284,SO52396,3,SHP-006463,11666,537,4,4,100,RR-004,2013-02-23,2013-02-28,2013-03-04,1,1,35,33.95,REFUND,REFUNDED,SIMULATED return linked to an AdventureWorks order line,synthetic_extension,1.0.0,BASELINE,20260728,2026-07-28T00:00:00.000Z
RET-000285,SO52396,4,SHP-006463,11666,214,4,4,100,RR-003,2013-02-28,2013-03-06,2013-03-09,1,1,34.99,33.94,REFUND,REFUNDED,SIMULATED return linked to an AdventureWorks order line,synthetic_extension,1.0.0,BASELINE,20260728,2026-07-28T00:00:00.000Z
RET-000286,SO52431,1,SHP-006498,17368,477,4,1,100,RR-004,2013-03-05,2013-03-14,2013-03-18,1,1,4.99,4.84,REFUND,REFUNDED,SIMULATED return linked to an AdventureWorks order line,synthetic_extension,1.0.0,BASELINE,20260728,2026-07-28T00:00:00.000Z
RET-000287,SO52445,1,SHP-006512,11620,528,4,1,100,RR-005,2013-02-27,2013-03-07,2013-03-08,1,1,4.99,4.84,REFUND,REFUNDED,SIMULATED return linked to an AdventureWorks order line,synthetic_extension,1.0.0,BASELINE,20260728,2026-07-28T00:00:00.000Z
RET-000288,SO52464,2,SHP-006531,29398,467,3,8,100,RR-002,2013-03-06,2013-03-10,2013-03-11,1,1,24.49,23.76,REFUND,REFUNDED,SIMULATED return linked to an AdventureWorks order line,synthetic_extension,1.0.0,BASELINE,20260728,2026-07-28T00:00:00.000Z
RET-000289,SO52523,1,SHP-006590,12123,355,1,10,98,RR-004,2013-03-11,2013-03-16,2013-03-20,1,1,2319.99,2250.39,REFUND,REFUNDED,SIMULATED return linked to an AdventureWorks order line,synthetic_extension,1.0.0,BASELINE,20260728,2026-07-28T00:00:00.000Z
RET-000290,SO52523,2,SHP-006590,12123,485,4,10,98,RR-003,2013-03-12,2013-03-22,2013-03-25,1,1,21.98,21.32,REFUND,REFUNDED,SIMULATED return linked to an AdventureWorks order line,synthetic_extension,1.0.0,BASELINE,20260728,2026-07-28T00:00:00.000Z
RET-000291,SO52529,2,SHP-006596,20255,489,3,9,6,RR-002,2013-03-14,2013-03-22,2013-03-23,1,1,53.99,52.37,REFUND,REFUNDED,SIMULATED return linked to an AdventureWorks order line,synthetic_extension,1.0.0,BASELINE,20260728,2026-07-28T00:00:00.000Z
RET-000292,SO52546,1,SHP-006613,24415,528,4,6,19,RR-003,2013-03-11,2013-03-21,2013-03-24,1,1,4.99,4.84,REFUND,REFUNDED,SIMULATED return linked to an AdventureWorks order line,synthetic_extension,1.0.0,BASELINE,20260728,2026-07-28T00:00:00.000Z
RET-000293,SO52569,1,SHP-006636,19766,606,1,9,6,RR-006,2013-03-03,2013-03-06,2013-03-08,1,1,539.99,523.79,REFUND,REFUNDED,SIMULATED return linked to an AdventureWorks order line,synthetic_extension,1.0.0,BASELINE,20260728,2026-07-28T00:00:00.000Z
RET-000294,SO52569,2,SHP-006636,19766,477,4,9,6,RR-005,2013-03-14,2013-03-18,2013-03-19,1,1,4.99,4.84,REFUND,REFUNDED,SIMULATED return linked to an AdventureWorks order line,synthetic_extension,1.0.0,BASELINE,20260728,2026-07-28T00:00:00.000Z
RET-000295,SO52569,3,SHP-006636,19766,479,4,9,6,RR-004,2013-03-15,2013-03-24,2013-03-28,1,1,8.99,8.72,REFUND,REFUNDED,SIMULATED return linked to an AdventureWorks order line,synthetic_extension,1.0.0,BASELINE,20260728,2026-07-28T00:00:00.000Z
RET-000296,SO52569,4,SHP-006636,19766,214,4,9,6,RR-003,2013-03-12,2013-03-22,2013-03-25,1,1,34.99,33.94,REFUND,REFUNDED,SIMULATED return linked to an AdventureWorks order line,synthetic_extension,1.0.0,BASELINE,20260728,2026-07-28T00:00:00.000Z
RET-000297,SO52574,1,SHP-006641,21030,606,1,7,100,RR-004,2013-03-03,2013-03-12,2013-03-16,1,1,539.99,523.79,REFUND,REFUNDED,SIMULATED return linked to an AdventureWorks order line,synthetic_extension,1.0.0,BASELINE,20260728,2026-07-28T00:00:00.000Z
RET-000298,SO52607,3,SHP-006674,16958,463,3,6,19,RR-003,2013-02-28,2013-03-06,2013-03-09,1,1,24.49,23.76,REFUND,REFUNDED,SIMULATED return linked to an AdventureWorks order line,synthetic_extension,1.0.0,BASELINE,20260728,2026-07-28T00:00:00.000Z
RET-000299,SO52626,2,SHP-006693,11019,539,4,6,19,RR-005,2013-03-08,2013-03-16,2013-03-17,1,1,24.99,24.24,REFUND,REFUNDED,SIMULATED return linked to an AdventureWorks order line,synthetic_extension,1.0.0,BASELINE,20260728,2026-07-28T00:00:00.000Z
RET-000300,SO52626,3,SHP-006693,11019,482,3,6,19,RR-001,2013-03-09,2013-03-14,2013-03-18,1,1,8.99,8.72,REFUND,REFUNDED,SIMULATED return linked to an AdventureWorks order line,synthetic_extension,1.0.0,BASELINE,20260728,2026-07-28T00:00:00.000Z
RET-000301,SO52634,2,SHP-006701,11330,478,4,6,19,RR-004,2013-03-10,2013-03-15,2013-03-19,1,1,9.99,9.69,REFUND,REFUNDED,SIMULATED return linked to an AdventureWorks order line,synthetic_extension,1.0.0,BASELINE,20260728,2026-07-28T00:00:00.000Z
RET-000302,SO52655,1,SHP-006722,12716,478,4,7,100,RR-004,2013-03-07,2013-03-16,2013-03-20,1,1,9.99,9.69,REFUND,REFUNDED,SIMULATED return linked to an AdventureWorks order line,synthetic_extension,1.0.0,BASELINE,20260728,2026-07-28T00:00:00.000Z
RET-000303,SO52655,2,SHP-006722,12716,477,4,7,100,RR-003,2013-03-08,2013-03-14,2013-03-17,1,1,4.99,4.84,REFUND,REFUNDED,SIMULATED return linked to an AdventureWorks order line,synthetic_extension,1.0.0,BASELINE,20260728,2026-07-28T00:00:00.000Z
RET-000304,SO52655,3,SHP-006722,12716,473,3,7,100,RR-001,2013-03-09,2013-03-12,2013-03-14,1,1,63.5,61.59,REFUND,REFUNDED,SIMULATED return linked to an AdventureWorks order line,synthetic_extension,1.0.0,BASELINE,20260728,2026-07-28T00:00:00.000Z
RET-000305,SO52665,2,SHP-006732,19451,228,3,8,100,RR-001,2013-03-14,2013-03-21,2013-03-23,1,1,49.99,48.49,REFUND,REFUNDED,SIMULATED return linked to an AdventureWorks order line,synthetic_extension,1.0.0,BASELINE,20260728,2026-07-28T00:00:00.000Z
RET-000306,SO52677,1,SHP-006744,14073,540,4,9,6,RR-004,2013-03-08,2013-03-13,2013-03-17,1,1,32.6,31.62,REFUND,REFUNDED,SIMULATED return linked to an AdventureWorks order line,synthetic_extension,1.0.0,BASELINE,20260728,2026-07-28T00:00:00.000Z
RET-000307,SO52677,2,SHP-006744,14073,529,4,9,6,RR-003,2013-03-09,2013-03-19,2013-03-22,1,1,3.99,3.87,REFUND,REFUNDED,SIMULATED return linked to an AdventureWorks order line,synthetic_extension,1.0.0,BASELINE,20260728,2026-07-28T00:00:00.000Z
RET-000308,SO52677,3,SHP-006744,14073,480,4,9,6,RR-006,2013-03-10,2013-03-17,2013-03-19,1,1,2.29,2.22,REFUND,REFUNDED,SIMULATED return linked to an AdventureWorks order line,synthetic_extension,1.0.0,BASELINE,20260728,2026-07-28T00:00:00.000Z
RET-000309,SO52728,1,SHP-006795,13639,529,4,9,6,RR-005,2013-03-05,2013-03-09,2013-03-10,1,1,3.99,3.87,REFUND,REFUNDED,SIMULATED return linked to an AdventureWorks order line,synthetic_extension,1.0.0,BASELINE,20260728,2026-07-28T00:00:00.000Z
RET-000310,SO52753,1,SHP-006820,14820,528,4,10,98,RR-003,2013-03-13,2013-03-23,2013-03-26,1,1,4.99,4.84,REFUND,REFUNDED,SIMULATED return linked to an AdventureWorks order line,synthetic_extension,1.0.0,BASELINE,20260728,2026-07-28T00:00:00.000Z
RET-000311,SO52753,2,SHP-006820,14820,536,4,10,98,RR-004,2013-03-12,2013-03-17,2013-03-21,1,1,29.99,29.09,REFUND,REFUNDED,SIMULATED return linked to an AdventureWorks order line,synthetic_extension,1.0.0,BASELINE,20260728,2026-07-28T00:00:00.000Z
RET-000312,SO52753,3,SHP-006820,14820,480,4,10,98,RR-005,2013-03-11,2013-03-19,2013-03-20,1,1,2.29,2.22,REFUND,REFUNDED,SIMULATED return linked to an AdventureWorks order line,synthetic_extension,1.0.0,BASELINE,20260728,2026-07-28T00:00:00.000Z
RET-000313,SO52758,3,SHP-006825,11688,231,3,1,100,RR-001,2013-03-15,2013-03-18,2013-03-20,1,1,49.99,48.49,REFUND,REFUNDED,SIMULATED return linked to an AdventureWorks order line,synthetic_extension,1.0.0,BASELINE,20260728,2026-07-28T00:00:00.000Z
RET-000314,SO52758,4,SHP-006825,11688,225,3,1,100,RR-002,2013-03-08,2013-03-16,2013-03-17,1,1,8.99,8.72,REFUND,REFUNDED,SIMULATED return linked to an AdventureWorks order line,synthetic_extension,1.0.0,BASELINE,20260728,2026-07-28T00:00:00.000Z
RET-000315,SO52764,1,SHP-006831,28323,564,1,9,6,RR-005,2013-03-15,2013-03-19,2013-03-20,1,1,2384.07,2312.55,REFUND,REFUNDED,SIMULATED return linked to an AdventureWorks order line,synthetic_extension,1.0.0,BASELINE,20260728,2026-07-28T00:00:00.000Z
RET-000316,SO52783,2,SHP-006850,15137,225,3,9,6,RR-002,2013-03-13,2013-03-19,2013-03-22,1,1,8.99,8.72,REFUND,REFUNDED,SIMULATED return linked to an AdventureWorks order line,synthetic_extension,1.0.0,BASELINE,20260728,2026-07-28T00:00:00.000Z
RET-000317,SO52785,4,SHP-006852,19448,471,3,10,98,RR-003,2013-03-21,2013-03-27,2013-03-30,1,1,63.5,61.59,REFUND,REFUNDED,SIMULATED return linked to an AdventureWorks order line,synthetic_extension,1.0.0,BASELINE,20260728,2026-07-28T00:00:00.000Z
RET-000318,SO52802,1,SHP-006869,18751,477,4,4,100,RR-006,2013-03-03,2013-03-10,2013-03-12,1,1,4.99,4.84,REFUND,REFUNDED,SIMULATED return linked to an AdventureWorks order line,synthetic_extension,1.0.0,BASELINE,20260728,2026-07-28T00:00:00.000Z
RET-000319,SO52829,1,SHP-006896,11984,361,1,6,19,RR-003,2013-03-12,2013-03-18,2013-03-21,1,1,2294.99,2226.14,REFUND,REFUNDED,SIMULATED return linked to an AdventureWorks order line,synthetic_extension,1.0.0,BASELINE,20260728,2026-07-28T00:00:00.000Z
RET-000320,SO52829,2,SHP-006896,11984,217,4,6,19,RR-004,2013-03-11,2013-03-20,2013-03-24,1,1,34.99,33.94,REFUND,REFUNDED,SIMULATED return linked to an AdventureWorks order line,synthetic_extension,1.0.0,BASELINE,20260728,2026-07-28T00:00:00.000Z
RET-000321,SO52832,1,SHP-006899,29247,573,1,6,19,RR-003,2013-03-02,2013-03-08,2013-03-11,1,1,2384.07,2312.55,REFUND,REFUNDED,SIMULATED return linked to an AdventureWorks order line,synthetic_extension,1.0.0,BASELINE,20260728,2026-07-28T00:00:00.000Z
RET-000322,SO52868,2,SHP-006935,17850,528,4,7,100,RR-005,2013-03-14,2013-03-18,2013-03-19,1,1,4.99,4.84,REFUND,REFUNDED,SIMULATED return linked to an AdventureWorks order line,synthetic_extension,1.0.0,BASELINE,20260728,2026-07-28T00:00:00.000Z
RET-000323,SO52868,3,SHP-006935,17850,217,4,7,100,RR-004,2013-03-15,2013-03-24,2013-03-28,1,1,34.99,33.94,REFUND,REFUNDED,SIMULATED return linked to an AdventureWorks order line,synthetic_extension,1.0.0,BASELINE,20260728,2026-07-28T00:00:00.000Z
RET-000324,SO52868,4,SHP-006935,17850,225,3,7,100,RR-002,2013-03-12,2013-03-22,2013-03-25,1,1,8.99,8.72,REFUND,REFUNDED,SIMULATED return linked to an AdventureWorks order line,synthetic_extension,1.0.0,BASELINE,20260728,2026-07-28T00:00:00.000Z
RET-000325,SO52887,3,SHP-006954,21565,482,3,9,6,RR-002,2013-03-20,2013-03-28,2013-03-29,1,1,8.99,8.72,REFUND,REFUNDED,SIMULATED return linked to an AdventureWorks order line,synthetic_extension,1.0.0,BASELINE,20260728,2026-07-28T00:00:00.000Z
RET-000326,SO52905,3,SHP-006972,14703,480,4,8,100,RR-006,2013-03-16,2013-03-19,2013-03-21,1,1,2.29,2.22,REFUND,REFUNDED,SIMULATED return linked to an AdventureWorks order line,synthetic_extension,1.0.0,BASELINE,20260728,2026-07-28T00:00:00.000Z
RET-000327,SO52934,1,SHP-007001,11714,490,3,4,100,RR-001,2013-03-12,2013-03-21,2013-03-25,1,1,53.99,52.37,REFUND,REFUNDED,SIMULATED return linked to an AdventureWorks order line,synthetic_extension,1.0.0,BASELINE,20260728,2026-07-28T00:00:00.000Z
RET-000328,SO52935,1,SHP-007002,29228,539,4,4,100,RR-005,2013-03-09,2013-03-17,2013-03-18,1,1,24.99,24.24,REFUND,REFUNDED,SIMULATED return linked to an AdventureWorks order line,synthetic_extension,1.0.0,BASELINE,20260728,2026-07-28T00:00:00.000Z
RET-000329,SO52945,1,SHP-007012,19056,535,4,7,100,RR-004,2013-03-07,2013-03-12,2013-03-16,1,1,24.99,24.24,REFUND,REFUNDED,SIMULATED return linked to an AdventureWorks order line,synthetic_extension,1.0.0,BASELINE,20260728,2026-07-28T00:00:00.000Z
RET-000330,SO52950,1,SHP-007017,11832,528,4,1,100,RR-006,2013-03-14,2013-03-17,2013-03-19,1,1,4.99,4.84,REFUND,REFUNDED,SIMULATED return linked to an AdventureWorks order line,synthetic_extension,1.0.0,BASELINE,20260728,2026-07-28T00:00:00.000Z
RET-000331,SO52950,2,SHP-007017,11832,537,4,1,100,RR-005,2013-03-11,2013-03-15,2013-03-16,1,1,35,33.95,REFUND,REFUNDED,SIMULATED return linked to an AdventureWorks order line,synthetic_extension,1.0.0,BASELINE,20260728,2026-07-28T00:00:00.000Z
RET-000332,SO52950,3,SHP-007017,11832,214,4,1,100,RR-004,2013-03-12,2013-03-21,2013-03-25,1,1,34.99,33.94,REFUND,REFUNDED,SIMULATED return linked to an AdventureWorks order line,synthetic_extension,1.0.0,BASELINE,20260728,2026-07-28T00:00:00.000Z
RET-000333,SO52964,1,SHP-007031,23412,384,1,9,6,RR-003,2013-03-22,2013-04-01,2013-04-04,1,1,1120.49,1086.88,REFUND,REFUNDED,SIMULATED return linked to an AdventureWorks order line,synthetic_extension,1.0.0,BASELINE,20260728,2026-07-28T00:00:00.000Z
RET-000334,SO52964,2,SHP-007031,23412,479,4,9,6,RR-004,2013-03-21,2013-03-26,2013-03-30,1,1,8.99,8.72,REFUND,REFUNDED,SIMULATED return linked to an AdventureWorks order line,synthetic_extension,1.0.0,BASELINE,20260728,2026-07-28T00:00:00.000Z
RET-000335,SO52964,3,SHP-007031,23412,477,4,9,6,RR-005,2013-03-20,2013-03-28,2013-03-29,1,1,4.99,4.84,REFUND,REFUNDED,SIMULATED return linked to an AdventureWorks order line,synthetic_extension,1.0.0,BASELINE,20260728,2026-07-28T00:00:00.000Z
RET-000336,SO52964,4,SHP-007031,23412,225,3,9,6,RR-001,2013-03-09,2013-03-12,2013-03-14,1,1,8.99,8.72,REFUND,REFUNDED,SIMULATED return linked to an AdventureWorks order line,synthetic_extension,1.0.0,BASELINE,20260728,2026-07-28T00:00:00.000Z
RET-000337,SO52989,1,SHP-007056,23937,529,4,8,100,RR-004,2013-03-10,2013-03-15,2013-03-19,1,1,3.99,3.87,REFUND,REFUNDED,SIMULATED return linked to an AdventureWorks order line,synthetic_extension,1.0.0,BASELINE,20260728,2026-07-28T00:00:00.000Z
RET-000338,SO52989,2,SHP-007056,23937,214,4,8,100,RR-003,2013-03-11,2013-03-21,2013-03-24,1,1,34.99,33.94,REFUND,REFUNDED,SIMULATED return linked to an AdventureWorks order line,synthetic_extension,1.0.0,BASELINE,20260728,2026-07-28T00:00:00.000Z
RET-000339,SO52993,1,SHP-007060,26865,529,4,10,98,RR-005,2013-03-08,2013-03-12,2013-03-13,1,1,3.99,3.87,REFUND,REFUNDED,SIMULATED return linked to an AdventureWorks order line,synthetic_extension,1.0.0,BASELINE,20260728,2026-07-28T00:00:00.000Z
RET-000340,SO53002,1,SHP-007069,14939,576,1,8,100,RR-005,2013-03-14,2013-03-22,2013-03-23,1,1,2384.07,2312.55,REFUND,REFUNDED,SIMULATED return linked to an AdventureWorks order line,synthetic_extension,1.0.0,BASELINE,20260728,2026-07-28T00:00:00.000Z
RET-000341,SO53011,1,SHP-007078,17070,536,4,9,6,RR-005,2013-03-11,2013-03-15,2013-03-16,1,1,29.99,29.09,REFUND,REFUNDED,SIMULATED return linked to an AdventureWorks order line,synthetic_extension,1.0.0,BASELINE,20260728,2026-07-28T00:00:00.000Z
RET-000342,SO53011,2,SHP-007078,17070,528,4,9,6,RR-006,2013-03-14,2013-03-17,2013-03-19,1,1,4.99,4.84,REFUND,REFUNDED,SIMULATED return linked to an AdventureWorks order line,synthetic_extension,1.0.0,BASELINE,20260728,2026-07-28T00:00:00.000Z
RET-000343,SO53011,3,SHP-007078,17070,214,4,9,6,RR-003,2013-03-13,2013-03-19,2013-03-22,1,1,34.99,33.94,REFUND,REFUNDED,SIMULATED return linked to an AdventureWorks order line,synthetic_extension,1.0.0,BASELINE,20260728,2026-07-28T00:00:00.000Z
RET-000344,SO53044,1,SHP-007111,12602,225,3,10,98,RR-002,2013-03-09,2013-03-19,2013-03-22,1,1,8.99,8.72,REFUND,REFUNDED,SIMULATED return linked to an AdventureWorks order line,synthetic_extension,1.0.0,BASELINE,20260728,2026-07-28T00:00:00.000Z
RET-000345,SO53045,1,SHP-007112,18758,485,4,6,19,RR-006,2013-03-21,2013-03-24,2013-03-26,1,1,21.98,21.32,REFUND,REFUNDED,SIMULATED return linked to an AdventureWorks order line,synthetic_extension,1.0.0,BASELINE,20260728,2026-07-28T00:00:00.000Z
RET-000346,SO53045,2,SHP-007112,18758,478,4,6,19,RR-005,2013-03-18,2013-03-22,2013-03-23,1,1,9.99,9.69,REFUND,REFUNDED,SIMULATED return linked to an AdventureWorks order line,synthetic_extension,1.0.0,BASELINE,20260728,2026-07-28T00:00:00.000Z
RET-000347,SO53045,3,SHP-007112,18758,477,4,6,19,RR-004,2013-03-19,2013-03-28,2013-04-01,1,1,4.99,4.84,REFUND,REFUNDED,SIMULATED return linked to an AdventureWorks order line,synthetic_extension,1.0.0,BASELINE,20260728,2026-07-28T00:00:00.000Z
RET-000348,SO53052,1,SHP-007119,11741,357,1,4,100,RR-006,2013-03-05,2013-03-08,2013-03-10,1,1,2319.99,2250.39,REFUND,REFUNDED,SIMULATED return linked to an AdventureWorks order line,synthetic_extension,1.0.0,BASELINE,20260728,2026-07-28T00:00:00.000Z
RET-000349,SO53052,3,SHP-007119,11741,486,4,4,100,RR-004,2013-03-21,2013-03-30,2013-04-03,1,1,159,154.23,REFUND,REFUNDED,SIMULATED return linked to an AdventureWorks order line,synthetic_extension,1.0.0,BASELINE,20260728,2026-07-28T00:00:00.000Z
RET-000350,SO53072,2,SHP-007139,17063,528,4,9,6,RR-003,2013-03-15,2013-03-21,2013-03-24,1,1,4.99,4.84,REFUND,REFUNDED,SIMULATED return linked to an AdventureWorks order line,synthetic_extension,1.0.0,BASELINE,20260728,2026-07-28T00:00:00.000Z
RET-000351,SO53072,3,SHP-007139,17063,480,4,9,6,RR-006,2013-03-16,2013-03-19,2013-03-21,1,1,2.29,2.22,REFUND,REFUNDED,SIMULATED return linked to an AdventureWorks order line,synthetic_extension,1.0.0,BASELINE,20260728,2026-07-28T00:00:00.000Z
RET-000352,SO53093,1,SHP-007160,11331,529,4,6,19,RR-003,2013-03-08,2013-03-14,2013-03-17,1,1,3.99,3.87,REFUND,REFUNDED,SIMULATED return linked to an AdventureWorks order line,synthetic_extension,1.0.0,BASELINE,20260728,2026-07-28T00:00:00.000Z
RET-000353,SO53093,2,SHP-007160,11331,540,4,6,19,RR-004,2013-03-07,2013-03-16,2013-03-20,1,1,32.6,31.62,REFUND,REFUNDED,SIMULATED return linked to an AdventureWorks order line,synthetic_extension,1.0.0,BASELINE,20260728,2026-07-28T00:00:00.000Z
RET-000354,SO53093,3,SHP-007160,11331,463,3,6,19,RR-005,2013-03-24,2013-03-28,2013-03-29,1,1,24.49,23.76,REFUND,REFUNDED,SIMULATED return linked to an AdventureWorks order line,synthetic_extension,1.0.0,BASELINE,20260728,2026-07-28T00:00:00.000Z
RET-000355,SO53111,1,SHP-007178,22795,477,4,7,100,RR-004,2013-03-08,2013-03-17,2013-03-21,1,1,4.99,4.84,REFUND,REFUNDED,SIMULATED return linked to an AdventureWorks order line,synthetic_extension,1.0.0,BASELINE,20260728,2026-07-28T00:00:00.000Z
RET-000356,SO53111,2,SHP-007178,22795,488,3,7,100,RR-003,2013-03-09,2013-03-15,2013-03-18,1,1,53.99,52.37,REFUND,REFUNDED,SIMULATED return linked to an AdventureWorks order line,synthetic_extension,1.0.0,BASELINE,20260728,2026-07-28T00:00:00.000Z
RET-000357,SO53111,3,SHP-007178,22795,225,3,7,100,RR-006,2013-03-10,2013-03-13,2013-03-15,1,1,8.99,8.72,REFUND,REFUNDED,SIMULATED return linked to an AdventureWorks order line,synthetic_extension,1.0.0,BASELINE,20260728,2026-07-28T00:00:00.000Z
RET-000358,SO53132,2,SHP-007199,14428,541,4,8,100,RR-006,2013-03-25,2013-03-28,2013-03-30,1,1,28.99,28.12,REFUND,REFUNDED,SIMULATED return linked to an AdventureWorks order line,synthetic_extension,1.0.0,BASELINE,20260728,2026-07-28T00:00:00.000Z
RET-000359,SO53175,4,SHP-007242,20160,487,4,9,6,RR-003,2013-03-18,2013-03-24,2013-03-27,1,1,54.99,53.34,REFUND,REFUNDED,SIMULATED return linked to an AdventureWorks order line,synthetic_extension,1.0.0,BASELINE,20260728,2026-07-28T00:00:00.000Z
RET-000360,SO53175,5,SHP-007242,20160,228,3,9,6,RR-001,2013-03-19,2013-03-22,2013-03-24,1,1,49.99,48.49,REFUND,REFUNDED,SIMULATED return linked to an AdventureWorks order line,synthetic_extension,1.0.0,BASELINE,20260728,2026-07-28T00:00:00.000Z
RET-000361,SO53192,2,SHP-007259,15153,491,3,9,6,RR-004,2013-03-25,2013-03-30,2013-04-03,1,1,53.99,52.37,REFUND,REFUNDED,SIMULATED return linked to an AdventureWorks order line,synthetic_extension,1.0.0,BASELINE,20260728,2026-07-28T00:00:00.000Z
RET-000362,SO53220,4,SHP-007287,17810,225,3,10,98,RR-001,2013-03-21,2013-03-28,2013-03-30,1,1,8.99,8.72,REFUND,REFUNDED,SIMULATED return linked to an AdventureWorks order line,synthetic_extension,1.0.0,BASELINE,20260728,2026-07-28T00:00:00.000Z
RET-000363,SO53221,1,SHP-007288,28412,540,4,7,100,RR-006,2013-03-14,2013-03-21,2013-03-23,1,1,32.6,31.62,REFUND,REFUNDED,SIMULATED return linked to an AdventureWorks order line,synthetic_extension,1.0.0,BASELINE,20260728,2026-07-28T00:00:00.000Z
RET-000364,SO53221,2,SHP-007288,28412,529,4,7,100,RR-005,2013-03-29,2013-04-06,2013-04-07,1,1,3.99,3.87,REFUND,REFUNDED,SIMULATED return linked to an AdventureWorks order line,synthetic_extension,1.0.0,BASELINE,20260728,2026-07-28T00:00:00.000Z
RET-000365,SO53221,3,SHP-007288,28412,482,3,7,100,RR-001,2013-03-12,2013-03-17,2013-03-21,1,1,8.99,8.72,REFUND,REFUNDED,SIMULATED return linked to an AdventureWorks order line,synthetic_extension,1.0.0,BASELINE,20260728,2026-07-28T00:00:00.000Z
RET-000366,SO53249,1,SHP-007316,22449,378,1,7,100,RR-004,2013-03-15,2013-03-20,2013-03-24,1,1,2443.35,2370.05,REFUND,REFUNDED,SIMULATED return linked to an AdventureWorks order line,synthetic_extension,1.0.0,BASELINE,20260728,2026-07-28T00:00:00.000Z
RET-000367,SO53249,2,SHP-007316,22449,540,4,7,100,RR-003,2013-03-16,2013-03-26,2013-03-29,1,1,32.6,31.62,REFUND,REFUNDED,SIMULATED return linked to an AdventureWorks order line,synthetic_extension,1.0.0,BASELINE,20260728,2026-07-28T00:00:00.000Z
RET-000368,SO53249,3,SHP-007316,22449,529,4,7,100,RR-006,2013-03-17,2013-03-24,2013-03-26,1,1,3.99,3.87,REFUND,REFUNDED,SIMULATED return linked to an AdventureWorks order line,synthetic_extension,1.0.0,BASELINE,20260728,2026-07-28T00:00:00.000Z
RET-000369,SO53249,4,SHP-007316,22449,217,4,7,100,RR-005,2013-03-18,2013-03-22,2013-03-23,1,1,34.99,33.94,REFUND,REFUNDED,SIMULATED return linked to an AdventureWorks order line,synthetic_extension,1.0.0,BASELINE,20260728,2026-07-28T00:00:00.000Z
RET-000370,SO53255,5,SHP-007322,17442,225,3,6,19,RR-003,2013-03-23,2013-03-29,2013-04-01,1,1,8.99,8.72,REFUND,REFUNDED,SIMULATED return linked to an AdventureWorks order line,synthetic_extension,1.0.0,BASELINE,20260728,2026-07-28T00:00:00.000Z
RET-000371,SO53255,6,SHP-007322,17442,491,3,6,19,RR-004,2013-03-22,2013-03-31,2013-04-04,1,1,53.99,52.37,REFUND,REFUNDED,SIMULATED return linked to an AdventureWorks order line,synthetic_extension,1.0.0,BASELINE,20260728,2026-07-28T00:00:00.000Z
RET-000372,SO53276,4,SHP-007343,12159,231,3,6,19,RR-003,2013-03-24,2013-04-03,2013-04-06,1,1,49.99,48.49,REFUND,REFUNDED,SIMULATED return linked to an AdventureWorks order line,synthetic_extension,1.0.0,BASELINE,20260728,2026-07-28T00:00:00.000Z
RET-000373,SO53276,5,SHP-007343,12159,225,3,6,19,RR-006,2013-03-25,2013-04-01,2013-04-03,1,1,8.99,8.72,REFUND,REFUNDED,SIMULATED return linked to an AdventureWorks order line,synthetic_extension,1.0.0,BASELINE,20260728,2026-07-28T00:00:00.000Z
RET-000374,SO53310,1,SHP-007377,16841,475,3,6,19,RR-003,2013-03-28,2013-04-03,2013-04-06,1,1,69.99,67.89,REFUND,REFUNDED,SIMULATED return linked to an AdventureWorks order line,synthetic_extension,1.0.0,BASELINE,20260728,2026-07-28T00:00:00.000Z
RET-000375,SO53349,3,SHP-007416,18297,225,3,9,6,RR-003,2013-03-23,2013-03-29,2013-04-01,1,1,8.99,8.72,REFUND,REFUNDED,SIMULATED return linked to an AdventureWorks order line,synthetic_extension,1.0.0,BASELINE,20260728,2026-07-28T00:00:00.000Z
RET-000376,SO53364,1,SHP-007431,28791,539,4,1,100,RR-006,2013-03-27,2013-03-30,2013-04-01,1,1,24.99,24.24,REFUND,REFUNDED,SIMULATED return linked to an AdventureWorks order line,synthetic_extension,1.0.0,BASELINE,20260728,2026-07-28T00:00:00.000Z
RET-000377,SO53364,2,SHP-007431,28791,529,4,1,100,RR-005,2013-03-24,2013-03-28,2013-03-29,1,1,3.99,3.87,REFUND,REFUNDED,SIMULATED return linked to an AdventureWorks order line,synthetic_extension,1.0.0,BASELINE,20260728,2026-07-28T00:00:00.000Z
RET-000378,SO53364,3,SHP-007431,28791,480,4,1,100,RR-004,2013-03-25,2013-04-03,2013-04-07,1,1,2.29,2.22,REFUND,REFUNDED,SIMULATED return linked to an AdventureWorks order line,synthetic_extension,1.0.0,BASELINE,20260728,2026-07-28T00:00:00.000Z
RET-000379,SO53379,1,SHP-007446,23639,528,4,10,98,RR-004,2013-03-23,2013-03-28,2013-04-01,1,1,4.99,4.84,REFUND,REFUNDED,SIMULATED return linked to an AdventureWorks order line,synthetic_extension,1.0.0,BASELINE,20260728,2026-07-28T00:00:00.000Z
RET-000380,SO53379,2,SHP-007446,23639,536,4,10,98,RR-003,2013-03-24,2013-04-03,2013-04-06,1,1,29.99,29.09,REFUND,REFUNDED,SIMULATED return linked to an AdventureWorks order line,synthetic_extension,1.0.0,BASELINE,20260728,2026-07-28T00:00:00.000Z
RET-000381,SO53379,3,SHP-007446,23639,217,4,10,98,RR-006,2013-03-25,2013-04-01,2013-04-03,1,1,34.99,33.94,REFUND,REFUNDED,SIMULATED return linked to an AdventureWorks order line,synthetic_extension,1.0.0,BASELINE,20260728,2026-07-28T00:00:00.000Z
RET-000382,SO53398,2,SHP-007465,23413,488,3,9,6,RR-004,2013-03-23,2013-04-01,2013-04-05,1,1,53.99,52.37,REFUND,REFUNDED,SIMULATED return linked to an AdventureWorks order line,synthetic_extension,1.0.0,BASELINE,20260728,2026-07-28T00:00:00.000Z
RET-000383,SO53408,1,SHP-007475,22213,537,4,9,6,RR-003,2013-03-28,2013-04-03,2013-04-06,1,1,35,33.95,REFUND,REFUNDED,SIMULATED return linked to an AdventureWorks order line,synthetic_extension,1.0.0,BASELINE,20260728,2026-07-28T00:00:00.000Z
RET-000384,SO53408,2,SHP-007475,22213,485,4,9,6,RR-004,2013-03-27,2013-04-05,2013-04-09,1,1,21.98,21.32,REFUND,REFUNDED,SIMULATED return linked to an AdventureWorks order line,synthetic_extension,1.0.0,BASELINE,20260728,2026-07-28T00:00:00.000Z
RET-000385,SO53408,3,SHP-007475,22213,480,4,9,6,RR-005,2013-03-26,2013-03-30,2013-03-31,1,1,2.29,2.22,REFUND,REFUNDED,SIMULATED return linked to an AdventureWorks order line,synthetic_extension,1.0.0,BASELINE,20260728,2026-07-28T00:00:00.000Z
RET-000386,SO53438,1,SHP-007505,12069,363,1,4,100,RR-006,2013-03-11,2013-03-14,2013-03-16,1,1,2294.99,2226.14,REFUND,REFUNDED,SIMULATED return linked to an AdventureWorks order line,synthetic_extension,1.0.0,BASELINE,20260728,2026-07-28T00:00:00.000Z
RET-000387,SO53444,1,SHP-007511,26322,568,1,1,100,RR-003,2013-03-25,2013-03-31,2013-04-03,1,1,742.35,720.08,REFUND,REFUNDED,SIMULATED return linked to an AdventureWorks order line,synthetic_extension,1.0.0,BASELINE,20260728,2026-07-28T00:00:00.000Z
RET-000388,SO53444,2,SHP-007511,26322,473,3,1,100,RR-001,2013-03-24,2013-04-02,2013-04-06,1,1,63.5,61.59,REFUND,REFUNDED,SIMULATED return linked to an AdventureWorks order line,synthetic_extension,1.0.0,BASELINE,20260728,2026-07-28T00:00:00.000Z
RET-000389,SO53444,3,SHP-007511,26322,214,4,1,100,RR-005,2013-03-23,2013-03-27,2013-03-28,1,1,34.99,33.94,REFUND,REFUNDED,SIMULATED return linked to an AdventureWorks order line,synthetic_extension,1.0.0,BASELINE,20260728,2026-07-28T00:00:00.000Z
RET-000390,SO53637,1,SHP-007528,21445,478,4,1,100,RR-003,2013-03-27,2013-04-06,2013-04-09,1,1,9.99,9.69,REFUND,REFUNDED,SIMULATED return linked to an AdventureWorks order line,synthetic_extension,1.0.0,BASELINE,20260728,2026-07-28T00:00:00.000Z
RET-000391,SO53637,2,SHP-007528,21445,477,4,1,100,RR-004,2013-03-26,2013-03-31,2013-04-04,1,1,4.99,4.84,REFUND,REFUNDED,SIMULATED return linked to an AdventureWorks order line,synthetic_extension,1.0.0,BASELINE,20260728,2026-07-28T00:00:00.000Z
RET-000392,SO53637,3,SHP-007528,21445,217,4,1,100,RR-005,2013-03-25,2013-04-02,2013-04-03,1,1,34.99,33.94,REFUND,REFUNDED,SIMULATED return linked to an AdventureWorks order line,synthetic_extension,1.0.0,BASELINE,20260728,2026-07-28T00:00:00.000Z
RET-000393,SO53637,4,SHP-007528,21445,471,3,1,100,RR-006,2013-03-14,2013-03-17,2013-03-19,1,1,63.5,61.59,REFUND,REFUNDED,SIMULATED return linked to an AdventureWorks order line,synthetic_extension,1.0.0,BASELINE,20260728,2026-07-28T00:00:00.000Z
RET-000394,SO53670,1,SHP-007561,18211,485,4,9,6,RR-004,2013-03-18,2013-03-27,2013-03-31,1,1,21.98,21.32,REFUND,REFUNDED,SIMULATED return linked to an AdventureWorks order line,synthetic_extension,1.0.0,BASELINE,20260728,2026-07-28T00:00:00.000Z
RET-000395,SO53670,2,SHP-007561,18211,217,4,9,6,RR-003,2013-03-19,2013-03-25,2013-03-28,1,1,34.99,33.94,REFUND,REFUNDED,SIMULATED return linked to an AdventureWorks order line,synthetic_extension,1.0.0,BASELINE,20260728,2026-07-28T00:00:00.000Z
RET-000396,SO53679,1,SHP-007570,12321,374,1,7,100,RR-005,2013-04-01,2013-04-09,2013-04-10,1,1,2443.35,2370.05,REFUND,REFUNDED,SIMULATED return linked to an AdventureWorks order line,synthetic_extension,1.0.0,BASELINE,20260728,2026-07-28T00:00:00.000Z
RET-000397,SO53679,2,SHP-007570,12321,477,4,7,100,RR-006,2013-03-17,2013-03-24,2013-03-26,1,1,4.99,4.84,REFUND,REFUNDED,SIMULATED return linked to an AdventureWorks order line,synthetic_extension,1.0.0,BASELINE,20260728,2026-07-28T00:00:00.000Z
RET-000398,SO53679,3,SHP-007570,12321,479,4,7,100,RR-003,2013-04-03,2013-04-13,2013-04-16,1,1,8.99,8.72,REFUND,REFUNDED,SIMULATED return linked to an AdventureWorks order line,synthetic_extension,1.0.0,BASELINE,20260728,2026-07-28T00:00:00.000Z
RET-000399,SO53679,4,SHP-007570,12321,217,4,7,100,RR-004,2013-03-19,2013-03-28,2013-04-01,1,1,34.99,33.94,REFUND,REFUNDED,SIMULATED return linked to an AdventureWorks order line,synthetic_extension,1.0.0,BASELINE,20260728,2026-07-28T00:00:00.000Z
RET-000400,SO53693,1,SHP-007584,22317,225,3,8,100,RR-002,2013-03-20,2013-03-24,2013-03-25,1,1,8.99,8.72,REFUND,REFUNDED,SIMULATED return linked to an AdventureWorks order line,synthetic_extension,1.0.0,BASELINE,20260728,2026-07-28T00:00:00.000Z
RET-000401,SO53720,3,SHP-007611,18489,463,3,9,6,RR-001,2013-04-04,2013-04-09,2013-04-13,1,1,24.49,23.76,REFUND,REFUNDED,SIMULATED return linked to an AdventureWorks order line,synthetic_extension,1.0.0,BASELINE,20260728,2026-07-28T00:00:00.000Z
RET-000402,SO53751,2,SHP-007642,25691,529,4,8,100,RR-005,2013-04-05,2013-04-13,2013-04-14,1,1,3.99,3.87,REFUND,REFUNDED,SIMULATED return linked to an AdventureWorks order line,synthetic_extension,1.0.0,BASELINE,20260728,2026-07-28T00:00:00.000Z
RET-000403,SO53761,3,SHP-007652,12114,481,3,6,19,RR-002,2013-03-31,2013-04-08,2013-04-09,1,1,8.99,8.72,REFUND,REFUNDED,SIMULATED return linked to an AdventureWorks order line,synthetic_extension,1.0.0,BASELINE,20260728,2026-07-28T00:00:00.000Z
RET-000404,SO53768,1,SHP-007659,11754,353,1,9,6,RR-006,2013-03-21,2013-03-24,2013-03-26,1,1,2319.99,2250.39,REFUND,REFUNDED,SIMULATED return linked to an AdventureWorks order line,synthetic_extension,1.0.0,BASELINE,20260728,2026-07-28T00:00:00.000Z
RET-000405,SO53773,1,SHP-007664,23523,388,1,9,6,RR-006,2013-03-20,2013-03-23,2013-03-25,1,1,1120.49,1086.88,REFUND,REFUNDED,SIMULATED return linked to an AdventureWorks order line,synthetic_extension,1.0.0,BASELINE,20260728,2026-07-28T00:00:00.000Z
RET-000406,SO53773,2,SHP-007664,23523,217,4,9,6,RR-005,2013-04-04,2013-04-08,2013-04-09,1,1,34.99,33.94,REFUND,REFUNDED,SIMULATED return linked to an AdventureWorks order line,synthetic_extension,1.0.0,BASELINE,20260728,2026-07-28T00:00:00.000Z
RET-000407,SO53796,1,SHP-007687,20071,474,3,1,100,RR-002,2013-03-17,2013-03-21,2013-03-22,1,1,69.99,67.89,REFUND,REFUNDED,SIMULATED return linked to an AdventureWorks order line,synthetic_extension,1.0.0,BASELINE,20260728,2026-07-28T00:00:00.000Z
RET-000408,SO53796,2,SHP-007687,20071,482,3,1,100,RR-001,2013-03-20,2013-03-23,2013-03-25,1,1,8.99,8.72,REFUND,REFUNDED,SIMULATED return linked to an AdventureWorks order line,synthetic_extension,1.0.0,BASELINE,20260728,2026-07-28T00:00:00.000Z
RET-000409,SO53831,1,SHP-007722,11889,484,4,1,100,RR-003,2013-03-23,2013-03-29,2013-04-01,1,1,7.95,7.71,REFUND,REFUNDED,SIMULATED return linked to an AdventureWorks order line,synthetic_extension,1.0.0,BASELINE,20260728,2026-07-28T00:00:00.000Z
RET-000410,SO53846,1,SHP-007737,18593,476,3,1,100,RR-005,2013-03-21,2013-03-29,2013-03-30,1,1,69.99,67.89,REFUND,REFUNDED,SIMULATED return linked to an AdventureWorks order line,synthetic_extension,1.0.0,BASELINE,20260728,2026-07-28T00:00:00.000Z
RET-000411,SO53852,1,SHP-007743,11208,537,4,4,100,RR-006,2013-03-25,2013-03-28,2013-03-30,1,1,35,33.95,REFUND,REFUNDED,SIMULATED return linked to an AdventureWorks order line,synthetic_extension,1.0.0,BASELINE,20260728,2026-07-28T00:00:00.000Z
RET-000412,SO53852,2,SHP-007743,11208,528,4,4,100,RR-005,2013-03-22,2013-03-26,2013-03-27,1,1,4.99,4.84,REFUND,REFUNDED,SIMULATED return linked to an AdventureWorks order line,synthetic_extension,1.0.0,BASELINE,20260728,2026-07-28T00:00:00.000Z
RET-000413,SO53852,3,SHP-007743,11208,485,4,4,100,RR-004,2013-03-23,2013-04-01,2013-04-05,1,1,21.98,21.32,REFUND,REFUNDED,SIMULATED return linked to an AdventureWorks order line,synthetic_extension,1.0.0,BASELINE,20260728,2026-07-28T00:00:00.000Z
RET-000414,SO53852,6,SHP-007743,11208,487,4,4,100,RR-005,2013-04-01,2013-04-09,2013-04-10,1,1,54.99,53.34,REFUND,REFUNDED,SIMULATED return linked to an AdventureWorks order line,synthetic_extension,1.0.0,BASELINE,20260728,2026-07-28T00:00:00.000Z
RET-000415,SO53892,1,SHP-007783,29005,476,3,6,19,RR-006,2013-03-26,2013-04-02,2013-04-04,1,1,69.99,67.89,REFUND,REFUNDED,SIMULATED return linked to an AdventureWorks order line,synthetic_extension,1.0.0,BASELINE,20260728,2026-07-28T00:00:00.000Z
RET-000416,SO53932,1,SHP-007823,27389,541,4,4,100,RR-005,2013-03-30,2013-04-03,2013-04-04,1,1,28.99,28.12,REFUND,REFUNDED,SIMULATED return linked to an AdventureWorks order line,synthetic_extension,1.0.0,BASELINE,20260728,2026-07-28T00:00:00.000Z
RET-000417,SO53933,4,SHP-007824,28241,231,3,1,100,RR-005,2013-03-21,2013-03-25,2013-03-26,1,1,49.99,48.49,REFUND,REFUNDED,SIMULATED return linked to an AdventureWorks order line,synthetic_extension,1.0.0,BASELINE,20260728,2026-07-28T00:00:00.000Z
RET-000418,SO53938,1,SHP-007829,22242,536,4,1,100,RR-003,2013-04-06,2013-04-12,2013-04-15,1,1,29.99,29.09,REFUND,REFUNDED,SIMULATED return linked to an AdventureWorks order line,synthetic_extension,1.0.0,BASELINE,20260728,2026-07-28T00:00:00.000Z
RET-000419,SO53938,2,SHP-007829,22242,528,4,1,100,RR-004,2013-04-05,2013-04-14,2013-04-18,1,1,4.99,4.84,REFUND,REFUNDED,SIMULATED return linked to an AdventureWorks order line,synthetic_extension,1.0.0,BASELINE,20260728,2026-07-28T00:00:00.000Z
RET-000420,SO53947,3,SHP-007838,14623,467,3,4,100,RR-003,2013-03-25,2013-04-04,2013-04-07,1,1,24.49,23.76,REFUND,REFUNDED,SIMULATED return linked to an AdventureWorks order line,synthetic_extension,1.0.0,BASELINE,20260728,2026-07-28T00:00:00.000Z
RET-000421,SO53956,3,SHP-007847,19383,217,4,8,100,RR-005,2013-04-06,2013-04-14,2013-04-15,1,1,34.99,33.94,REFUND,REFUNDED,SIMULATED return linked to an AdventureWorks order line,synthetic_extension,1.0.0,BASELINE,20260728,2026-07-28T00:00:00.000Z
RET-000422,SO53956,4,SHP-007847,19383,231,3,8,100,RR-001,2013-03-26,2013-03-29,2013-03-31,1,1,49.99,48.49,REFUND,REFUNDED,SIMULATED return linked to an AdventureWorks order line,synthetic_extension,1.0.0,BASELINE,20260728,2026-07-28T00:00:00.000Z
RET-000423,SO53957,1,SHP-007848,22697,541,4,7,100,RR-006,2013-04-08,2013-04-11,2013-04-13,1,1,28.99,28.12,REFUND,REFUNDED,SIMULATED return linked to an AdventureWorks order line,synthetic_extension,1.0.0,BASELINE,20260728,2026-07-28T00:00:00.000Z
RET-000424,SO53957,2,SHP-007848,22697,530,4,7,100,RR-005,2013-04-05,2013-04-09,2013-04-10,1,1,4.99,4.84,REFUND,REFUNDED,SIMULATED return linked to an AdventureWorks order line,synthetic_extension,1.0.0,BASELINE,20260728,2026-07-28T00:00:00.000Z
RET-000425,SO53957,3,SHP-007848,22697,231,3,7,100,RR-001,2013-04-06,2013-04-15,2013-04-19,1,1,49.99,48.49,REFUND,REFUNDED,SIMULATED return linked to an AdventureWorks order line,synthetic_extension,1.0.0,BASELINE,20260728,2026-07-28T00:00:00.000Z
RET-000426,SO53964,1,SHP-007855,12986,359,1,6,19,RR-004,2013-03-27,2013-04-05,2013-04-09,1,1,2294.99,2226.14,REFUND,REFUNDED,SIMULATED return linked to an AdventureWorks order line,synthetic_extension,1.0.0,BASELINE,20260728,2026-07-28T00:00:00.000Z
RET-000427,SO53964,2,SHP-007855,12986,537,4,6,19,RR-003,2013-03-28,2013-04-03,2013-04-06,1,1,35,33.95,REFUND,REFUNDED,SIMULATED return linked to an AdventureWorks order line,synthetic_extension,1.0.0,BASELINE,20260728,2026-07-28T00:00:00.000Z
RET-000428,SO53964,3,SHP-007855,12986,528,4,6,19,RR-006,2013-03-29,2013-04-01,2013-04-03,1,1,4.99,4.84,REFUND,REFUNDED,SIMULATED return linked to an AdventureWorks order line,synthetic_extension,1.0.0,BASELINE,20260728,2026-07-28T00:00:00.000Z
RET-000429,SO53964,4,SHP-007855,12986,214,4,6,19,RR-005,2013-03-22,2013-03-30,2013-03-31,1,1,34.99,33.94,REFUND,REFUNDED,SIMULATED return linked to an AdventureWorks order line,synthetic_extension,1.0.0,BASELINE,20260728,2026-07-28T00:00:00.000Z
RET-000430,SO53969,3,SHP-007860,18746,488,3,9,6,RR-003,2013-03-27,2013-04-02,2013-04-05,1,1,53.99,52.37,REFUND,REFUNDED,SIMULATED return linked to an AdventureWorks order line,synthetic_extension,1.0.0,BASELINE,20260728,2026-07-28T00:00:00.000Z
RET-000431,SO53969,4,SHP-007860,18746,463,3,9,6,RR-004,2013-03-22,2013-03-27,2013-03-31,1,1,24.49,23.76,REFUND,REFUNDED,SIMULATED return linked to an AdventureWorks order line,synthetic_extension,1.0.0,BASELINE,20260728,2026-07-28T00:00:00.000Z
RET-000432,SO54016,1,SHP-007907,27772,530,4,7,100,RR-003,2013-03-22,2013-03-28,2013-03-31,1,1,4.99,4.84,REFUND,REFUNDED,SIMULATED return linked to an AdventureWorks order line,synthetic_extension,1.0.0,BASELINE,20260728,2026-07-28T00:00:00.000Z
RET-000433,SO54016,2,SHP-007907,27772,472,3,7,100,RR-001,2013-03-21,2013-03-30,2013-04-03,1,1,63.5,61.59,REFUND,REFUNDED,SIMULATED return linked to an AdventureWorks order line,synthetic_extension,1.0.0,BASELINE,20260728,2026-07-28T00:00:00.000Z
RET-000434,SO54016,3,SHP-007907,27772,487,4,7,100,RR-005,2013-04-07,2013-04-11,2013-04-12,1,1,54.99,53.34,REFUND,REFUNDED,SIMULATED return linked to an AdventureWorks order line,synthetic_extension,1.0.0,BASELINE,20260728,2026-07-28T00:00:00.000Z
RET-000435,SO54039,1,SHP-007930,12510,361,1,7,100,RR-006,2013-04-02,2013-04-09,2013-04-11,1,1,2294.99,2226.14,REFUND,REFUNDED,SIMULATED return linked to an AdventureWorks order line,synthetic_extension,1.0.0,BASELINE,20260728,2026-07-28T00:00:00.000Z
RET-000436,SO54057,1,SHP-007948,20344,475,3,4,100,RR-006,2013-03-22,2013-03-25,2013-03-27,1,1,69.99,67.89,REFUND,REFUNDED,SIMULATED return linked to an AdventureWorks order line,synthetic_extension,1.0.0,BASELINE,20260728,2026-07-28T00:00:00.000Z
RET-000437,SO54057,2,SHP-007948,20344,231,3,4,100,RR-005,2013-04-06,2013-04-10,2013-04-11,1,1,49.99,48.49,REFUND,REFUNDED,SIMULATED return linked to an AdventureWorks order line,synthetic_extension,1.0.0,BASELINE,20260728,2026-07-28T00:00:00.000Z
RET-000438,SO54115,2,SHP-008006,27202,530,4,1,100,RR-006,2013-03-24,2013-03-31,2013-04-02,1,1,4.99,4.84,REFUND,REFUNDED,SIMULATED return linked to an AdventureWorks order line,synthetic_extension,1.0.0,BASELINE,20260728,2026-07-28T00:00:00.000Z
RET-000439,SO54115,3,SHP-008006,27202,487,4,1,100,RR-003,2013-03-23,2013-04-02,2013-04-05,1,1,54.99,53.34,REFUND,REFUNDED,SIMULATED return linked to an AdventureWorks order line,synthetic_extension,1.0.0,BASELINE,20260728,2026-07-28T00:00:00.000Z
RET-000440,SO54115,4,SHP-008006,27202,484,4,1,100,RR-004,2013-03-26,2013-04-04,2013-04-08,1,1,7.95,7.71,REFUND,REFUNDED,SIMULATED return linked to an AdventureWorks order line,synthetic_extension,1.0.0,BASELINE,20260728,2026-07-28T00:00:00.000Z
RET-000441,SO54128,2,SHP-008019,24866,529,4,7,100,RR-006,2013-04-06,2013-04-09,2013-04-11,1,1,3.99,3.87,REFUND,REFUNDED,SIMULATED return linked to an AdventureWorks order line,synthetic_extension,1.0.0,BASELINE,20260728,2026-07-28T00:00:00.000Z
RET-000442,SO54128,3,SHP-008019,24866,480,4,7,100,RR-003,2013-04-05,2013-04-11,2013-04-14,1,1,2.29,2.22,REFUND,REFUNDED,SIMULATED return linked to an AdventureWorks order line,synthetic_extension,1.0.0,BASELINE,20260728,2026-07-28T00:00:00.000Z
RET-000443,SO54170,1,SHP-008061,11973,537,4,1,100,RR-006,2013-04-04,2013-04-07,2013-04-09,1,1,35,33.95,REFUND,REFUNDED,SIMULATED return linked to an AdventureWorks order line,synthetic_extension,1.0.0,BASELINE,20260728,2026-07-28T00:00:00.000Z
RET-000444,SO54170,2,SHP-008061,11973,528,4,1,100,RR-005,2013-04-01,2013-04-05,2013-04-06,1,1,4.99,4.84,REFUND,REFUNDED,SIMULATED return linked to an AdventureWorks order line,synthetic_extension,1.0.0,BASELINE,20260728,2026-07-28T00:00:00.000Z
RET-000445,SO54170,3,SHP-008061,11973,222,4,1,100,RR-004,2013-04-02,2013-04-11,2013-04-15,1,1,34.99,33.94,REFUND,REFUNDED,SIMULATED return linked to an AdventureWorks order line,synthetic_extension,1.0.0,BASELINE,20260728,2026-07-28T00:00:00.000Z
RET-000446,SO54186,1,SHP-008077,24887,382,1,9,6,RR-005,2013-04-05,2013-04-09,2013-04-10,1,1,1120.49,1086.88,REFUND,REFUNDED,SIMULATED return linked to an AdventureWorks order line,synthetic_extension,1.0.0,BASELINE,20260728,2026-07-28T00:00:00.000Z
RET-000447,SO54186,2,SHP-008077,24887,222,4,9,6,RR-006,2013-04-08,2013-04-11,2013-04-13,1,1,34.99,33.94,REFUND,REFUNDED,SIMULATED return linked to an AdventureWorks order line,synthetic_extension,1.0.0,BASELINE,20260728,2026-07-28T00:00:00.000Z
RET-000448,SO54186,3,SHP-008077,24887,488,3,9,6,RR-003,2013-04-07,2013-04-13,2013-04-16,1,1,53.99,52.37,REFUND,REFUNDED,SIMULATED return linked to an AdventureWorks order line,synthetic_extension,1.0.0,BASELINE,20260728,2026-07-28T00:00:00.000Z
RET-000449,SO54186,4,SHP-008077,24887,225,3,9,6,RR-004,2013-04-02,2013-04-07,2013-04-11,1,1,8.99,8.72,REFUND,REFUNDED,SIMULATED return linked to an AdventureWorks order line,synthetic_extension,1.0.0,BASELINE,20260728,2026-07-28T00:00:00.000Z
RET-000450,SO54187,5,SHP-008078,27874,463,3,9,6,RR-004,2013-03-30,2013-04-08,2013-04-12,1,1,24.49,23.76,REFUND,REFUNDED,SIMULATED return linked to an AdventureWorks order line,synthetic_extension,1.0.0,BASELINE,20260728,2026-07-28T00:00:00.000Z
RET-000451,SO54227,3,SHP-008118,16398,463,3,7,100,RR-003,2013-04-05,2013-04-11,2013-04-14,1,1,24.49,23.76,REFUND,REFUNDED,SIMULATED return linked to an AdventureWorks order line,synthetic_extension,1.0.0,BASELINE,20260728,2026-07-28T00:00:00.000Z
RET-000452,SO54235,2,SHP-008126,14260,476,3,9,6,RR-002,2013-04-12,2013-04-22,2013-04-25,1,1,69.99,67.89,REFUND,REFUNDED,SIMULATED return linked to an AdventureWorks order line,synthetic_extension,1.0.0,BASELINE,20260728,2026-07-28T00:00:00.000Z
RET-000453,SO54235,3,SHP-008126,14260,488,3,9,6,RR-001,2013-03-26,2013-04-02,2013-04-04,1,1,53.99,52.37,REFUND,REFUNDED,SIMULATED return linked to an AdventureWorks order line,synthetic_extension,1.0.0,BASELINE,20260728,2026-07-28T00:00:00.000Z
RET-000454,SO54257,1,SHP-008148,12715,535,4,9,6,RR-004,2013-04-08,2013-04-13,2013-04-17,1,1,24.99,24.24,REFUND,REFUNDED,SIMULATED return linked to an AdventureWorks order line,synthetic_extension,1.0.0,BASELINE,20260728,2026-07-28T00:00:00.000Z
RET-000455,SO54275,1,SHP-008166,21688,478,4,4,100,RR-004,2013-03-30,2013-04-08,2013-04-12,1,1,9.99,9.69,REFUND,REFUNDED,SIMULATED return linked to an AdventureWorks order line,synthetic_extension,1.0.0,BASELINE,20260728,2026-07-28T00:00:00.000Z
RET-000456,SO54275,2,SHP-008166,21688,477,4,4,100,RR-003,2013-03-31,2013-04-06,2013-04-09,1,1,4.99,4.84,REFUND,REFUNDED,SIMULATED return linked to an AdventureWorks order line,synthetic_extension,1.0.0,BASELINE,20260728,2026-07-28T00:00:00.000Z
RET-000457,SO54291,1,SHP-008182,11419,538,4,10,98,RR-006,2013-04-04,2013-04-11,2013-04-13,1,1,21.49,20.85,REFUND,REFUNDED,SIMULATED return linked to an AdventureWorks order line,synthetic_extension,1.0.0,BASELINE,20260728,2026-07-28T00:00:00.000Z
RET-000458,SO54291,3,SHP-008182,11419,486,4,10,98,RR-004,2013-04-02,2013-04-07,2013-04-11,1,1,159,154.23,REFUND,REFUNDED,SIMULATED return linked to an AdventureWorks order line,synthetic_extension,1.0.0,BASELINE,20260728,2026-07-28T00:00:00.000Z
RET-000459,SO54298,3,SHP-008189,12181,473,3,4,100,RR-002,2013-04-04,2013-04-08,2013-04-09,1,1,63.5,61.59,REFUND,REFUNDED,SIMULATED return linked to an AdventureWorks order line,synthetic_extension,1.0.0,BASELINE,20260728,2026-07-28T00:00:00.000Z
RET-000460,SO54299,2,SHP-008190,12072,478,4,4,100,RR-005,2013-04-07,2013-04-15,2013-04-16,1,1,9.99,9.69,REFUND,REFUNDED,SIMULATED return linked to an AdventureWorks order line,synthetic_extension,1.0.0,BASELINE,20260728,2026-07-28T00:00:00.000Z
RET-000461,SO54300,5,SHP-008191,12286,225,3,10,98,RR-002,2013-04-14,2013-04-18,2013-04-19,1,1,8.99,8.72,REFUND,REFUNDED,SIMULATED return linked to an AdventureWorks order line,synthetic_extension,1.0.0,BASELINE,20260728,2026-07-28T00:00:00.000Z
RET-000462,SO54319,1,SHP-008210,11519,484,4,6,19,RR-003,2013-04-03,2013-04-13,2013-04-16,1,1,7.95,7.71,REFUND,REFUNDED,SIMULATED return linked to an AdventureWorks order line,synthetic_extension,1.0.0,BASELINE,20260728,2026-07-28T00:00:00.000Z
RET-000463,SO54322,1,SHP-008213,20265,536,4,9,6,RR-005,2013-04-11,2013-04-15,2013-04-16,1,1,29.99,29.09,REFUND,REFUNDED,SIMULATED return linked to an AdventureWorks order line,synthetic_extension,1.0.0,BASELINE,20260728,2026-07-28T00:00:00.000Z
RET-000464,SO54334,1,SHP-008225,11631,539,4,6,19,RR-004,2013-04-07,2013-04-12,2013-04-16,1,1,24.99,24.24,REFUND,REFUNDED,SIMULATED return linked to an AdventureWorks order line,synthetic_extension,1.0.0,BASELINE,20260728,2026-07-28T00:00:00.000Z
RET-000465,SO54334,2,SHP-008225,11631,529,4,6,19,RR-003,2013-04-08,2013-04-18,2013-04-21,1,1,3.99,3.87,REFUND,REFUNDED,SIMULATED return linked to an AdventureWorks order line,synthetic_extension,1.0.0,BASELINE,20260728,2026-07-28T00:00:00.000Z
RET-000466,SO54343,1,SHP-008234,14717,537,4,7,100,RR-006,2013-04-05,2013-04-12,2013-04-14,1,1,35,33.95,REFUND,REFUNDED,SIMULATED return linked to an AdventureWorks order line,synthetic_extension,1.0.0,BASELINE,20260728,2026-07-28T00:00:00.000Z
RET-000467,SO54355,1,SHP-008246,11194,537,4,4,100,RR-003,2013-04-06,2013-04-16,2013-04-19,1,1,35,33.95,REFUND,REFUNDED,SIMULATED return linked to an AdventureWorks order line,synthetic_extension,1.0.0,BASELINE,20260728,2026-07-28T00:00:00.000Z
RET-000468,SO54355,2,SHP-008246,11194,528,4,4,100,RR-004,2013-04-05,2013-04-10,2013-04-14,1,1,4.99,4.84,REFUND,REFUNDED,SIMULATED return linked to an AdventureWorks order line,synthetic_extension,1.0.0,BASELINE,20260728,2026-07-28T00:00:00.000Z
RET-000469,SO54355,3,SHP-008246,11194,480,4,4,100,RR-005,2013-04-04,2013-04-12,2013-04-13,1,1,2.29,2.22,REFUND,REFUNDED,SIMULATED return linked to an AdventureWorks order line,synthetic_extension,1.0.0,BASELINE,20260728,2026-07-28T00:00:00.000Z
RET-000470,SO54399,1,SHP-008290,19025,476,3,1,100,RR-003,2013-04-02,2013-04-12,2013-04-15,1,1,69.99,67.89,REFUND,REFUNDED,SIMULATED return linked to an AdventureWorks order line,synthetic_extension,1.0.0,BASELINE,20260728,2026-07-28T00:00:00.000Z
RET-000471,SO54399,2,SHP-008290,19025,231,3,1,100,RR-004,2013-04-01,2013-04-06,2013-04-10,1,1,49.99,48.49,REFUND,REFUNDED,SIMULATED return linked to an AdventureWorks order line,synthetic_extension,1.0.0,BASELINE,20260728,2026-07-28T00:00:00.000Z
RET-000472,SO54435,1,SHP-008326,26771,475,3,9,6,RR-001,2013-04-11,2013-04-18,2013-04-20,1,1,69.99,67.89,REFUND,REFUNDED,SIMULATED return linked to an AdventureWorks order line,synthetic_extension,1.0.0,BASELINE,20260728,2026-07-28T00:00:00.000Z
RET-000473,SO54483,1,SHP-008374,19571,530,4,9,6,RR-005,2013-04-18,2013-04-22,2013-04-23,1,1,4.99,4.84,REFUND,REFUNDED,SIMULATED return linked to an AdventureWorks order line,synthetic_extension,1.0.0,BASELINE,20260728,2026-07-28T00:00:00.000Z
RET-000474,SO54483,2,SHP-008374,19571,541,4,9,6,RR-006,2013-04-03,2013-04-06,2013-04-08,1,1,28.99,28.12,REFUND,REFUNDED,SIMULATED return linked to an AdventureWorks order line,synthetic_extension,1.0.0,BASELINE,20260728,2026-07-28T00:00:00.000Z
RET-000475,SO54484,3,SHP-008375,16489,234,3,9,6,RR-001,2013-04-04,2013-04-13,2013-04-17,1,1,49.99,48.49,REFUND,REFUNDED,SIMULATED return linked to an AdventureWorks order line,synthetic_extension,1.0.0,BASELINE,20260728,2026-07-28T00:00:00.000Z
RET-000476,SO54484,4,SHP-008375,16489,465,3,9,6,RR-002,2013-04-19,2013-04-29,2013-05-02,1,1,24.49,23.76,REFUND,REFUNDED,SIMULATED return linked to an AdventureWorks order line,synthetic_extension,1.0.0,BASELINE,20260728,2026-07-28T00:00:00.000Z
RET-000477,SO54498,1,SHP-008389,15824,485,4,4,100,RR-005,2013-04-10,2013-04-14,2013-04-15,1,1,21.98,21.32,REFUND,REFUNDED,SIMULATED return linked to an AdventureWorks order line,synthetic_extension,1.0.0,BASELINE,20260728,2026-07-28T00:00:00.000Z
RET-000478,SO54498,2,SHP-008389,15824,488,3,4,100,RR-006,2013-04-13,2013-04-16,2013-04-18,1,1,53.99,52.37,REFUND,REFUNDED,SIMULATED return linked to an AdventureWorks order line,synthetic_extension,1.0.0,BASELINE,20260728,2026-07-28T00:00:00.000Z
RET-000479,SO54516,5,SHP-008407,20816,228,3,9,6,RR-001,2013-04-02,2013-04-05,2013-04-07,1,1,49.99,48.49,REFUND,REFUNDED,SIMULATED return linked to an AdventureWorks order line,synthetic_extension,1.0.0,BASELINE,20260728,2026-07-28T00:00:00.000Z
RET-000480,SO54536,1,SHP-008427,28904,588,1,7,100,RR-004,2013-04-03,2013-04-08,2013-04-12,1,1,769.49,746.41,REFUND,REFUNDED,SIMULATED return linked to an AdventureWorks order line,synthetic_extension,1.0.0,BASELINE,20260728,2026-07-28T00:00:00.000Z
RET-000481,SO54536,2,SHP-008427,28904,536,4,7,100,RR-003,2013-04-04,2013-04-14,2013-04-17,1,1,29.99,29.09,REFUND,REFUNDED,SIMULATED return linked to an AdventureWorks order line,synthetic_extension,1.0.0,BASELINE,20260728,2026-07-28T00:00:00.000Z
RET-000482,SO54570,3,SHP-008461,12568,465,3,10,98,RR-001,2013-04-15,2013-04-20,2013-04-24,1,1,24.49,23.76,REFUND,REFUNDED,SIMULATED return linked to an AdventureWorks order line,synthetic_extension,1.0.0,BASELINE,20260728,2026-07-28T00:00:00.000Z
RET-000483,SO54589,1,SHP-008480,11575,359,1,10,98,RR-006,2013-04-06,2013-04-13,2013-04-15,1,1,2294.99,2226.14,REFUND,REFUNDED,SIMULATED return linked to an AdventureWorks order line,synthetic_extension,1.0.0,BASELINE,20260728,2026-07-28T00:00:00.000Z
RET-000484,SO54601,2,SHP-008492,27937,540,4,8,100,RR-006,2013-04-07,2013-04-10,2013-04-12,1,1,32.6,31.62,REFUND,REFUNDED,SIMULATED return linked to an AdventureWorks order line,synthetic_extension,1.0.0,BASELINE,20260728,2026-07-28T00:00:00.000Z
RET-000485,SO54601,3,SHP-008492,27937,529,4,8,100,RR-003,2013-04-06,2013-04-12,2013-04-15,1,1,3.99,3.87,REFUND,REFUNDED,SIMULATED return linked to an AdventureWorks order line,synthetic_extension,1.0.0,BASELINE,20260728,2026-07-28T00:00:00.000Z
RET-000486,SO54632,2,SHP-008523,26896,482,3,10,98,RR-004,2013-04-13,2013-04-22,2013-04-26,1,1,8.99,8.72,REFUND,REFUNDED,SIMULATED return linked to an AdventureWorks order line,synthetic_extension,1.0.0,BASELINE,20260728,2026-07-28T00:00:00.000Z
RET-000487,SO54662,1,SHP-008553,11300,484,4,6,19,RR-004,2013-04-09,2013-04-18,2013-04-22,1,1,7.95,7.71,REFUND,REFUNDED,SIMULATED return linked to an AdventureWorks order line,synthetic_extension,1.0.0,BASELINE,20260728,2026-07-28T00:00:00.000Z
RET-000488,SO54684,1,SHP-008575,17169,477,4,4,100,RR-004,2013-04-12,2013-04-21,2013-04-25,1,1,4.99,4.84,REFUND,REFUNDED,SIMULATED return linked to an AdventureWorks order line,synthetic_extension,1.0.0,BASELINE,20260728,2026-07-28T00:00:00.000Z
RET-000489,SO54708,1,SHP-008599,25339,225,3,4,100,RR-005,2013-04-19,2013-04-23,2013-04-24,1,1,8.99,8.72,REFUND,REFUNDED,SIMULATED return linked to an AdventureWorks order line,synthetic_extension,1.0.0,BASELINE,20260728,2026-07-28T00:00:00.000Z
RET-000490,SO54709,1,SHP-008600,29256,225,3,6,19,RR-001,2013-04-11,2013-04-16,2013-04-20,1,1,8.99,8.72,REFUND,REFUNDED,SIMULATED return linked to an AdventureWorks order line,synthetic_extension,1.0.0,BASELINE,20260728,2026-07-28T00:00:00.000Z
RET-000491,SO54735,1,SHP-008626,14723,477,4,6,19,RR-005,2013-04-20,2013-04-28,2013-04-29,1,1,4.99,4.84,REFUND,REFUNDED,SIMULATED return linked to an AdventureWorks order line,synthetic_extension,1.0.0,BASELINE,20260728,2026-07-28T00:00:00.000Z
RET-000492,SO54735,2,SHP-008626,14723,478,4,6,19,RR-006,2013-04-05,2013-04-12,2013-04-14,1,1,9.99,9.69,REFUND,REFUNDED,SIMULATED return linked to an AdventureWorks order line,synthetic_extension,1.0.0,BASELINE,20260728,2026-07-28T00:00:00.000Z
RET-000493,SO54740,2,SHP-008631,15281,217,4,4,100,RR-006,2013-04-17,2013-04-24,2013-04-26,1,1,34.99,33.94,REFUND,REFUNDED,SIMULATED return linked to an AdventureWorks order line,synthetic_extension,1.0.0,BASELINE,20260728,2026-07-28T00:00:00.000Z
RET-000494,SO54771,1,SHP-008662,14123,539,4,9,6,RR-005,2013-04-17,2013-04-25,2013-04-26,1,1,24.99,24.24,REFUND,REFUNDED,SIMULATED return linked to an AdventureWorks order line,synthetic_extension,1.0.0,BASELINE,20260728,2026-07-28T00:00:00.000Z
RET-000495,SO54771,2,SHP-008662,14123,529,4,9,6,RR-006,2013-04-20,2013-04-27,2013-04-29,1,1,3.99,3.87,REFUND,REFUNDED,SIMULATED return linked to an AdventureWorks order line,synthetic_extension,1.0.0,BASELINE,20260728,2026-07-28T00:00:00.000Z
RET-000496,SO54787,1,SHP-008678,27607,528,4,6,19,RR-006,2013-04-13,2013-04-16,2013-04-18,1,1,4.99,4.84,REFUND,REFUNDED,SIMULATED return linked to an AdventureWorks order line,synthetic_extension,1.0.0,BASELINE,20260728,2026-07-28T00:00:00.000Z
RET-000497,SO54787,2,SHP-008678,27607,480,4,6,19,RR-005,2013-04-10,2013-04-14,2013-04-15,1,1,2.29,2.22,REFUND,REFUNDED,SIMULATED return linked to an AdventureWorks order line,synthetic_extension,1.0.0,BASELINE,20260728,2026-07-28T00:00:00.000Z
RET-000498,SO54801,4,SHP-008692,11540,484,4,4,100,RR-006,2013-04-04,2013-04-07,2013-04-09,1,1,7.95,7.71,REFUND,REFUNDED,SIMULATED return linked to an AdventureWorks order line,synthetic_extension,1.0.0,BASELINE,20260728,2026-07-28T00:00:00.000Z
RET-000499,SO54825,1,SHP-008716,15034,225,3,9,6,RR-002,2013-04-12,2013-04-16,2013-04-17,1,1,8.99,8.72,REFUND,REFUNDED,SIMULATED return linked to an AdventureWorks order line,synthetic_extension,1.0.0,BASELINE,20260728,2026-07-28T00:00:00.000Z
RET-000500,SO54846,1,SHP-008737,13222,477,4,6,19,RR-004,2013-04-10,2013-04-19,2013-04-23,1,1,4.99,4.84,REFUND,REFUNDED,SIMULATED return linked to an AdventureWorks order line,synthetic_extension,1.0.0,BASELINE,20260728,2026-07-28T00:00:00.000Z
RET-000501,SO54846,2,SHP-008737,13222,225,3,6,19,RR-003,2013-04-11,2013-04-17,2013-04-20,1,1,8.99,8.72,REFUND,REFUNDED,SIMULATED return linked to an AdventureWorks order line,synthetic_extension,1.0.0,BASELINE,20260728,2026-07-28T00:00:00.000Z
RET-000502,SO54866,1,SHP-008757,18738,380,1,9,6,RR-006,2013-04-10,2013-04-13,2013-04-15,1,1,2443.35,2370.05,REFUND,REFUNDED,SIMULATED return linked to an AdventureWorks order line,synthetic_extension,1.0.0,BASELINE,20260728,2026-07-28T00:00:00.000Z
RET-000503,SO54866,4,SHP-008757,18738,490,3,9,6,RR-002,2013-04-23,2013-05-03,2013-05-06,1,1,53.99,52.37,REFUND,REFUNDED,SIMULATED return linked to an AdventureWorks order line,synthetic_extension,1.0.0,BASELINE,20260728,2026-07-28T00:00:00.000Z
RET-000504,SO54880,1,SHP-008771,15080,564,1,8,100,RR-006,2013-04-20,2013-04-23,2013-04-25,1,1,2384.07,2312.55,REFUND,REFUNDED,SIMULATED return linked to an AdventureWorks order line,synthetic_extension,1.0.0,BASELINE,20260728,2026-07-28T00:00:00.000Z
RET-000505,SO54880,3,SHP-008771,15080,477,4,8,100,RR-004,2013-04-18,2013-04-27,2013-05-01,1,1,4.99,4.84,REFUND,REFUNDED,SIMULATED return linked to an AdventureWorks order line,synthetic_extension,1.0.0,BASELINE,20260728,2026-07-28T00:00:00.000Z
RET-000506,SO54907,1,SHP-008798,17663,528,4,4,100,RR-004,2013-04-08,2013-04-13,2013-04-17,1,1,4.99,4.84,REFUND,REFUNDED,SIMULATED return linked to an AdventureWorks order line,synthetic_extension,1.0.0,BASELINE,20260728,2026-07-28T00:00:00.000Z
RET-000507,SO54907,2,SHP-008798,17663,480,4,4,100,RR-003,2013-04-09,2013-04-19,2013-04-22,1,1,2.29,2.22,REFUND,REFUNDED,SIMULATED return linked to an AdventureWorks order line,synthetic_extension,1.0.0,BASELINE,20260728,2026-07-28T00:00:00.000Z
RET-000508,SO54951,1,SHP-008842,13868,485,4,1,100,RR-005,2013-04-14,2013-04-22,2013-04-23,1,1,21.98,21.32,REFUND,REFUNDED,SIMULATED return linked to an AdventureWorks order line,synthetic_extension,1.0.0,BASELINE,20260728,2026-07-28T00:00:00.000Z
RET-000509,SO54951,2,SHP-008842,13868,482,3,1,100,RR-001,2013-04-17,2013-04-24,2013-04-26,1,1,8.99,8.72,REFUND,REFUNDED,SIMULATED return linked to an AdventureWorks order line,synthetic_extension,1.0.0,BASELINE,20260728,2026-07-28T00:00:00.000Z
RET-000510,SO54969,1,SHP-008860,14702,585,1,10,98,RR-004,2013-04-08,2013-04-17,2013-04-21,1,1,742.35,720.08,REFUND,REFUNDED,SIMULATED return linked to an AdventureWorks order line,synthetic_extension,1.0.0,BASELINE,20260728,2026-07-28T00:00:00.000Z
RET-000511,SO54969,2,SHP-008860,14702,217,4,10,98,RR-003,2013-04-09,2013-04-15,2013-04-18,1,1,34.99,33.94,REFUND,REFUNDED,SIMULATED return linked to an AdventureWorks order line,synthetic_extension,1.0.0,BASELINE,20260728,2026-07-28T00:00:00.000Z
RET-000512,SO54984,1,SHP-008875,19973,477,4,9,6,RR-003,2013-04-23,2013-04-29,2013-05-02,1,1,4.99,4.84,REFUND,REFUNDED,SIMULATED return linked to an AdventureWorks order line,synthetic_extension,1.0.0,BASELINE,20260728,2026-07-28T00:00:00.000Z
RET-000513,SO54984,2,SHP-008875,19973,482,3,9,6,RR-004,2013-04-22,2013-05-01,2013-05-05,1,1,8.99,8.72,REFUND,REFUNDED,SIMULATED return linked to an AdventureWorks order line,synthetic_extension,1.0.0,BASELINE,20260728,2026-07-28T00:00:00.000Z
RET-000514,SO54984,3,SHP-008875,19973,479,4,9,6,RR-005,2013-04-21,2013-04-25,2013-04-26,1,1,8.99,8.72,REFUND,REFUNDED,SIMULATED return linked to an AdventureWorks order line,synthetic_extension,1.0.0,BASELINE,20260728,2026-07-28T00:00:00.000Z
RET-000515,SO55055,1,SHP-008946,20117,474,3,1,100,RR-002,2013-04-12,2013-04-22,2013-04-25,1,1,69.99,67.89,REFUND,REFUNDED,SIMULATED return linked to an AdventureWorks order line,synthetic_extension,1.0.0,BASELINE,20260728,2026-07-28T00:00:00.000Z
RET-000516,SO55055,2,SHP-008946,20117,225,3,1,100,RR-001,2013-04-11,2013-04-16,2013-04-20,1,1,8.99,8.72,REFUND,REFUNDED,SIMULATED return linked to an AdventureWorks order line,synthetic_extension,1.0.0,BASELINE,20260728,2026-07-28T00:00:00.000Z
RET-000517,SO55065,1,SHP-008956,14865,536,4,10,98,RR-006,2013-04-14,2013-04-21,2013-04-23,1,1,29.99,29.09,REFUND,REFUNDED,SIMULATED return linked to an AdventureWorks order line,synthetic_extension,1.0.0,BASELINE,20260728,2026-07-28T00:00:00.000Z
RET-000518,SO55133,2,SHP-009024,11967,225,3,9,6,RR-005,2013-04-20,2013-04-24,2013-04-25,1,1,8.99,8.72,REFUND,REFUNDED,SIMULATED return linked to an AdventureWorks order line,synthetic_extension,1.0.0,BASELINE,20260728,2026-07-28T00:00:00.000Z
RET-000519,SO55133,3,SHP-009024,11967,487,4,9,6,RR-004,2013-04-21,2013-04-30,2013-05-04,1,1,54.99,53.34,REFUND,REFUNDED,SIMULATED return linked to an AdventureWorks order line,synthetic_extension,1.0.0,BASELINE,20260728,2026-07-28T00:00:00.000Z
RET-000520,SO55140,1,SHP-009031,11999,577,1,9,6,RR-004,2013-04-18,2013-04-23,2013-04-27,1,1,1214.85,1178.4,REFUND,REFUNDED,SIMULATED return linked to an AdventureWorks order line,synthetic_extension,1.0.0,BASELINE,20260728,2026-07-28T00:00:00.000Z
RET-000521,SO55140,2,SHP-009031,11999,541,4,9,6,RR-003,2013-04-19,2013-04-29,2013-05-02,1,1,28.99,28.12,REFUND,REFUNDED,SIMULATED return linked to an AdventureWorks order line,synthetic_extension,1.0.0,BASELINE,20260728,2026-07-28T00:00:00.000Z
RET-000522,SO55140,3,SHP-009031,11999,530,4,9,6,RR-006,2013-04-20,2013-04-27,2013-04-29,1,1,4.99,4.84,REFUND,REFUNDED,SIMULATED return linked to an AdventureWorks order line,synthetic_extension,1.0.0,BASELINE,20260728,2026-07-28T00:00:00.000Z
RET-000523,SO55140,4,SHP-009031,11999,214,4,9,6,RR-005,2013-04-21,2013-04-25,2013-04-26,1,1,34.99,33.94,REFUND,REFUNDED,SIMULATED return linked to an AdventureWorks order line,synthetic_extension,1.0.0,BASELINE,20260728,2026-07-28T00:00:00.000Z
RET-000524,SO55140,5,SHP-009031,11999,467,3,9,6,RR-004,2013-04-22,2013-05-01,2013-05-05,1,1,24.49,23.76,REFUND,REFUNDED,SIMULATED return linked to an AdventureWorks order line,synthetic_extension,1.0.0,BASELINE,20260728,2026-07-28T00:00:00.000Z
RET-000525,SO55153,1,SHP-009044,20746,535,4,6,19,RR-004,2013-04-14,2013-04-23,2013-04-27,1,1,24.99,24.24,REFUND,REFUNDED,SIMULATED return linked to an AdventureWorks order line,synthetic_extension,1.0.0,BASELINE,20260728,2026-07-28T00:00:00.000Z
RET-000526,SO55153,2,SHP-009044,20746,528,4,6,19,RR-003,2013-04-15,2013-04-21,2013-04-24,1,1,4.99,4.84,REFUND,REFUNDED,SIMULATED return linked to an AdventureWorks order line,synthetic_extension,1.0.0,BASELINE,20260728,2026-07-28T00:00:00.000Z
RET-000527,SO55172,2,SHP-009063,13183,490,3,1,100,RR-001,2013-04-26,2013-05-05,2013-05-09,1,1,53.99,52.37,REFUND,REFUNDED,SIMULATED return linked to an AdventureWorks order line,synthetic_extension,1.0.0,BASELINE,20260728,2026-07-28T00:00:00.000Z
RET-000528,SO55182,2,SHP-009073,17238,471,3,9,6,RR-002,2013-04-28,2013-05-02,2013-05-03,1,1,63.5,61.59,REFUND,REFUNDED,SIMULATED return linked to an AdventureWorks order line,synthetic_extension,1.0.0,BASELINE,20260728,2026-07-28T00:00:00.000Z
RET-000529,SO55183,4,SHP-009074,16168,484,4,9,6,RR-006,2013-04-26,2013-04-29,2013-05-01,1,1,7.95,7.71,REFUND,REFUNDED,SIMULATED return linked to an AdventureWorks order line,synthetic_extension,1.0.0,BASELINE,20260728,2026-07-28T00:00:00.000Z
RET-000530,SO55185,1,SHP-009076,12249,231,3,9,6,RR-002,2013-05-01,2013-05-05,2013-05-06,1,1,49.99,48.49,REFUND,REFUNDED,SIMULATED return linked to an AdventureWorks order line,synthetic_extension,1.0.0,BASELINE,20260728,2026-07-28T00:00:00.000Z
RET-000531,SO55207,1,SHP-009098,20596,535,4,10,98,RR-004,2013-04-13,2013-04-18,2013-04-22,1,1,24.99,24.24,REFUND,REFUNDED,SIMULATED return linked to an AdventureWorks order line,synthetic_extension,1.0.0,BASELINE,20260728,2026-07-28T00:00:00.000Z
RET-000532,SO55207,2,SHP-009098,20596,528,4,10,98,RR-003,2013-04-14,2013-04-24,2013-04-27,1,1,4.99,4.84,REFUND,REFUNDED,SIMULATED return linked to an AdventureWorks order line,synthetic_extension,1.0.0,BASELINE,20260728,2026-07-28T00:00:00.000Z
RET-000533,SO55207,3,SHP-009098,20596,480,4,10,98,RR-006,2013-04-15,2013-04-22,2013-04-24,1,1,2.29,2.22,REFUND,REFUNDED,SIMULATED return linked to an AdventureWorks order line,synthetic_extension,1.0.0,BASELINE,20260728,2026-07-28T00:00:00.000Z
RET-000534,SO55225,1,SHP-009116,16743,380,1,9,6,RR-004,2013-04-29,2013-05-08,2013-05-12,1,1,2443.35,2370.05,REFUND,REFUNDED,SIMULATED return linked to an AdventureWorks order line,synthetic_extension,1.0.0,BASELINE,20260728,2026-07-28T00:00:00.000Z
RET-000535,SO55225,2,SHP-009116,16743,479,4,9,6,RR-003,2013-04-30,2013-05-06,2013-05-09,1,1,8.99,8.72,REFUND,REFUNDED,SIMULATED return linked to an AdventureWorks order line,synthetic_extension,1.0.0,BASELINE,20260728,2026-07-28T00:00:00.000Z
RET-000536,SO55225,3,SHP-009116,16743,477,4,9,6,RR-006,2013-04-13,2013-04-16,2013-04-18,1,1,4.99,4.84,REFUND,REFUNDED,SIMULATED return linked to an AdventureWorks order line,synthetic_extension,1.0.0,BASELINE,20260728,2026-07-28T00:00:00.000Z
RET-000537,SO55225,4,SHP-009116,16743,222,4,9,6,RR-005,2013-04-24,2013-05-02,2013-05-03,1,1,34.99,33.94,REFUND,REFUNDED,SIMULATED return linked to an AdventureWorks order line,synthetic_extension,1.0.0,BASELINE,20260728,2026-07-28T00:00:00.000Z
RET-000538,SO55340,1,SHP-009132,19625,541,4,9,6,RR-006,2013-04-26,2013-05-03,2013-05-05,1,1,28.99,28.12,REFUND,REFUNDED,SIMULATED return linked to an AdventureWorks order line,synthetic_extension,1.0.0,BASELINE,20260728,2026-07-28T00:00:00.000Z
RET-000539,SO55349,1,SHP-009141,19880,476,3,4,100,RR-002,2013-04-16,2013-04-22,2013-04-25,1,1,69.99,67.89,REFUND,REFUNDED,SIMULATED return linked to an AdventureWorks order line,synthetic_extension,1.0.0,BASELINE,20260728,2026-07-28T00:00:00.000Z
RET-000540,SO55360,1,SHP-009152,26894,538,4,8,100,RR-004,2013-04-26,2013-05-01,2013-05-05,1,1,21.49,20.85,REFUND,REFUNDED,SIMULATED return linked to an AdventureWorks order line,synthetic_extension,1.0.0,BASELINE,20260728,2026-07-28T00:00:00.000Z
RET-000541,SO55372,2,SHP-009164,29179,225,3,9,6,RR-006,2013-04-25,2013-05-02,2013-05-04,1,1,8.99,8.72,REFUND,REFUNDED,SIMULATED return linked to an AdventureWorks order line,synthetic_extension,1.0.0,BASELINE,20260728,2026-07-28T00:00:00.000Z
RET-000542,SO55395,2,SHP-009187,17742,491,3,8,100,RR-002,2013-05-02,2013-05-12,2013-05-15,1,1,53.99,52.37,REFUND,REFUNDED,SIMULATED return linked to an AdventureWorks order line,synthetic_extension,1.0.0,BASELINE,20260728,2026-07-28T00:00:00.000Z
RET-000543,SO55399,3,SHP-009191,15652,536,4,10,98,RR-006,2013-04-21,2013-04-24,2013-04-26,1,1,29.99,29.09,REFUND,REFUNDED,SIMULATED return linked to an AdventureWorks order line,synthetic_extension,1.0.0,BASELINE,20260728,2026-07-28T00:00:00.000Z
RET-000544,SO55415,2,SHP-009207,16214,480,4,1,100,RR-004,2013-04-20,2013-04-25,2013-04-29,1,1,2.29,2.22,REFUND,REFUNDED,SIMULATED return linked to an AdventureWorks order line,synthetic_extension,1.0.0,BASELINE,20260728,2026-07-28T00:00:00.000Z
RET-000545,SO55415,3,SHP-009207,16214,484,4,1,100,RR-005,2013-04-19,2013-04-27,2013-04-28,1,1,7.95,7.71,REFUND,REFUNDED,SIMULATED return linked to an AdventureWorks order line,synthetic_extension,1.0.0,BASELINE,20260728,2026-07-28T00:00:00.000Z
RET-000546,SO55462,3,SHP-009254,11505,234,3,6,19,RR-002,2013-04-18,2013-04-24,2013-04-27,1,1,49.99,48.49,REFUND,REFUNDED,SIMULATED return linked to an AdventureWorks order line,synthetic_extension,1.0.0,BASELINE,20260728,2026-07-28T00:00:00.000Z
RET-000547,SO55462,4,SHP-009254,11505,463,3,6,19,RR-001,2013-05-01,2013-05-06,2013-05-10,1,1,24.49,23.76,REFUND,REFUNDED,SIMULATED return linked to an AdventureWorks order line,synthetic_extension,1.0.0,BASELINE,20260728,2026-07-28T00:00:00.000Z
RET-000548,SO55471,4,SHP-009263,21802,225,3,4,100,RR-001,2013-05-01,2013-05-10,2013-05-14,1,1,8.99,8.72,REFUND,REFUNDED,SIMULATED return linked to an AdventureWorks order line,synthetic_extension,1.0.0,BASELINE,20260728,2026-07-28T00:00:00.000Z
RET-000549,SO55477,1,SHP-009269,14849,485,4,8,100,RR-003,2013-04-20,2013-04-26,2013-04-29,1,1,21.98,21.32,REFUND,REFUNDED,SIMULATED return linked to an AdventureWorks order line,synthetic_extension,1.0.0,BASELINE,20260728,2026-07-28T00:00:00.000Z
RET-000550,SO55477,2,SHP-009269,14849,214,4,8,100,RR-004,2013-04-19,2013-04-28,2013-05-02,1,1,34.99,33.94,REFUND,REFUNDED,SIMULATED return linked to an AdventureWorks order line,synthetic_extension,1.0.0,BASELINE,20260728,2026-07-28T00:00:00.000Z
RET-000551,SO55496,1,SHP-009288,20988,584,1,9,6,RR-004,2013-04-26,2013-05-05,2013-05-09,1,1,539.99,523.79,REFUND,REFUNDED,SIMULATED return linked to an AdventureWorks order line,synthetic_extension,1.0.0,BASELINE,20260728,2026-07-28T00:00:00.000Z
RET-000552,SO55501,1,SHP-009293,22066,584,1,4,100,RR-005,2013-05-02,2013-05-06,2013-05-07,1,1,539.99,523.79,REFUND,REFUNDED,SIMULATED return linked to an AdventureWorks order line,synthetic_extension,1.0.0,BASELINE,20260728,2026-07-28T00:00:00.000Z
RET-000553,SO55542,2,SHP-009334,19586,214,4,9,6,RR-005,2013-04-22,2013-04-26,2013-04-27,1,1,34.99,33.94,REFUND,REFUNDED,SIMULATED return linked to an AdventureWorks order line,synthetic_extension,1.0.0,BASELINE,20260728,2026-07-28T00:00:00.000Z
RET-000554,SO55545,1,SHP-009337,24802,574,1,4,100,RR-005,2013-04-23,2013-04-27,2013-04-28,1,1,2384.07,2312.55,REFUND,REFUNDED,SIMULATED return linked to an AdventureWorks order line,synthetic_extension,1.0.0,BASELINE,20260728,2026-07-28T00:00:00.000Z
RET-000555,SO55545,2,SHP-009337,24802,477,4,4,100,RR-006,2013-04-26,2013-04-29,2013-05-01,1,1,4.99,4.84,REFUND,REFUNDED,SIMULATED return linked to an AdventureWorks order line,synthetic_extension,1.0.0,BASELINE,20260728,2026-07-28T00:00:00.000Z
RET-000556,SO55545,3,SHP-009337,24802,479,4,4,100,RR-003,2013-04-25,2013-05-01,2013-05-04,1,1,8.99,8.72,REFUND,REFUNDED,SIMULATED return linked to an AdventureWorks order line,synthetic_extension,1.0.0,BASELINE,20260728,2026-07-28T00:00:00.000Z
RET-000557,SO55562,1,SHP-009354,11828,490,3,1,100,RR-004,2013-04-20,2013-04-29,2013-05-03,1,1,53.99,52.37,REFUND,REFUNDED,SIMULATED return linked to an AdventureWorks order line,synthetic_extension,1.0.0,BASELINE,20260728,2026-07-28T00:00:00.000Z
RET-000558,SO55563,1,SHP-009355,11187,529,4,1,100,RR-005,2013-04-20,2013-04-28,2013-04-29,1,1,3.99,3.87,REFUND,REFUNDED,SIMULATED return linked to an AdventureWorks order line,synthetic_extension,1.0.0,BASELINE,20260728,2026-07-28T00:00:00.000Z
RET-000559,SO55563,2,SHP-009355,11187,471,3,1,100,RR-001,2013-04-23,2013-04-30,2013-05-02,1,1,63.5,61.59,REFUND,REFUNDED,SIMULATED return linked to an AdventureWorks order line,synthetic_extension,1.0.0,BASELINE,20260728,2026-07-28T00:00:00.000Z
RET-000560,SO55578,1,SHP-009370,16003,528,4,4,100,RR-005,2013-04-22,2013-04-30,2013-05-01,1,1,4.99,4.84,REFUND,REFUNDED,SIMULATED return linked to an AdventureWorks order line,synthetic_extension,1.0.0,BASELINE,20260728,2026-07-28T00:00:00.000Z
RET-000561,SO55579,3,SHP-009371,15963,237,3,1,100,RR-006,2013-04-24,2013-04-27,2013-04-29,1,1,49.99,48.49,REFUND,REFUNDED,SIMULATED return linked to an AdventureWorks order line,synthetic_extension,1.0.0,BASELINE,20260728,2026-07-28T00:00:00.000Z
RET-000562,SO55594,1,SHP-009386,16951,582,1,1,100,RR-003,2013-04-20,2013-04-26,2013-04-29,1,1,1700.99,1649.96,REFUND,REFUNDED,SIMULATED return linked to an AdventureWorks order line,synthetic_extension,1.0.0,BASELINE,20260728,2026-07-28T00:00:00.000Z
RET-000563,SO55594,2,SHP-009386,16951,214,4,1,100,RR-004,2013-04-19,2013-04-28,2013-05-02,1,1,34.99,33.94,REFUND,REFUNDED,SIMULATED return linked to an AdventureWorks order line,synthetic_extension,1.0.0,BASELINE,20260728,2026-07-28T00:00:00.000Z
RET-000564,SO55607,1,SHP-009399,11977,353,1,9,6,RR-004,2013-04-22,2013-05-01,2013-05-05,1,1,2319.99,2250.39,REFUND,REFUNDED,SIMULATED return linked to an AdventureWorks order line,synthetic_extension,1.0.0,BASELINE,20260728,2026-07-28T00:00:00.000Z
RET-000565,SO55607,2,SHP-009399,11977,485,4,9,6,RR-003,2013-04-23,2013-04-29,2013-05-02,1,1,21.98,21.32,REFUND,REFUNDED,SIMULATED return linked to an AdventureWorks order line,synthetic_extension,1.0.0,BASELINE,20260728,2026-07-28T00:00:00.000Z
RET-000566,SO55607,3,SHP-009399,11977,481,3,9,6,RR-006,2013-04-24,2013-04-27,2013-04-29,1,1,8.99,8.72,REFUND,REFUNDED,SIMULATED return linked to an AdventureWorks order line,synthetic_extension,1.0.0,BASELINE,20260728,2026-07-28T00:00:00.000Z
RET-000567,SO55611,1,SHP-009403,29403,604,1,8,100,RR-005,2013-04-22,2013-04-30,2013-05-01,1,1,539.99,523.79,REFUND,REFUNDED,SIMULATED return linked to an AdventureWorks order line,synthetic_extension,1.0.0,BASELINE,20260728,2026-07-28T00:00:00.000Z
RET-000568,SO55611,2,SHP-009403,29403,479,4,8,100,RR-006,2013-04-25,2013-05-02,2013-05-04,1,1,8.99,8.72,REFUND,REFUNDED,SIMULATED return linked to an AdventureWorks order line,synthetic_extension,1.0.0,BASELINE,20260728,2026-07-28T00:00:00.000Z
RET-000569,SO55611,3,SHP-009403,29403,477,4,8,100,RR-003,2013-04-24,2013-05-04,2013-05-07,1,1,4.99,4.84,REFUND,REFUNDED,SIMULATED return linked to an AdventureWorks order line,synthetic_extension,1.0.0,BASELINE,20260728,2026-07-28T00:00:00.000Z
RET-000570,SO55611,4,SHP-009403,29403,488,3,8,100,RR-004,2013-04-27,2013-05-06,2013-05-10,1,1,53.99,52.37,REFUND,REFUNDED,SIMULATED return linked to an AdventureWorks order line,synthetic_extension,1.0.0,BASELINE,20260728,2026-07-28T00:00:00.000Z
RET-000571,SO55611,5,SHP-009403,29403,225,3,8,100,RR-005,2013-04-26,2013-04-30,2013-05-01,1,1,8.99,8.72,REFUND,REFUNDED,SIMULATED return linked to an AdventureWorks order line,synthetic_extension,1.0.0,BASELINE,20260728,2026-07-28T00:00:00.000Z
RET-000572,SO55629,4,SHP-009421,24927,486,4,1,100,RR-005,2013-04-27,2013-05-05,2013-05-06,1,1,159,154.23,REFUND,REFUNDED,SIMULATED return linked to an AdventureWorks order line,synthetic_extension,1.0.0,BASELINE,20260728,2026-07-28T00:00:00.000Z
RET-000573,SO55645,1,SHP-009437,11490,488,3,7,100,RR-006,2013-04-23,2013-04-30,2013-05-02,1,1,53.99,52.37,REFUND,REFUNDED,SIMULATED return linked to an AdventureWorks order line,synthetic_extension,1.0.0,BASELINE,20260728,2026-07-28T00:00:00.000Z
RET-000574,SO55672,4,SHP-009464,22343,465,3,1,100,RR-002,2013-04-29,2013-05-03,2013-05-04,1,1,24.49,23.76,REFUND,REFUNDED,SIMULATED return linked to an AdventureWorks order line,synthetic_extension,1.0.0,BASELINE,20260728,2026-07-28T00:00:00.000Z
RET-000575,SO55706,1,SHP-009498,21815,528,4,6,19,RR-004,2013-04-24,2013-05-03,2013-05-07,1,1,4.99,4.84,REFUND,REFUNDED,SIMULATED return linked to an AdventureWorks order line,synthetic_extension,1.0.0,BASELINE,20260728,2026-07-28T00:00:00.000Z
RET-000576,SO55706,2,SHP-009498,21815,222,4,6,19,RR-003,2013-04-25,2013-05-01,2013-05-04,1,1,34.99,33.94,REFUND,REFUNDED,SIMULATED return linked to an AdventureWorks order line,synthetic_extension,1.0.0,BASELINE,20260728,2026-07-28T00:00:00.000Z
RET-000577,SO55706,3,SHP-009498,21815,465,3,6,19,RR-006,2013-04-26,2013-04-29,2013-05-01,1,1,24.49,23.76,REFUND,REFUNDED,SIMULATED return linked to an AdventureWorks order line,synthetic_extension,1.0.0,BASELINE,20260728,2026-07-28T00:00:00.000Z
RET-000578,SO55735,1,SHP-009527,25725,563,1,8,100,RR-006,2013-04-22,2013-04-29,2013-05-01,1,1,2384.07,2312.55,REFUND,REFUNDED,SIMULATED return linked to an AdventureWorks order line,synthetic_extension,1.0.0,BASELINE,20260728,2026-07-28T00:00:00.000Z
RET-000579,SO55735,2,SHP-009527,25725,222,4,8,100,RR-005,2013-05-07,2013-05-15,2013-05-16,1,1,34.99,33.94,REFUND,REFUNDED,SIMULATED return linked to an AdventureWorks order line,synthetic_extension,1.0.0,BASELINE,20260728,2026-07-28T00:00:00.000Z
RET-000580,SO55785,1,SHP-009577,15863,485,4,6,19,RR-003,2013-05-05,2013-05-15,2013-05-18,1,1,21.98,21.32,REFUND,REFUNDED,SIMULATED return linked to an AdventureWorks order line,synthetic_extension,1.0.0,BASELINE,20260728,2026-07-28T00:00:00.000Z
RET-000581,SO55785,2,SHP-009577,15863,487,4,6,19,RR-004,2013-05-04,2013-05-09,2013-05-13,1,1,54.99,53.34,REFUND,REFUNDED,SIMULATED return linked to an AdventureWorks order line,synthetic_extension,1.0.0,BASELINE,20260728,2026-07-28T00:00:00.000Z
RET-000582,SO55785,3,SHP-009577,15863,463,3,6,19,RR-005,2013-05-03,2013-05-11,2013-05-12,1,1,24.49,23.76,REFUND,REFUNDED,SIMULATED return linked to an AdventureWorks order line,synthetic_extension,1.0.0,BASELINE,20260728,2026-07-28T00:00:00.000Z
RET-000583,SO55798,1,SHP-009590,20997,606,1,9,6,RR-005,2013-05-01,2013-05-05,2013-05-06,1,1,539.99,523.79,REFUND,REFUNDED,SIMULATED return linked to an AdventureWorks order line,synthetic_extension,1.0.0,BASELINE,20260728,2026-07-28T00:00:00.000Z
RET-000584,SO55798,4,SHP-009590,20997,225,3,9,6,RR-001,2013-04-28,2013-05-03,2013-05-07,1,1,8.99,8.72,REFUND,REFUNDED,SIMULATED return linked to an AdventureWorks order line,synthetic_extension,1.0.0,BASELINE,20260728,2026-07-28T00:00:00.000Z
RET-000585,SO55810,4,SHP-009602,25757,473,3,10,98,RR-002,2013-04-24,2013-05-04,2013-05-07,1,1,63.5,61.59,REFUND,REFUNDED,SIMULATED return linked to an AdventureWorks order line,synthetic_extension,1.0.0,BASELINE,20260728,2026-07-28T00:00:00.000Z
RET-000586,SO55824,1,SHP-009616,13799,587,1,7,100,RR-003,2013-05-06,2013-05-16,2013-05-19,1,1,769.49,746.41,REFUND,REFUNDED,SIMULATED return linked to an AdventureWorks order line,synthetic_extension,1.0.0,BASELINE,20260728,2026-07-28T00:00:00.000Z
RET-000587,SO55824,2,SHP-009616,13799,231,3,7,100,RR-001,2013-05-05,2013-05-10,2013-05-14,1,1,49.99,48.49,REFUND,REFUNDED,SIMULATED return linked to an AdventureWorks order line,synthetic_extension,1.0.0,BASELINE,20260728,2026-07-28T00:00:00.000Z
RET-000588,SO55824,3,SHP-009616,13799,225,3,7,100,RR-002,2013-05-04,2013-05-12,2013-05-13,1,1,8.99,8.72,REFUND,REFUNDED,SIMULATED return linked to an AdventureWorks order line,synthetic_extension,1.0.0,BASELINE,20260728,2026-07-28T00:00:00.000Z
RET-000589,SO55847,1,SHP-009639,14961,529,4,8,100,RR-006,2013-04-28,2013-05-01,2013-05-03,1,1,3.99,3.87,REFUND,REFUNDED,SIMULATED return linked to an AdventureWorks order line,synthetic_extension,1.0.0,BASELINE,20260728,2026-07-28T00:00:00.000Z
RET-000590,SO55847,2,SHP-009639,14961,539,4,8,100,RR-005,2013-04-25,2013-04-29,2013-04-30,1,1,24.99,24.24,REFUND,REFUNDED,SIMULATED return linked to an AdventureWorks order line,synthetic_extension,1.0.0,BASELINE,20260728,2026-07-28T00:00:00.000Z
RET-000591,SO55847,3,SHP-009639,14961,480,4,8,100,RR-004,2013-04-26,2013-05-05,2013-05-09,1,1,2.29,2.22,REFUND,REFUNDED,SIMULATED return linked to an AdventureWorks order line,synthetic_extension,1.0.0,BASELINE,20260728,2026-07-28T00:00:00.000Z
RET-000592,SO55847,4,SHP-009639,14961,483,4,8,100,RR-003,2013-05-11,2013-05-21,2013-05-24,1,1,120,116.4,REFUND,REFUNDED,SIMULATED return linked to an AdventureWorks order line,synthetic_extension,1.0.0,BASELINE,20260728,2026-07-28T00:00:00.000Z
RET-000593,SO55865,1,SHP-009657,28729,574,1,10,98,RR-006,2013-05-08,2013-05-15,2013-05-17,1,1,2384.07,2312.55,REFUND,REFUNDED,SIMULATED return linked to an AdventureWorks order line,synthetic_extension,1.0.0,BASELINE,20260728,2026-07-28T00:00:00.000Z
RET-000594,SO55865,3,SHP-009657,28729,479,4,10,98,RR-004,2013-05-06,2013-05-11,2013-05-15,1,1,8.99,8.72,REFUND,REFUNDED,SIMULATED return linked to an AdventureWorks order line,synthetic_extension,1.0.0,BASELINE,20260728,2026-07-28T00:00:00.000Z
RET-000595,SO55904,2,SHP-009696,22378,225,3,7,100,RR-003,2013-04-26,2013-05-06,2013-05-09,1,1,8.99,8.72,REFUND,REFUNDED,SIMULATED return linked to an AdventureWorks order line,synthetic_extension,1.0.0,BASELINE,20260728,2026-07-28T00:00:00.000Z
RET-000596,SO55905,2,SHP-009697,28746,480,4,10,98,RR-006,2013-04-24,2013-04-27,2013-04-29,1,1,2.29,2.22,REFUND,REFUNDED,SIMULATED return linked to an AdventureWorks order line,synthetic_extension,1.0.0,BASELINE,20260728,2026-07-28T00:00:00.000Z
RET-000597,SO55922,1,SHP-009714,16519,388,1,9,6,RR-004,2013-04-30,2013-05-09,2013-05-13,1,1,1120.49,1086.88,REFUND,REFUNDED,SIMULATED return linked to an AdventureWorks order line,synthetic_extension,1.0.0,BASELINE,20260728,2026-07-28T00:00:00.000Z
RET-000598,SO55922,2,SHP-009714,16519,488,3,9,6,RR-002,2013-05-01,2013-05-07,2013-05-10,1,1,53.99,52.37,REFUND,REFUNDED,SIMULATED return linked to an AdventureWorks order line,synthetic_extension,1.0.0,BASELINE,20260728,2026-07-28T00:00:00.000Z
RET-000599,SO55940,1,SHP-009732,20120,474,3,1,100,RR-004,2013-05-05,2013-05-10,2013-05-14,1,1,69.99,67.89,REFUND,REFUNDED,SIMULATED return linked to an AdventureWorks order line,synthetic_extension,1.0.0,BASELINE,20260728,2026-07-28T00:00:00.000Z
RET-000600,SO55940,2,SHP-009732,20120,234,3,1,100,RR-003,2013-05-06,2013-05-16,2013-05-19,1,1,49.99,48.49,REFUND,REFUNDED,SIMULATED return linked to an AdventureWorks order line,synthetic_extension,1.0.0,BASELINE,20260728,2026-07-28T00:00:00.000Z
RET-000601,SO55959,2,SHP-009751,29196,490,3,9,6,RR-005,2013-05-13,2013-05-17,2013-05-18,1,1,53.99,52.37,REFUND,REFUNDED,SIMULATED return linked to an AdventureWorks order line,synthetic_extension,1.0.0,BASELINE,20260728,2026-07-28T00:00:00.000Z
RET-000602,SO55987,1,SHP-009779,12196,478,4,6,19,RR-003,2013-05-07,2013-05-13,2013-05-16,1,1,9.99,9.69,REFUND,REFUNDED,SIMULATED return linked to an AdventureWorks order line,synthetic_extension,1.0.0,BASELINE,20260728,2026-07-28T00:00:00.000Z
RET-000603,SO55987,2,SHP-009779,12196,477,4,6,19,RR-004,2013-05-06,2013-05-15,2013-05-19,1,1,4.99,4.84,REFUND,REFUNDED,SIMULATED return linked to an AdventureWorks order line,synthetic_extension,1.0.0,BASELINE,20260728,2026-07-28T00:00:00.000Z
RET-000604,SO55987,3,SHP-009779,12196,217,4,6,19,RR-005,2013-05-05,2013-05-09,2013-05-10,1,1,34.99,33.94,REFUND,REFUNDED,SIMULATED return linked to an AdventureWorks order line,synthetic_extension,1.0.0,BASELINE,20260728,2026-07-28T00:00:00.000Z
RET-000605,SO55997,1,SHP-009789,15673,535,4,7,100,RR-004,2013-04-25,2013-05-04,2013-05-08,1,1,24.99,24.24,REFUND,REFUNDED,SIMULATED return linked to an AdventureWorks order line,synthetic_extension,1.0.0,BASELINE,20260728,2026-07-28T00:00:00.000Z
RET-000606,SO55997,2,SHP-009789,15673,528,4,7,100,RR-003,2013-04-26,2013-05-02,2013-05-05,1,1,4.99,4.84,REFUND,REFUNDED,SIMULATED return linked to an AdventureWorks order line,synthetic_extension,1.0.0,BASELINE,20260728,2026-07-28T00:00:00.000Z
RET-000607,SO55997,3,SHP-009789,15673,222,4,7,100,RR-006,2013-04-27,2013-04-30,2013-05-02,1,1,34.99,33.94,REFUND,REFUNDED,SIMULATED return linked to an AdventureWorks order line,synthetic_extension,1.0.0,BASELINE,20260728,2026-07-28T00:00:00.000Z
RET-000608,SO56001,3,SHP-009793,27939,489,3,10,98,RR-003,2013-05-13,2013-05-23,2013-05-26,1,1,53.99,52.37,REFUND,REFUNDED,SIMULATED return linked to an AdventureWorks order line,synthetic_extension,1.0.0,BASELINE,20260728,2026-07-28T00:00:00.000Z
RET-000609,SO56007,1,SHP-009799,12934,363,1,4,100,RR-003,2013-04-26,2013-05-02,2013-05-05,1,1,2294.99,2226.14,REFUND,REFUNDED,SIMULATED return linked to an AdventureWorks order line,synthetic_extension,1.0.0,BASELINE,20260728,2026-07-28T00:00:00.000Z
RET-000610,SO56007,2,SHP-009799,12934,537,4,4,100,RR-004,2013-04-25,2013-05-04,2013-05-08,1,1,35,33.95,REFUND,REFUNDED,SIMULATED return linked to an AdventureWorks order line,synthetic_extension,1.0.0,BASELINE,20260728,2026-07-28T00:00:00.000Z
RET-000611,SO56007,4,SHP-009799,12934,214,4,4,100,RR-006,2013-04-23,2013-04-30,2013-05-02,1,1,34.99,33.94,REFUND,REFUNDED,SIMULATED return linked to an AdventureWorks order line,synthetic_extension,1.0.0,BASELINE,20260728,2026-07-28T00:00:00.000Z
RET-000612,SO56012,1,SHP-009804,25383,579,1,1,100,RR-005,2013-04-29,2013-05-03,2013-05-04,1,1,1214.85,1178.4,REFUND,REFUNDED,SIMULATED return linked to an AdventureWorks order line,synthetic_extension,1.0.0,BASELINE,20260728,2026-07-28T00:00:00.000Z
RET-000613,SO56012,3,SHP-009804,25383,477,4,1,100,RR-003,2013-05-01,2013-05-07,2013-05-10,1,1,4.99,4.84,REFUND,REFUNDED,SIMULATED return linked to an AdventureWorks order line,synthetic_extension,1.0.0,BASELINE,20260728,2026-07-28T00:00:00.000Z
RET-000614,SO56059,1,SHP-009851,12207,361,1,1,100,RR-006,2013-05-10,2013-05-13,2013-05-15,1,1,2294.99,2226.14,REFUND,REFUNDED,SIMULATED return linked to an AdventureWorks order line,synthetic_extension,1.0.0,BASELINE,20260728,2026-07-28T00:00:00.000Z
RET-000615,SO56059,2,SHP-009851,12207,480,4,1,100,RR-005,2013-05-07,2013-05-11,2013-05-12,1,1,2.29,2.22,REFUND,REFUNDED,SIMULATED return linked to an AdventureWorks order line,synthetic_extension,1.0.0,BASELINE,20260728,2026-07-28T00:00:00.000Z
RET-000616,SO56065,1,SHP-009857,22044,584,1,4,100,RR-003,2013-05-04,2013-05-14,2013-05-17,1,1,539.99,523.79,REFUND,REFUNDED,SIMULATED return linked to an AdventureWorks order line,synthetic_extension,1.0.0,BASELINE,20260728,2026-07-28T00:00:00.000Z
RET-000617,SO56065,2,SHP-009857,22044,479,4,4,100,RR-004,2013-05-03,2013-05-08,2013-05-12,1,1,8.99,8.72,REFUND,REFUNDED,SIMULATED return linked to an AdventureWorks order line,synthetic_extension,1.0.0,BASELINE,20260728,2026-07-28T00:00:00.000Z
RET-000618,SO56065,3,SHP-009857,22044,477,4,4,100,RR-005,2013-05-02,2013-05-10,2013-05-11,1,1,4.99,4.84,REFUND,REFUNDED,SIMULATED return linked to an AdventureWorks order line,synthetic_extension,1.0.0,BASELINE,20260728,2026-07-28T00:00:00.000Z
RET-000619,SO56065,4,SHP-009857,22044,489,3,4,100,RR-006,2013-05-09,2013-05-12,2013-05-14,1,1,53.99,52.37,REFUND,REFUNDED,SIMULATED return linked to an AdventureWorks order line,synthetic_extension,1.0.0,BASELINE,20260728,2026-07-28T00:00:00.000Z
RET-000620,SO56115,2,SHP-009907,24392,225,3,6,19,RR-001,2013-04-26,2013-05-05,2013-05-09,1,1,8.99,8.72,REFUND,REFUNDED,SIMULATED return linked to an AdventureWorks order line,synthetic_extension,1.0.0,BASELINE,20260728,2026-07-28T00:00:00.000Z
RET-000621,SO56150,1,SHP-009942,12964,536,4,6,19,RR-006,2013-05-06,2013-05-13,2013-05-15,1,1,29.99,29.09,REFUND,REFUNDED,SIMULATED return linked to an AdventureWorks order line,synthetic_extension,1.0.0,BASELINE,20260728,2026-07-28T00:00:00.000Z
RET-000622,SO56169,1,SHP-009961,11744,537,4,4,100,RR-006,2013-05-11,2013-05-14,2013-05-16,1,1,35,33.95,REFUND,REFUNDED,SIMULATED return linked to an AdventureWorks order line,synthetic_extension,1.0.0,BASELINE,20260728,2026-07-28T00:00:00.000Z
RET-000623,SO56169,2,SHP-009961,11744,480,4,4,100,RR-005,2013-05-08,2013-05-12,2013-05-13,1,1,2.29,2.22,REFUND,REFUNDED,SIMULATED return linked to an AdventureWorks order line,synthetic_extension,1.0.0,BASELINE,20260728,2026-07-28T00:00:00.000Z
RET-000624,SO56206,2,SHP-009998,14828,488,3,8,100,RR-003,2013-05-06,2013-05-16,2013-05-19,1,1,53.99,52.37,REFUND,REFUNDED,SIMULATED return linked to an AdventureWorks order line,synthetic_extension,1.0.0,BASELINE,20260728,2026-07-28T00:00:00.000Z
RET-000625,SO56221,2,SHP-010013,22879,477,4,4,100,RR-006,2013-05-13,2013-05-20,2013-05-22,1,1,4.99,4.84,REFUND,REFUNDED,SIMULATED return linked to an AdventureWorks order line,synthetic_extension,1.0.0,BASELINE,20260728,2026-07-28T00:00:00.000Z
RET-000626,SO56221,4,SHP-010013,22879,479,4,4,100,RR-004,2013-04-27,2013-05-06,2013-05-10,1,1,8.99,8.72,REFUND,REFUNDED,SIMULATED return linked to an AdventureWorks order line,synthetic_extension,1.0.0,BASELINE,20260728,2026-07-28T00:00:00.000Z
RET-000627,SO56237,2,SHP-010029,27664,529,4,4,100,RR-003,2013-05-14,2013-05-20,2013-05-23,1,1,3.99,3.87,REFUND,REFUNDED,SIMULATED return linked to an AdventureWorks order line,synthetic_extension,1.0.0,BASELINE,20260728,2026-07-28T00:00:00.000Z
RET-000628,SO56237,3,SHP-010029,27664,217,4,4,100,RR-006,2013-04-27,2013-04-30,2013-05-02,1,1,34.99,33.94,REFUND,REFUNDED,SIMULATED return linked to an AdventureWorks order line,synthetic_extension,1.0.0,BASELINE,20260728,2026-07-28T00:00:00.000Z
RET-000629,SO56242,4,SHP-010034,13179,484,4,6,19,RR-005,2013-05-13,2013-05-17,2013-05-18,1,1,7.95,7.71,REFUND,REFUNDED,SIMULATED return linked to an AdventureWorks order line,synthetic_extension,1.0.0,BASELINE,20260728,2026-07-28T00:00:00.000Z
RET-000630,SO56262,2,SHP-010054,28210,467,3,9,6,RR-005,2013-05-15,2013-05-23,2013-05-24,1,1,24.49,23.76,REFUND,REFUNDED,SIMULATED return linked to an AdventureWorks order line,synthetic_extension,1.0.0,BASELINE,20260728,2026-07-28T00:00:00.000Z
RET-000631,SO56285,1,SHP-010077,27533,538,4,4,100,RR-003,2013-05-12,2013-05-18,2013-05-21,1,1,21.49,20.85,REFUND,REFUNDED,SIMULATED return linked to an AdventureWorks order line,synthetic_extension,1.0.0,BASELINE,20260728,2026-07-28T00:00:00.000Z
RET-000632,SO56285,2,SHP-010077,27533,529,4,4,100,RR-004,2013-05-11,2013-05-20,2013-05-24,1,1,3.99,3.87,REFUND,REFUNDED,SIMULATED return linked to an AdventureWorks order line,synthetic_extension,1.0.0,BASELINE,20260728,2026-07-28T00:00:00.000Z
RET-000633,SO56308,3,SHP-010100,12191,472,3,4,100,RR-002,2013-05-11,2013-05-19,2013-05-20,1,1,63.5,61.59,REFUND,REFUNDED,SIMULATED return linked to an AdventureWorks order line,synthetic_extension,1.0.0,BASELINE,20260728,2026-07-28T00:00:00.000Z
RET-000634,SO56309,1,SHP-010101,12659,478,4,7,100,RR-006,2013-05-05,2013-05-08,2013-05-10,1,1,9.99,9.69,REFUND,REFUNDED,SIMULATED return linked to an AdventureWorks order line,synthetic_extension,1.0.0,BASELINE,20260728,2026-07-28T00:00:00.000Z
RET-000635,SO56309,2,SHP-010101,12659,487,4,7,100,RR-005,2013-05-20,2013-05-24,2013-05-25,1,1,54.99,53.34,REFUND,REFUNDED,SIMULATED return linked to an AdventureWorks order line,synthetic_extension,1.0.0,BASELINE,20260728,2026-07-28T00:00:00.000Z
RET-000636,SO56309,3,SHP-010101,12659,482,3,7,100,RR-001,2013-05-03,2013-05-12,2013-05-16,1,1,8.99,8.72,REFUND,REFUNDED,SIMULATED return linked to an AdventureWorks order line,synthetic_extension,1.0.0,BASELINE,20260728,2026-07-28T00:00:00.000Z
RET-000637,SO56325,1,SHP-010117,26484,566,1,4,100,RR-004,2013-04-30,2013-05-09,2013-05-13,1,1,742.35,720.08,REFUND,REFUNDED,SIMULATED return linked to an AdventureWorks order line,synthetic_extension,1.0.0,BASELINE,20260728,2026-07-28T00:00:00.000Z
RET-000638,SO56330,3,SHP-010122,22886,467,3,4,100,RR-004,2013-04-30,2013-05-05,2013-05-09,1,1,24.49,23.76,REFUND,REFUNDED,SIMULATED return linked to an AdventureWorks order line,synthetic_extension,1.0.0,BASELINE,20260728,2026-07-28T00:00:00.000Z
RET-000639,SO56340,1,SHP-010132,17057,536,4,9,6,RR-003,2013-05-02,2013-05-08,2013-05-11,1,1,29.99,29.09,REFUND,REFUNDED,SIMULATED return linked to an AdventureWorks order line,synthetic_extension,1.0.0,BASELINE,20260728,2026-07-28T00:00:00.000Z
RET-000640,SO56340,2,SHP-010132,17057,480,4,9,6,RR-004,2013-05-01,2013-05-10,2013-05-14,1,1,2.29,2.22,REFUND,REFUNDED,SIMULATED return linked to an AdventureWorks order line,synthetic_extension,1.0.0,BASELINE,20260728,2026-07-28T00:00:00.000Z
RET-000641,SO56391,1,SHP-010183,25356,535,4,1,100,RR-005,2013-05-02,2013-05-06,2013-05-07,1,1,24.99,24.24,REFUND,REFUNDED,SIMULATED return linked to an AdventureWorks order line,synthetic_extension,1.0.0,BASELINE,20260728,2026-07-28T00:00:00.000Z
RET-000642,SO56391,2,SHP-010183,25356,480,4,1,100,RR-006,2013-05-05,2013-05-08,2013-05-10,1,1,2.29,2.22,REFUND,REFUNDED,SIMULATED return linked to an AdventureWorks order line,synthetic_extension,1.0.0,BASELINE,20260728,2026-07-28T00:00:00.000Z
RET-000643,SO56398,1,SHP-010190,22108,536,4,4,100,RR-004,2013-05-09,2013-05-14,2013-05-18,1,1,29.99,29.09,REFUND,REFUNDED,SIMULATED return linked to an AdventureWorks order line,synthetic_extension,1.0.0,BASELINE,20260728,2026-07-28T00:00:00.000Z
RET-000644,SO56398,2,SHP-010190,22108,477,4,4,100,RR-003,2013-05-10,2013-05-20,2013-05-23,1,1,4.99,4.84,REFUND,REFUNDED,SIMULATED return linked to an AdventureWorks order line,synthetic_extension,1.0.0,BASELINE,20260728,2026-07-28T00:00:00.000Z
RET-000645,SO56398,3,SHP-010190,22108,228,3,4,100,RR-006,2013-05-11,2013-05-18,2013-05-20,1,1,49.99,48.49,REFUND,REFUNDED,SIMULATED return linked to an AdventureWorks order line,synthetic_extension,1.0.0,BASELINE,20260728,2026-07-28T00:00:00.000Z
RET-000646,SO56402,1,SHP-010194,15935,528,4,1,100,RR-006,2013-05-12,2013-05-19,2013-05-21,1,1,4.99,4.84,REFUND,REFUNDED,SIMULATED return linked to an AdventureWorks order line,synthetic_extension,1.0.0,BASELINE,20260728,2026-07-28T00:00:00.000Z
RET-000647,SO56402,2,SHP-010194,15935,480,4,1,100,RR-005,2013-05-09,2013-05-17,2013-05-18,1,1,2.29,2.22,REFUND,REFUNDED,SIMULATED return linked to an AdventureWorks order line,synthetic_extension,1.0.0,BASELINE,20260728,2026-07-28T00:00:00.000Z
RET-000648,SO56423,2,SHP-010215,11135,478,4,4,100,RR-006,2013-05-02,2013-05-05,2013-05-07,1,1,9.99,9.69,REFUND,REFUNDED,SIMULATED return linked to an AdventureWorks order line,synthetic_extension,1.0.0,BASELINE,20260728,2026-07-28T00:00:00.000Z
RET-000649,SO56423,3,SHP-010215,11135,477,4,4,100,RR-003,2013-05-01,2013-05-07,2013-05-10,1,1,4.99,4.84,REFUND,REFUNDED,SIMULATED return linked to an AdventureWorks order line,synthetic_extension,1.0.0,BASELINE,20260728,2026-07-28T00:00:00.000Z
RET-000650,SO56424,2,SHP-010216,22966,222,4,9,6,RR-005,2013-05-20,2013-05-24,2013-05-25,1,1,34.99,33.94,REFUND,REFUNDED,SIMULATED return linked to an AdventureWorks order line,synthetic_extension,1.0.0,BASELINE,20260728,2026-07-28T00:00:00.000Z
RET-000651,SO56438,2,SHP-010230,15599,477,4,9,6,RR-006,2013-05-09,2013-05-12,2013-05-14,1,1,4.99,4.84,REFUND,REFUNDED,SIMULATED return linked to an AdventureWorks order line,synthetic_extension,1.0.0,BASELINE,20260728,2026-07-28T00:00:00.000Z
RET-000652,SO56438,3,SHP-010230,15599,217,4,9,6,RR-003,2013-05-08,2013-05-14,2013-05-17,1,1,34.99,33.94,REFUND,REFUNDED,SIMULATED return linked to an AdventureWorks order line,synthetic_extension,1.0.0,BASELINE,20260728,2026-07-28T00:00:00.000Z
RET-000653,SO56440,1,SHP-010232,11753,484,4,9,6,RR-004,2013-05-12,2013-05-21,2013-05-25,1,1,7.95,7.71,REFUND,REFUNDED,SIMULATED return linked to an AdventureWorks order line,synthetic_extension,1.0.0,BASELINE,20260728,2026-07-28T00:00:00.000Z
RET-000654,SO56480,4,SHP-010272,22517,225,3,8,100,RR-002,2013-05-15,2013-05-19,2013-05-20,1,1,8.99,8.72,REFUND,REFUNDED,SIMULATED return linked to an AdventureWorks order line,synthetic_extension,1.0.0,BASELINE,20260728,2026-07-28T00:00:00.000Z
RET-000655,SO56565,1,SHP-010357,15305,528,4,4,100,RR-006,2013-05-05,2013-05-08,2013-05-10,1,1,4.99,4.84,REFUND,REFUNDED,SIMULATED return linked to an AdventureWorks order line,synthetic_extension,1.0.0,BASELINE,20260728,2026-07-28T00:00:00.000Z
RET-000656,SO56565,2,SHP-010357,15305,480,4,4,100,RR-005,2013-05-20,2013-05-24,2013-05-25,1,1,2.29,2.22,REFUND,REFUNDED,SIMULATED return linked to an AdventureWorks order line,synthetic_extension,1.0.0,BASELINE,20260728,2026-07-28T00:00:00.000Z
RET-000657,SO56565,3,SHP-010357,15305,484,4,4,100,RR-004,2013-05-03,2013-05-12,2013-05-16,1,1,7.95,7.71,REFUND,REFUNDED,SIMULATED return linked to an AdventureWorks order line,synthetic_extension,1.0.0,BASELINE,20260728,2026-07-28T00:00:00.000Z
RET-000658,SO56595,4,SHP-010387,25657,225,3,10,98,RR-006,2013-05-13,2013-05-16,2013-05-18,1,1,8.99,8.72,REFUND,REFUNDED,SIMULATED return linked to an AdventureWorks order line,synthetic_extension,1.0.0,BASELINE,20260728,2026-07-28T00:00:00.000Z
RET-000659,SO56637,1,SHP-010429,12930,363,1,1,100,RR-004,2013-05-08,2013-05-13,2013-05-17,1,1,2294.99,2226.14,REFUND,REFUNDED,SIMULATED return linked to an AdventureWorks order line,synthetic_extension,1.0.0,BASELINE,20260728,2026-07-28T00:00:00.000Z
RET-000660,SO56637,2,SHP-010429,12930,537,4,1,100,RR-003,2013-05-09,2013-05-19,2013-05-22,1,1,35,33.95,REFUND,REFUNDED,SIMULATED return linked to an AdventureWorks order line,synthetic_extension,1.0.0,BASELINE,20260728,2026-07-28T00:00:00.000Z
RET-000661,SO56637,3,SHP-010429,12930,480,4,1,100,RR-006,2013-05-10,2013-05-17,2013-05-19,1,1,2.29,2.22,REFUND,REFUNDED,SIMULATED return linked to an AdventureWorks order line,synthetic_extension,1.0.0,BASELINE,20260728,2026-07-28T00:00:00.000Z
RET-000662,SO56647,1,SHP-010439,16032,541,4,9,6,RR-005,2013-05-26,2013-05-30,2013-05-31,1,1,28.99,28.12,REFUND,REFUNDED,SIMULATED return linked to an AdventureWorks order line,synthetic_extension,1.0.0,BASELINE,20260728,2026-07-28T00:00:00.000Z
RET-000663,SO56647,3,SHP-010439,16032,214,4,9,6,RR-003,2013-05-10,2013-05-16,2013-05-19,1,1,34.99,33.94,REFUND,REFUNDED,SIMULATED return linked to an AdventureWorks order line,synthetic_extension,1.0.0,BASELINE,20260728,2026-07-28T00:00:00.000Z
RET-000664,SO56655,1,SHP-010447,11498,538,4,6,19,RR-004,2013-05-20,2013-05-25,2013-05-29,1,1,21.49,20.85,REFUND,REFUNDED,SIMULATED return linked to an AdventureWorks order line,synthetic_extension,1.0.0,BASELINE,20260728,2026-07-28T00:00:00.000Z
RET-000665,SO56684,1,SHP-010476,20995,584,1,9,6,RR-006,2013-05-24,2013-05-27,2013-05-29,1,1,539.99,523.79,REFUND,REFUNDED,SIMULATED return linked to an AdventureWorks order line,synthetic_extension,1.0.0,BASELINE,20260728,2026-07-28T00:00:00.000Z
RET-000666,SO56684,2,SHP-010476,20995,481,3,9,6,RR-002,2013-05-21,2013-05-25,2013-05-26,1,1,8.99,8.72,REFUND,REFUNDED,SIMULATED return linked to an AdventureWorks order line,synthetic_extension,1.0.0,BASELINE,20260728,2026-07-28T00:00:00.000Z
RET-000667,SO56692,1,SHP-010484,12634,363,1,10,98,RR-003,2013-05-13,2013-05-19,2013-05-22,1,1,2294.99,2226.14,REFUND,REFUNDED,SIMULATED return linked to an AdventureWorks order line,synthetic_extension,1.0.0,BASELINE,20260728,2026-07-28T00:00:00.000Z
RET-000668,SO56692,2,SHP-010484,12634,480,4,10,98,RR-004,2013-05-12,2013-05-21,2013-05-25,1,1,2.29,2.22,REFUND,REFUNDED,SIMULATED return linked to an AdventureWorks order line,synthetic_extension,1.0.0,BASELINE,20260728,2026-07-28T00:00:00.000Z
RET-000669,SO56694,5,SHP-010486,12297,231,3,8,100,RR-005,2013-05-23,2013-05-27,2013-05-28,1,1,49.99,48.49,REFUND,REFUNDED,SIMULATED return linked to an AdventureWorks order line,synthetic_extension,1.0.0,BASELINE,20260728,2026-07-28T00:00:00.000Z
RET-000670,SO56703,1,SHP-010495,19591,541,4,9,6,RR-004,2013-05-13,2013-05-18,2013-05-22,1,1,28.99,28.12,REFUND,REFUNDED,SIMULATED return linked to an AdventureWorks order line,synthetic_extension,1.0.0,BASELINE,20260728,2026-07-28T00:00:00.000Z
RET-000671,SO56703,2,SHP-010495,19591,530,4,9,6,RR-003,2013-05-14,2013-05-24,2013-05-27,1,1,4.99,4.84,REFUND,REFUNDED,SIMULATED return linked to an AdventureWorks order line,synthetic_extension,1.0.0,BASELINE,20260728,2026-07-28T00:00:00.000Z
RET-000672,SO56703,3,SHP-010495,19591,484,4,9,6,RR-006,2013-05-15,2013-05-22,2013-05-24,1,1,7.95,7.71,REFUND,REFUNDED,SIMULATED return linked to an AdventureWorks order line,synthetic_extension,1.0.0,BASELINE,20260728,2026-07-28T00:00:00.000Z
RET-000673,SO56706,1,SHP-010498,11701,491,3,4,100,RR-005,2013-05-14,2013-05-22,2013-05-23,1,1,53.99,52.37,REFUND,REFUNDED,SIMULATED return linked to an AdventureWorks order line,synthetic_extension,1.0.0,BASELINE,20260728,2026-07-28T00:00:00.000Z
RET-000674,SO56722,1,SHP-010514,18888,476,3,1,100,RR-002,2013-05-22,2013-06-01,2013-06-04,1,1,69.99,67.89,REFUND,REFUNDED,SIMULATED return linked to an AdventureWorks order line,synthetic_extension,1.0.0,BASELINE,20260728,2026-07-28T00:00:00.000Z
RET-000675,SO56722,2,SHP-010514,18888,491,3,1,100,RR-001,2013-05-21,2013-05-26,2013-05-30,1,1,53.99,52.37,REFUND,REFUNDED,SIMULATED return linked to an AdventureWorks order line,synthetic_extension,1.0.0,BASELINE,20260728,2026-07-28T00:00:00.000Z
RET-000676,SO56756,5,SHP-010548,23753,225,3,10,98,RR-006,2013-05-25,2013-06-01,2013-06-03,1,1,8.99,8.72,REFUND,REFUNDED,SIMULATED return linked to an AdventureWorks order line,synthetic_extension,1.0.0,BASELINE,20260728,2026-07-28T00:00:00.000Z
RET-000677,SO56763,1,SHP-010555,19504,594,1,7,100,RR-006,2013-05-22,2013-05-29,2013-05-31,1,1,564.99,548.04,REFUND,REFUNDED,SIMULATED return linked to an AdventureWorks order line,synthetic_extension,1.0.0,BASELINE,20260728,2026-07-28T00:00:00.000Z
RET-000678,SO56763,2,SHP-010555,19504,222,4,7,100,RR-005,2013-05-19,2013-05-27,2013-05-28,1,1,34.99,33.94,REFUND,REFUNDED,SIMULATED return linked to an AdventureWorks order line,synthetic_extension,1.0.0,BASELINE,20260728,2026-07-28T00:00:00.000Z
RET-000679,SO56771,4,SHP-010563,11640,225,3,6,19,RR-006,2013-05-17,2013-05-24,2013-05-26,1,1,8.99,8.72,REFUND,REFUNDED,SIMULATED return linked to an AdventureWorks order line,synthetic_extension,1.0.0,BASELINE,20260728,2026-07-28T00:00:00.000Z
RET-000680,SO56771,5,SHP-010563,11640,231,3,6,19,RR-003,2013-05-16,2013-05-26,2013-05-29,1,1,49.99,48.49,REFUND,REFUNDED,SIMULATED return linked to an AdventureWorks order line,synthetic_extension,1.0.0,BASELINE,20260728,2026-07-28T00:00:00.000Z
RET-000681,SO56782,1,SHP-010574,18322,485,4,6,19,RR-005,2013-05-12,2013-05-16,2013-05-17,1,1,21.98,21.32,REFUND,REFUNDED,SIMULATED return linked to an AdventureWorks order line,synthetic_extension,1.0.0,BASELINE,20260728,2026-07-28T00:00:00.000Z
RET-000682,SO56791,2,SHP-010583,22091,482,3,1,100,RR-006,2013-05-15,2013-05-22,2013-05-24,1,1,8.99,8.72,REFUND,REFUNDED,SIMULATED return linked to an AdventureWorks order line,synthetic_extension,1.0.0,BASELINE,20260728,2026-07-28T00:00:00.000Z
RET-000683,SO56820,1,SHP-010612,26700,528,4,6,19,RR-006,2013-05-15,2013-05-18,2013-05-20,1,1,4.99,4.84,REFUND,REFUNDED,SIMULATED return linked to an AdventureWorks order line,synthetic_extension,1.0.0,BASELINE,20260728,2026-07-28T00:00:00.000Z
RET-000684,SO56820,2,SHP-010612,26700,480,4,6,19,RR-005,2013-05-26,2013-05-30,2013-05-31,1,1,2.29,2.22,REFUND,REFUNDED,SIMULATED return linked to an AdventureWorks order line,synthetic_extension,1.0.0,BASELINE,20260728,2026-07-28T00:00:00.000Z
RET-000685,SO56829,2,SHP-010621,15444,237,3,10,98,RR-001,2013-05-24,2013-05-29,2013-06-02,1,1,49.99,48.49,REFUND,REFUNDED,SIMULATED return linked to an AdventureWorks order line,synthetic_extension,1.0.0,BASELINE,20260728,2026-07-28T00:00:00.000Z
RET-000686,SO56843,3,SHP-010635,19568,529,4,9,6,RR-005,2013-05-11,2013-05-15,2013-05-16,1,1,3.99,3.87,REFUND,REFUNDED,SIMULATED return linked to an AdventureWorks order line,synthetic_extension,1.0.0,BASELINE,20260728,2026-07-28T00:00:00.000Z
RET-000687,SO56877,1,SHP-010669,15519,485,4,1,100,RR-006,2013-05-25,2013-05-28,2013-05-30,1,1,21.98,21.32,REFUND,REFUNDED,SIMULATED return linked to an AdventureWorks order line,synthetic_extension,1.0.0,BASELINE,20260728,2026-07-28T00:00:00.000Z
RET-000688,SO56881,1,SHP-010673,28514,474,3,7,100,RR-002,2013-05-20,2013-05-28,2013-05-29,1,1,69.99,67.89,REFUND,REFUNDED,SIMULATED return linked to an AdventureWorks order line,synthetic_extension,1.0.0,BASELINE,20260728,2026-07-28T00:00:00.000Z
RET-000689,SO56881,2,SHP-010673,28514,225,3,7,100,RR-001,2013-05-23,2013-05-30,2013-06-01,1,1,8.99,8.72,REFUND,REFUNDED,SIMULATED return linked to an AdventureWorks order line,synthetic_extension,1.0.0,BASELINE,20260728,2026-07-28T00:00:00.000Z
RET-000690,SO56906,1,SHP-010698,12640,575,1,10,98,RR-003,2013-05-28,2013-06-03,2013-06-06,1,1,2384.07,2312.55,REFUND,REFUNDED,SIMULATED return linked to an AdventureWorks order line,synthetic_extension,1.0.0,BASELINE,20260728,2026-07-28T00:00:00.000Z
RET-000691,SO56906,2,SHP-010698,12640,225,3,10,98,RR-004,2013-05-27,2013-06-05,2013-06-09,1,1,8.99,8.72,REFUND,REFUNDED,SIMULATED return linked to an AdventureWorks order line,synthetic_extension,1.0.0,BASELINE,20260728,2026-07-28T00:00:00.000Z
RET-000692,SO56927,1,SHP-010719,19242,475,3,4,100,RR-001,2013-05-18,2013-05-27,2013-05-31,1,1,69.99,67.89,REFUND,REFUNDED,SIMULATED return linked to an AdventureWorks order line,synthetic_extension,1.0.0,BASELINE,20260728,2026-07-28T00:00:00.000Z
RET-000693,SO56943,1,SHP-010735,18768,580,1,9,6,RR-006,2013-05-23,2013-05-30,2013-06-01,1,1,1700.99,1649.96,REFUND,REFUNDED,SIMULATED return linked to an AdventureWorks order line,synthetic_extension,1.0.0,BASELINE,20260728,2026-07-28T00:00:00.000Z
RET-000694,SO56943,2,SHP-010735,18768,214,4,9,6,RR-005,2013-05-20,2013-05-28,2013-05-29,1,1,34.99,33.94,REFUND,REFUNDED,SIMULATED return linked to an AdventureWorks order line,synthetic_extension,1.0.0,BASELINE,20260728,2026-07-28T00:00:00.000Z
RET-000695,SO56972,4,SHP-010764,17119,228,3,6,19,RR-003,2013-05-25,2013-05-31,2013-06-03,1,1,49.99,48.49,REFUND,REFUNDED,SIMULATED return linked to an AdventureWorks order line,synthetic_extension,1.0.0,BASELINE,20260728,2026-07-28T00:00:00.000Z
RET-000696,SO56980,2,SHP-010772,28292,485,4,6,19,RR-006,2013-05-25,2013-06-01,2013-06-03,1,1,21.98,21.32,REFUND,REFUNDED,SIMULATED return linked to an AdventureWorks order line,synthetic_extension,1.0.0,BASELINE,20260728,2026-07-28T00:00:00.000Z
RET-000697,SO56981,1,SHP-010773,16249,528,4,4,100,RR-004,2013-05-28,2013-06-06,2013-06-10,1,1,4.99,4.84,REFUND,REFUNDED,SIMULATED return linked to an AdventureWorks order line,synthetic_extension,1.0.0,BASELINE,20260728,2026-07-28T00:00:00.000Z
RET-000698,SO56981,2,SHP-010773,16249,481,3,4,100,RR-003,2013-05-29,2013-06-04,2013-06-07,1,1,8.99,8.72,REFUND,REFUNDED,SIMULATED return linked to an AdventureWorks order line,synthetic_extension,1.0.0,BASELINE,20260728,2026-07-28T00:00:00.000Z
RET-000699,SO56987,1,SHP-010779,23757,529,4,8,100,RR-006,2013-05-22,2013-05-29,2013-05-31,1,1,3.99,3.87,REFUND,REFUNDED,SIMULATED return linked to an AdventureWorks order line,synthetic_extension,1.0.0,BASELINE,20260728,2026-07-28T00:00:00.000Z
RET-000700,SO56987,2,SHP-010779,23757,217,4,8,100,RR-005,2013-05-19,2013-05-27,2013-05-28,1,1,34.99,33.94,REFUND,REFUNDED,SIMULATED return linked to an AdventureWorks order line,synthetic_extension,1.0.0,BASELINE,20260728,2026-07-28T00:00:00.000Z
RET-000701,SO56995,3,SHP-010787,13067,488,3,1,100,RR-005,2013-05-17,2013-05-21,2013-05-22,1,1,53.99,52.37,REFUND,REFUNDED,SIMULATED return linked to an AdventureWorks order line,synthetic_extension,1.0.0,BASELINE,20260728,2026-07-28T00:00:00.000Z
RET-000702,SO57194,1,SHP-010807,28717,465,3,9,6,RR-002,2013-06-02,2013-06-10,2013-06-11,1,1,24.49,23.76,REFUND,REFUNDED,SIMULATED return linked to an AdventureWorks order line,synthetic_extension,1.0.0,BASELINE,20260728,2026-07-28T00:00:00.000Z
RET-000703,SO57251,2,SHP-010864,12632,540,4,7,100,RR-004,2013-05-15,2013-05-20,2013-05-24,1,1,32.6,31.62,REFUND,REFUNDED,SIMULATED return linked to an AdventureWorks order line,synthetic_extension,1.0.0,BASELINE,20260728,2026-07-28T00:00:00.000Z
RET-000704,SO57267,1,SHP-010880,20487,478,4,1,100,RR-004,2013-05-18,2013-05-27,2013-05-31,1,1,9.99,9.69,REFUND,REFUNDED,SIMULATED return linked to an AdventureWorks order line,synthetic_extension,1.0.0,BASELINE,20260728,2026-07-28T00:00:00.000Z
RET-000705,SO57277,1,SHP-010890,26874,538,4,8,100,RR-003,2013-05-28,2013-06-03,2013-06-06,1,1,21.49,20.85,REFUND,REFUNDED,SIMULATED return linked to an AdventureWorks order line,synthetic_extension,1.0.0,BASELINE,20260728,2026-07-28T00:00:00.000Z
RET-000706,SO57277,2,SHP-010890,26874,480,4,8,100,RR-004,2013-05-27,2013-06-05,2013-06-09,1,1,2.29,2.22,REFUND,REFUNDED,SIMULATED return linked to an AdventureWorks order line,synthetic_extension,1.0.0,BASELINE,20260728,2026-07-28T00:00:00.000Z
RET-000707,SO57303,1,SHP-010916,24919,384,1,9,6,RR-003,2013-05-19,2013-05-25,2013-05-28,1,1,1120.49,1086.88,REFUND,REFUNDED,SIMULATED return linked to an AdventureWorks order line,synthetic_extension,1.0.0,BASELINE,20260728,2026-07-28T00:00:00.000Z
RET-000708,SO57303,2,SHP-010916,24919,539,4,9,6,RR-004,2013-05-18,2013-05-27,2013-05-31,1,1,24.99,24.24,REFUND,REFUNDED,SIMULATED return linked to an AdventureWorks order line,synthetic_extension,1.0.0,BASELINE,20260728,2026-07-28T00:00:00.000Z
RET-000709,SO57303,3,SHP-010916,24919,529,4,9,6,RR-005,2013-05-17,2013-05-21,2013-05-22,1,1,3.99,3.87,REFUND,REFUNDED,SIMULATED return linked to an AdventureWorks order line,synthetic_extension,1.0.0,BASELINE,20260728,2026-07-28T00:00:00.000Z
RET-000710,SO57303,4,SHP-010916,24919,225,3,9,6,RR-006,2013-05-16,2013-05-23,2013-05-25,1,1,8.99,8.72,REFUND,REFUNDED,SIMULATED return linked to an AdventureWorks order line,synthetic_extension,1.0.0,BASELINE,20260728,2026-07-28T00:00:00.000Z
RET-000711,SO57303,5,SHP-010916,24919,491,3,9,6,RR-003,2013-06-02,2013-06-12,2013-06-15,1,1,53.99,52.37,REFUND,REFUNDED,SIMULATED return linked to an AdventureWorks order line,synthetic_extension,1.0.0,BASELINE,20260728,2026-07-28T00:00:00.000Z
RET-000712,SO57347,2,SHP-010960,13344,225,3,1,100,RR-001,2013-05-31,2013-06-09,2013-06-13,1,1,8.99,8.72,REFUND,REFUNDED,SIMULATED return linked to an AdventureWorks order line,synthetic_extension,1.0.0,BASELINE,20260728,2026-07-28T00:00:00.000Z
RET-000713,SO57347,3,SHP-010960,13344,228,3,1,100,RR-002,2013-05-30,2013-06-03,2013-06-04,1,1,49.99,48.49,REFUND,REFUNDED,SIMULATED return linked to an AdventureWorks order line,synthetic_extension,1.0.0,BASELINE,20260728,2026-07-28T00:00:00.000Z
RET-000714,SO57352,2,SHP-010965,14387,476,3,6,19,RR-001,2013-05-18,2013-05-21,2013-05-23,1,1,69.99,67.89,REFUND,REFUNDED,SIMULATED return linked to an AdventureWorks order line,synthetic_extension,1.0.0,BASELINE,20260728,2026-07-28T00:00:00.000Z
RET-000715,SO57352,3,SHP-010965,14387,225,3,6,19,RR-002,2013-06-04,2013-06-10,2013-06-13,1,1,8.99,8.72,REFUND,REFUNDED,SIMULATED return linked to an AdventureWorks order line,synthetic_extension,1.0.0,BASELINE,20260728,2026-07-28T00:00:00.000Z
RET-000716,SO57352,4,SHP-010965,14387,228,3,6,19,RR-001,2013-05-30,2013-06-04,2013-06-08,1,1,49.99,48.49,REFUND,REFUNDED,SIMULATED return linked to an AdventureWorks order line,synthetic_extension,1.0.0,BASELINE,20260728,2026-07-28T00:00:00.000Z
RET-000717,SO57369,4,SHP-010982,14286,489,3,9,6,RR-006,2013-05-16,2013-05-19,2013-05-21,1,1,53.99,52.37,REFUND,REFUNDED,SIMULATED return linked to an AdventureWorks order line,synthetic_extension,1.0.0,BASELINE,20260728,2026-07-28T00:00:00.000Z
RET-000718,SO57370,1,SHP-010983,11212,231,3,6,19,RR-005,2013-05-20,2013-05-28,2013-05-29,1,1,49.99,48.49,REFUND,REFUNDED,SIMULATED return linked to an AdventureWorks order line,synthetic_extension,1.0.0,BASELINE,20260728,2026-07-28T00:00:00.000Z
RET-000719,SO57382,1,SHP-010995,13099,483,4,5,100,RR-006,2013-05-17,2013-05-24,2013-05-26,1,1,120,116.4,REFUND,REFUNDED,SIMULATED return linked to an AdventureWorks order line,synthetic_extension,1.0.0,BASELINE,20260728,2026-07-28T00:00:00.000Z
RET-000720,SO57429,1,SHP-011042,11926,484,4,1,100,RR-004,2013-05-30,2013-06-04,2013-06-08,1,1,7.95,7.71,REFUND,REFUNDED,SIMULATED return linked to an AdventureWorks order line,synthetic_extension,1.0.0,BASELINE,20260728,2026-07-28T00:00:00.000Z
RET-000721,SO57432,1,SHP-011045,23643,477,4,9,6,RR-004,2013-05-23,2013-05-28,2013-06-01,1,1,4.99,4.84,REFUND,REFUNDED,SIMULATED return linked to an AdventureWorks order line,synthetic_extension,1.0.0,BASELINE,20260728,2026-07-28T00:00:00.000Z
RET-000722,SO57451,1,SHP-011064,20103,528,4,6,19,RR-005,2013-05-27,2013-06-04,2013-06-05,1,1,4.99,4.84,REFUND,REFUNDED,SIMULATED return linked to an AdventureWorks order line,synthetic_extension,1.0.0,BASELINE,20260728,2026-07-28T00:00:00.000Z
RET-000723,SO57451,2,SHP-011064,20103,217,4,6,19,RR-006,2013-05-30,2013-06-06,2013-06-08,1,1,34.99,33.94,REFUND,REFUNDED,SIMULATED return linked to an AdventureWorks order line,synthetic_extension,1.0.0,BASELINE,20260728,2026-07-28T00:00:00.000Z
RET-000724,SO57451,3,SHP-011064,20103,473,3,6,19,RR-002,2013-05-29,2013-06-08,2013-06-11,1,1,63.5,61.59,REFUND,REFUNDED,SIMULATED return linked to an AdventureWorks order line,synthetic_extension,1.0.0,BASELINE,20260728,2026-07-28T00:00:00.000Z
RET-000725,SO57493,1,SHP-011106,27993,480,4,4,100,RR-003,2013-06-01,2013-06-07,2013-06-10,1,1,2.29,2.22,REFUND,REFUNDED,SIMULATED return linked to an AdventureWorks order line,synthetic_extension,1.0.0,BASELINE,20260728,2026-07-28T00:00:00.000Z
RET-000726,SO57514,1,SHP-011127,13052,485,4,1,100,RR-005,2013-05-19,2013-05-23,2013-05-24,1,1,21.98,21.32,REFUND,REFUNDED,SIMULATED return linked to an AdventureWorks order line,synthetic_extension,1.0.0,BASELINE,20260728,2026-07-28T00:00:00.000Z
RET-000727,SO57514,2,SHP-011127,13052,481,3,1,100,RR-006,2013-05-22,2013-05-25,2013-05-27,1,1,8.99,8.72,REFUND,REFUNDED,SIMULATED return linked to an AdventureWorks order line,synthetic_extension,1.0.0,BASELINE,20260728,2026-07-28T00:00:00.000Z
RET-000728,SO57536,1,SHP-011149,11074,535,4,9,6,RR-005,2013-06-04,2013-06-12,2013-06-13,1,1,24.99,24.24,REFUND,REFUNDED,SIMULATED return linked to an AdventureWorks order line,synthetic_extension,1.0.0,BASELINE,20260728,2026-07-28T00:00:00.000Z
RET-000729,SO57543,1,SHP-011156,14213,228,3,9,6,RR-005,2013-06-06,2013-06-10,2013-06-11,1,1,49.99,48.49,REFUND,REFUNDED,SIMULATED return linked to an AdventureWorks order line,synthetic_extension,1.0.0,BASELINE,20260728,2026-07-28T00:00:00.000Z
RET-000730,SO57543,2,SHP-011156,14213,225,3,9,6,RR-006,2013-05-22,2013-05-25,2013-05-27,1,1,8.99,8.72,REFUND,REFUNDED,SIMULATED return linked to an AdventureWorks order line,synthetic_extension,1.0.0,BASELINE,20260728,2026-07-28T00:00:00.000Z
RET-000731,SO57585,4,SHP-011198,12685,485,4,9,6,RR-006,2013-05-30,2013-06-06,2013-06-08,1,1,21.98,21.32,REFUND,REFUNDED,SIMULATED return linked to an AdventureWorks order line,synthetic_extension,1.0.0,BASELINE,20260728,2026-07-28T00:00:00.000Z
RET-000732,SO57609,1,SHP-011222,11502,475,3,6,19,RR-001,2013-06-03,2013-06-12,2013-06-16,1,1,69.99,67.89,REFUND,REFUNDED,SIMULATED return linked to an AdventureWorks order line,synthetic_extension,1.0.0,BASELINE,20260728,2026-07-28T00:00:00.000Z
RET-000733,SO57628,1,SHP-011241,22104,606,1,4,100,RR-003,2013-06-04,2013-06-10,2013-06-13,1,1,539.99,523.79,REFUND,REFUNDED,SIMULATED return linked to an AdventureWorks order line,synthetic_extension,1.0.0,BASELINE,20260728,2026-07-28T00:00:00.000Z
RET-000734,SO57637,1,SHP-011250,13015,483,4,1,100,RR-003,2013-06-05,2013-06-11,2013-06-14,1,1,120,116.4,REFUND,REFUNDED,SIMULATED return linked to an AdventureWorks order line,synthetic_extension,1.0.0,BASELINE,20260728,2026-07-28T00:00:00.000Z
RET-000735,SO57666,2,SHP-011279,17011,234,3,4,100,RR-006,2013-06-03,2013-06-06,2013-06-08,1,1,49.99,48.49,REFUND,REFUNDED,SIMULATED return linked to an AdventureWorks order line,synthetic_extension,1.0.0,BASELINE,20260728,2026-07-28T00:00:00.000Z
RET-000736,SO57667,3,SHP-011280,12081,231,3,6,19,RR-006,2013-05-29,2013-06-05,2013-06-07,1,1,49.99,48.49,REFUND,REFUNDED,SIMULATED return linked to an AdventureWorks order line,synthetic_extension,1.0.0,BASELINE,20260728,2026-07-28T00:00:00.000Z
RET-000737,SO57679,1,SHP-011292,11979,576,1,6,19,RR-005,2013-05-29,2013-06-02,2013-06-03,1,1,2384.07,2312.55,REFUND,REFUNDED,SIMULATED return linked to an AdventureWorks order line,synthetic_extension,1.0.0,BASELINE,20260728,2026-07-28T00:00:00.000Z
RET-000738,SO57679,2,SHP-011292,11979,477,4,6,19,RR-006,2013-06-01,2013-06-04,2013-06-06,1,1,4.99,4.84,REFUND,REFUNDED,SIMULATED return linked to an AdventureWorks order line,synthetic_extension,1.0.0,BASELINE,20260728,2026-07-28T00:00:00.000Z
RET-000739,SO57679,3,SHP-011292,11979,479,4,6,19,RR-003,2013-05-31,2013-06-06,2013-06-09,1,1,8.99,8.72,REFUND,REFUNDED,SIMULATED return linked to an AdventureWorks order line,synthetic_extension,1.0.0,BASELINE,20260728,2026-07-28T00:00:00.000Z
RET-000740,SO57702,1,SHP-011315,14056,467,3,9,6,RR-006,2013-06-01,2013-06-04,2013-06-06,1,1,24.49,23.76,REFUND,REFUNDED,SIMULATED return linked to an AdventureWorks order line,synthetic_extension,1.0.0,BASELINE,20260728,2026-07-28T00:00:00.000Z
RET-000741,SO57722,4,SHP-011335,14717,225,3,7,100,RR-002,2013-06-02,2013-06-10,2013-06-11,1,1,8.99,8.72,REFUND,REFUNDED,SIMULATED return linked to an AdventureWorks order line,synthetic_extension,1.0.0,BASELINE,20260728,2026-07-28T00:00:00.000Z
RET-000742,SO57733,1,SHP-011346,19949,378,1,9,6,RR-006,2013-06-11,2013-06-14,2013-06-16,1,1,2443.35,2370.05,REFUND,REFUNDED,SIMULATED return linked to an AdventureWorks order line,synthetic_extension,1.0.0,BASELINE,20260728,2026-07-28T00:00:00.000Z
RET-000743,SO57733,2,SHP-011346,19949,540,4,9,6,RR-005,2013-06-08,2013-06-12,2013-06-13,1,1,32.6,31.62,REFUND,REFUNDED,SIMULATED return linked to an AdventureWorks order line,synthetic_extension,1.0.0,BASELINE,20260728,2026-07-28T00:00:00.000Z
RET-000744,SO57741,1,SHP-011354,23112,606,1,4,100,RR-005,2013-06-07,2013-06-11,2013-06-12,1,1,539.99,523.79,REFUND,REFUNDED,SIMULATED return linked to an AdventureWorks order line,synthetic_extension,1.0.0,BASELINE,20260728,2026-07-28T00:00:00.000Z
RET-000745,SO57776,1,SHP-011389,17204,530,4,10,98,RR-003,2013-05-29,2013-06-08,2013-06-11,1,1,4.99,4.84,REFUND,REFUNDED,SIMULATED return linked to an AdventureWorks order line,synthetic_extension,1.0.0,BASELINE,20260728,2026-07-28T00:00:00.000Z
RET-000746,SO57776,2,SHP-011389,17204,222,4,10,98,RR-004,2013-05-28,2013-06-02,2013-06-06,1,1,34.99,33.94,REFUND,REFUNDED,SIMULATED return linked to an AdventureWorks order line,synthetic_extension,1.0.0,BASELINE,20260728,2026-07-28T00:00:00.000Z
RET-000747,SO57800,1,SHP-011413,14677,237,3,9,6,RR-002,2013-05-28,2013-06-03,2013-06-06,1,1,49.99,48.49,REFUND,REFUNDED,SIMULATED return linked to an AdventureWorks order line,synthetic_extension,1.0.0,BASELINE,20260728,2026-07-28T00:00:00.000Z
RET-000748,SO57810,1,SHP-011423,22027,528,4,6,19,RR-004,2013-06-09,2013-06-18,2013-06-22,1,1,4.99,4.84,REFUND,REFUNDED,SIMULATED return linked to an AdventureWorks order line,synthetic_extension,1.0.0,BASELINE,20260728,2026-07-28T00:00:00.000Z
RET-000749,SO57810,2,SHP-011423,22027,487,4,6,19,RR-003,2013-06-10,2013-06-16,2013-06-19,1,1,54.99,53.34,REFUND,REFUNDED,SIMULATED return linked to an AdventureWorks order line,synthetic_extension,1.0.0,BASELINE,20260728,2026-07-28T00:00:00.000Z
RET-000750,SO57852,1,SHP-011465,19106,541,4,9,6,RR-006,2013-05-29,2013-06-05,2013-06-07,1,1,28.99,28.12,REFUND,REFUNDED,SIMULATED return linked to an AdventureWorks order line,synthetic_extension,1.0.0,BASELINE,20260728,2026-07-28T00:00:00.000Z
RET-000751,SO57869,1,SHP-011482,21455,477,4,1,100,RR-004,2013-06-07,2013-06-12,2013-06-16,1,1,4.99,4.84,REFUND,REFUNDED,SIMULATED return linked to an AdventureWorks order line,synthetic_extension,1.0.0,BASELINE,20260728,2026-07-28T00:00:00.000Z
RET-000752,SO57869,2,SHP-011482,21455,478,4,1,100,RR-003,2013-06-08,2013-06-18,2013-06-21,1,1,9.99,9.69,REFUND,REFUNDED,SIMULATED return linked to an AdventureWorks order line,synthetic_extension,1.0.0,BASELINE,20260728,2026-07-28T00:00:00.000Z
RET-000753,SO57872,1,SHP-011485,14876,528,4,4,100,RR-004,2013-05-31,2013-06-05,2013-06-09,1,1,4.99,4.84,REFUND,REFUNDED,SIMULATED return linked to an AdventureWorks order line,synthetic_extension,1.0.0,BASELINE,20260728,2026-07-28T00:00:00.000Z
RET-000754,SO57872,2,SHP-011485,14876,484,4,4,100,RR-003,2013-06-01,2013-06-11,2013-06-14,1,1,7.95,7.71,REFUND,REFUNDED,SIMULATED return linked to an AdventureWorks order line,synthetic_extension,1.0.0,BASELINE,20260728,2026-07-28T00:00:00.000Z
RET-000755,SO57874,1,SHP-011487,14799,474,3,10,98,RR-001,2013-06-14,2013-06-17,2013-06-19,1,1,69.99,67.89,REFUND,REFUNDED,SIMULATED return linked to an AdventureWorks order line,synthetic_extension,1.0.0,BASELINE,20260728,2026-07-28T00:00:00.000Z
RET-000756,SO57897,1,SHP-011510,22139,225,3,4,100,RR-003,2013-05-27,2013-06-02,2013-06-05,1,1,8.99,8.72,REFUND,REFUNDED,SIMULATED return linked to an AdventureWorks order line,synthetic_extension,1.0.0,BASELINE,20260728,2026-07-28T00:00:00.000Z
RET-000757,SO57912,2,SHP-011525,14084,480,4,6,19,RR-004,2013-06-08,2013-06-17,2013-06-21,1,1,2.29,2.22,REFUND,REFUNDED,SIMULATED return linked to an AdventureWorks order line,synthetic_extension,1.0.0,BASELINE,20260728,2026-07-28T00:00:00.000Z
RET-000758,SO57912,3,SHP-011525,14084,484,4,6,19,RR-005,2013-06-07,2013-06-11,2013-06-12,1,1,7.95,7.71,REFUND,REFUNDED,SIMULATED return linked to an AdventureWorks order line,synthetic_extension,1.0.0,BASELINE,20260728,2026-07-28T00:00:00.000Z
RET-000759,SO57933,1,SHP-011546,27803,530,4,7,100,RR-004,2013-06-09,2013-06-18,2013-06-22,1,1,4.99,4.84,REFUND,REFUNDED,SIMULATED return linked to an AdventureWorks order line,synthetic_extension,1.0.0,BASELINE,20260728,2026-07-28T00:00:00.000Z
RET-000760,SO57933,2,SHP-011546,27803,217,4,7,100,RR-003,2013-06-10,2013-06-16,2013-06-19,1,1,34.99,33.94,REFUND,REFUNDED,SIMULATED return linked to an AdventureWorks order line,synthetic_extension,1.0.0,BASELINE,20260728,2026-07-28T00:00:00.000Z
RET-000761,SO57936,2,SHP-011549,16921,488,3,6,19,RR-001,2013-06-02,2013-06-05,2013-06-07,1,1,53.99,52.37,REFUND,REFUNDED,SIMULATED return linked to an AdventureWorks order line,synthetic_extension,1.0.0,BASELINE,20260728,2026-07-28T00:00:00.000Z
RET-000762,SO57953,1,SHP-011566,11240,606,1,10,98,RR-006,2013-06-05,2013-06-08,2013-06-10,1,1,539.99,523.79,REFUND,REFUNDED,SIMULATED return linked to an AdventureWorks order line,synthetic_extension,1.0.0,BASELINE,20260728,2026-07-28T00:00:00.000Z
RET-000763,SO57953,2,SHP-011566,11240,477,4,10,98,RR-005,2013-06-02,2013-06-06,2013-06-07,1,1,4.99,4.84,REFUND,REFUNDED,SIMULATED return linked to an AdventureWorks order line,synthetic_extension,1.0.0,BASELINE,20260728,2026-07-28T00:00:00.000Z
RET-000764,SO57953,3,SHP-011566,11240,479,4,10,98,RR-004,2013-06-03,2013-06-12,2013-06-16,1,1,8.99,8.72,REFUND,REFUNDED,SIMULATED return linked to an AdventureWorks order line,synthetic_extension,1.0.0,BASELINE,20260728,2026-07-28T00:00:00.000Z
RET-000765,SO57953,4,SHP-011566,11240,467,3,10,98,RR-003,2013-05-31,2013-06-10,2013-06-13,1,1,24.49,23.76,REFUND,REFUNDED,SIMULATED return linked to an AdventureWorks order line,synthetic_extension,1.0.0,BASELINE,20260728,2026-07-28T00:00:00.000Z
RET-000766,SO57990,1,SHP-011603,20969,529,4,7,100,RR-005,2013-06-04,2013-06-08,2013-06-09,1,1,3.99,3.87,REFUND,REFUNDED,SIMULATED return linked to an AdventureWorks order line,synthetic_extension,1.0.0,BASELINE,20260728,2026-07-28T00:00:00.000Z
RET-000767,SO57990,2,SHP-011603,20969,222,4,7,100,RR-006,2013-06-07,2013-06-10,2013-06-12,1,1,34.99,33.94,REFUND,REFUNDED,SIMULATED return linked to an AdventureWorks order line,synthetic_extension,1.0.0,BASELINE,20260728,2026-07-28T00:00:00.000Z
RET-000768,SO58017,2,SHP-011630,12323,541,4,7,100,RR-005,2013-06-15,2013-06-19,2013-06-20,1,1,28.99,28.12,REFUND,REFUNDED,SIMULATED return linked to an AdventureWorks order line,synthetic_extension,1.0.0,BASELINE,20260728,2026-07-28T00:00:00.000Z
RET-000769,SO58035,1,SHP-011648,13800,587,1,7,100,RR-006,2013-06-11,2013-06-18,2013-06-20,1,1,769.49,746.41,REFUND,REFUNDED,SIMULATED return linked to an AdventureWorks order line,synthetic_extension,1.0.0,BASELINE,20260728,2026-07-28T00:00:00.000Z
RET-000770,SO58040,2,SHP-011653,26314,538,4,4,100,RR-005,2013-06-13,2013-06-17,2013-06-18,1,1,21.49,20.85,REFUND,REFUNDED,SIMULATED return linked to an AdventureWorks order line,synthetic_extension,1.0.0,BASELINE,20260728,2026-07-28T00:00:00.000Z
RET-000771,SO58040,3,SHP-011653,26314,473,3,4,100,RR-001,2013-05-27,2013-06-05,2013-06-09,1,1,63.5,61.59,REFUND,REFUNDED,SIMULATED return linked to an AdventureWorks order line,synthetic_extension,1.0.0,BASELINE,20260728,2026-07-28T00:00:00.000Z
RET-000772,SO58047,1,SHP-011660,12493,537,4,8,100,RR-005,2013-06-01,2013-06-05,2013-06-06,1,1,35,33.95,REFUND,REFUNDED,SIMULATED return linked to an AdventureWorks order line,synthetic_extension,1.0.0,BASELINE,20260728,2026-07-28T00:00:00.000Z
RET-000773,SO58047,2,SHP-011660,12493,222,4,8,100,RR-006,2013-06-04,2013-06-07,2013-06-09,1,1,34.99,33.94,REFUND,REFUNDED,SIMULATED return linked to an AdventureWorks order line,synthetic_extension,1.0.0,BASELINE,20260728,2026-07-28T00:00:00.000Z
RET-000774,SO58083,1,SHP-011696,11331,483,4,6,19,RR-005,2013-06-16,2013-06-20,2013-06-21,1,1,120,116.4,REFUND,REFUNDED,SIMULATED return linked to an AdventureWorks order line,synthetic_extension,1.0.0,BASELINE,20260728,2026-07-28T00:00:00.000Z
RET-000775,SO58092,1,SHP-011705,29071,475,3,6,19,RR-003,2013-06-10,2013-06-16,2013-06-19,1,1,69.99,67.89,REFUND,REFUNDED,SIMULATED return linked to an AdventureWorks order line,synthetic_extension,1.0.0,BASELINE,20260728,2026-07-28T00:00:00.000Z
RET-000776,SO58099,4,SHP-011712,16600,234,3,7,100,RR-002,2013-06-01,2013-06-05,2013-06-06,1,1,49.99,48.49,REFUND,REFUNDED,SIMULATED return linked to an AdventureWorks order line,synthetic_extension,1.0.0,BASELINE,20260728,2026-07-28T00:00:00.000Z
RET-000777,SO58126,4,SHP-011739,20005,482,3,4,100,RR-006,2013-06-14,2013-06-21,2013-06-23,1,1,8.99,8.72,REFUND,REFUNDED,SIMULATED return linked to an AdventureWorks order line,synthetic_extension,1.0.0,BASELINE,20260728,2026-07-28T00:00:00.000Z
RET-000778,SO58158,1,SHP-011771,19014,485,4,6,19,RR-004,2013-06-09,2013-06-14,2013-06-18,1,1,21.98,21.32,REFUND,REFUNDED,SIMULATED return linked to an AdventureWorks order line,synthetic_extension,1.0.0,BASELINE,20260728,2026-07-28T00:00:00.000Z
RET-000779,SO58158,2,SHP-011771,19014,225,3,6,19,RR-003,2013-06-10,2013-06-20,2013-06-23,1,1,8.99,8.72,REFUND,REFUNDED,SIMULATED return linked to an AdventureWorks order line,synthetic_extension,1.0.0,BASELINE,20260728,2026-07-28T00:00:00.000Z
RET-000780,SO58182,2,SHP-011795,29310,217,4,9,6,RR-006,2013-06-10,2013-06-13,2013-06-15,1,1,34.99,33.94,REFUND,REFUNDED,SIMULATED return linked to an AdventureWorks order line,synthetic_extension,1.0.0,BASELINE,20260728,2026-07-28T00:00:00.000Z
RET-000781,SO58185,1,SHP-011798,25163,573,1,4,100,RR-006,2013-06-02,2013-06-05,2013-06-07,1,1,2384.07,2312.55,REFUND,REFUNDED,SIMULATED return linked to an AdventureWorks order line,synthetic_extension,1.0.0,BASELINE,20260728,2026-07-28T00:00:00.000Z
RET-000782,SO58185,2,SHP-011798,25163,479,4,4,100,RR-005,2013-06-17,2013-06-21,2013-06-22,1,1,8.99,8.72,REFUND,REFUNDED,SIMULATED return linked to an AdventureWorks order line,synthetic_extension,1.0.0,BASELINE,20260728,2026-07-28T00:00:00.000Z
RET-000783,SO58185,3,SHP-011798,25163,477,4,4,100,RR-004,2013-05-31,2013-06-09,2013-06-13,1,1,4.99,4.84,REFUND,REFUNDED,SIMULATED return linked to an AdventureWorks order line,synthetic_extension,1.0.0,BASELINE,20260728,2026-07-28T00:00:00.000Z
RET-000784,SO58185,4,SHP-011798,25163,217,4,4,100,RR-003,2013-06-15,2013-06-25,2013-06-28,1,1,34.99,33.94,REFUND,REFUNDED,SIMULATED return linked to an AdventureWorks order line,synthetic_extension,1.0.0,BASELINE,20260728,2026-07-28T00:00:00.000Z
RET-000785,SO58200,1,SHP-011813,19566,541,4,9,6,RR-004,2013-06-10,2013-06-15,2013-06-19,1,1,28.99,28.12,REFUND,REFUNDED,SIMULATED return linked to an AdventureWorks order line,synthetic_extension,1.0.0,BASELINE,20260728,2026-07-28T00:00:00.000Z
RET-000786,SO58200,2,SHP-011813,19566,530,4,9,6,RR-003,2013-06-11,2013-06-21,2013-06-24,1,1,4.99,4.84,REFUND,REFUNDED,SIMULATED return linked to an AdventureWorks order line,synthetic_extension,1.0.0,BASELINE,20260728,2026-07-28T00:00:00.000Z
RET-000787,SO58224,1,SHP-011837,23614,528,4,10,98,RR-006,2013-06-10,2013-06-13,2013-06-15,1,1,4.99,4.84,REFUND,REFUNDED,SIMULATED return linked to an AdventureWorks order line,synthetic_extension,1.0.0,BASELINE,20260728,2026-07-28T00:00:00.000Z
RET-000788,SO58224,4,SHP-011837,23614,228,3,10,98,RR-002,2013-06-19,2013-06-29,2013-07-02,1,1,49.99,48.49,REFUND,REFUNDED,SIMULATED return linked to an AdventureWorks order line,synthetic_extension,1.0.0,BASELINE,20260728,2026-07-28T00:00:00.000Z
RET-000789,SO58224,5,SHP-011837,23614,463,3,10,98,RR-001,2013-06-20,2013-06-27,2013-06-29,1,1,24.49,23.76,REFUND,REFUNDED,SIMULATED return linked to an AdventureWorks order line,synthetic_extension,1.0.0,BASELINE,20260728,2026-07-28T00:00:00.000Z
RET-000790,SO58242,1,SHP-011855,12699,361,1,9,6,RR-006,2013-06-14,2013-06-17,2013-06-19,1,1,2294.99,2226.14,REFUND,REFUNDED,SIMULATED return linked to an AdventureWorks order line,synthetic_extension,1.0.0,BASELINE,20260728,2026-07-28T00:00:00.000Z
RET-000791,SO58242,2,SHP-011855,12699,477,4,9,6,RR-005,2013-06-11,2013-06-15,2013-06-16,1,1,4.99,4.84,REFUND,REFUNDED,SIMULATED return linked to an AdventureWorks order line,synthetic_extension,1.0.0,BASELINE,20260728,2026-07-28T00:00:00.000Z
RET-000792,SO58242,3,SHP-011855,12699,478,4,9,6,RR-004,2013-06-12,2013-06-21,2013-06-25,1,1,9.99,9.69,REFUND,REFUNDED,SIMULATED return linked to an AdventureWorks order line,synthetic_extension,1.0.0,BASELINE,20260728,2026-07-28T00:00:00.000Z
RET-000793,SO58244,1,SHP-011857,12701,353,1,9,6,RR-004,2013-06-06,2013-06-11,2013-06-15,1,1,2319.99,2250.39,REFUND,REFUNDED,SIMULATED return linked to an AdventureWorks order line,synthetic_extension,1.0.0,BASELINE,20260728,2026-07-28T00:00:00.000Z
RET-000794,SO58244,2,SHP-011857,12701,537,4,9,6,RR-003,2013-06-07,2013-06-17,2013-06-20,1,1,35,33.95,REFUND,REFUNDED,SIMULATED return linked to an AdventureWorks order line,synthetic_extension,1.0.0,BASELINE,20260728,2026-07-28T00:00:00.000Z
RET-000795,SO58263,1,SHP-011876,19859,474,3,4,100,RR-005,2013-06-16,2013-06-24,2013-06-25,1,1,69.99,67.89,REFUND,REFUNDED,SIMULATED return linked to an AdventureWorks order line,synthetic_extension,1.0.0,BASELINE,20260728,2026-07-28T00:00:00.000Z
RET-000796,SO58302,2,SHP-011915,26047,535,4,1,100,RR-004,2013-06-17,2013-06-26,2013-06-30,1,1,24.99,24.24,REFUND,REFUNDED,SIMULATED return linked to an AdventureWorks order line,synthetic_extension,1.0.0,BASELINE,20260728,2026-07-28T00:00:00.000Z
RET-000797,SO58302,3,SHP-011915,26047,217,4,1,100,RR-005,2013-06-16,2013-06-20,2013-06-21,1,1,34.99,33.94,REFUND,REFUNDED,SIMULATED return linked to an AdventureWorks order line,synthetic_extension,1.0.0,BASELINE,20260728,2026-07-28T00:00:00.000Z
RET-000798,SO58309,1,SHP-011922,11841,476,3,6,19,RR-004,2013-06-08,2013-06-13,2013-06-17,1,1,69.99,67.89,REFUND,REFUNDED,SIMULATED return linked to an AdventureWorks order line,synthetic_extension,1.0.0,BASELINE,20260728,2026-07-28T00:00:00.000Z
RET-000799,SO58312,1,SHP-011925,13471,225,3,4,100,RR-001,2013-06-16,2013-06-21,2013-06-25,1,1,8.99,8.72,REFUND,REFUNDED,SIMULATED return linked to an AdventureWorks order line,synthetic_extension,1.0.0,BASELINE,20260728,2026-07-28T00:00:00.000Z
RET-000800,SO58313,1,SHP-011926,13480,485,4,4,100,RR-005,2013-06-06,2013-06-10,2013-06-11,1,1,21.98,21.32,REFUND,REFUNDED,SIMULATED return linked to an AdventureWorks order line,synthetic_extension,1.0.0,BASELINE,20260728,2026-07-28T00:00:00.000Z
RET-000801,SO58313,2,SHP-011926,13480,465,3,4,100,RR-006,2013-06-09,2013-06-12,2013-06-14,1,1,24.49,23.76,REFUND,REFUNDED,SIMULATED return linked to an AdventureWorks order line,synthetic_extension,1.0.0,BASELINE,20260728,2026-07-28T00:00:00.000Z
RET-000802,SO58320,1,SHP-011933,11315,528,4,1,100,RR-003,2013-06-07,2013-06-17,2013-06-20,1,1,4.99,4.84,REFUND,REFUNDED,SIMULATED return linked to an AdventureWorks order line,synthetic_extension,1.0.0,BASELINE,20260728,2026-07-28T00:00:00.000Z
RET-000803,SO58320,2,SHP-011933,11315,537,4,1,100,RR-004,2013-06-06,2013-06-11,2013-06-15,1,1,35,33.95,REFUND,REFUNDED,SIMULATED return linked to an AdventureWorks order line,synthetic_extension,1.0.0,BASELINE,20260728,2026-07-28T00:00:00.000Z
RET-000804,SO58321,4,SHP-011934,14724,480,4,6,19,RR-003,2013-06-21,2013-07-01,2013-07-04,1,1,2.29,2.22,REFUND,REFUNDED,SIMULATED return linked to an AdventureWorks order line,synthetic_extension,1.0.0,BASELINE,20260728,2026-07-28T00:00:00.000Z
RET-000805,SO58333,4,SHP-011946,13340,487,4,4,100,RR-006,2013-06-15,2013-06-22,2013-06-24,1,1,54.99,53.34,REFUND,REFUNDED,SIMULATED return linked to an AdventureWorks order line,synthetic_extension,1.0.0,BASELINE,20260728,2026-07-28T00:00:00.000Z
RET-000806,SO58354,1,SHP-011967,11507,477,4,6,19,RR-006,2013-06-21,2013-06-28,2013-06-30,1,1,4.99,4.84,REFUND,REFUNDED,SIMULATED return linked to an AdventureWorks order line,synthetic_extension,1.0.0,BASELINE,20260728,2026-07-28T00:00:00.000Z
RET-000807,SO58354,2,SHP-011967,11507,479,4,6,19,RR-005,2013-06-18,2013-06-26,2013-06-27,1,1,8.99,8.72,REFUND,REFUNDED,SIMULATED return linked to an AdventureWorks order line,synthetic_extension,1.0.0,BASELINE,20260728,2026-07-28T00:00:00.000Z
RET-000808,SO58354,3,SHP-011967,11507,222,4,6,19,RR-004,2013-06-19,2013-06-24,2013-06-28,1,1,34.99,33.94,REFUND,REFUNDED,SIMULATED return linked to an AdventureWorks order line,synthetic_extension,1.0.0,BASELINE,20260728,2026-07-28T00:00:00.000Z
RET-000809,SO58355,1,SHP-011968,27344,476,3,9,6,RR-003,2013-06-05,2013-06-11,2013-06-14,1,1,69.99,67.89,REFUND,REFUNDED,SIMULATED return linked to an AdventureWorks order line,synthetic_extension,1.0.0,BASELINE,20260728,2026-07-28T00:00:00.000Z
RET-000810,SO58362,1,SHP-011975,13801,588,1,7,100,RR-005,2013-06-17,2013-06-21,2013-06-22,1,1,769.49,746.41,REFUND,REFUNDED,SIMULATED return linked to an AdventureWorks order line,synthetic_extension,1.0.0,BASELINE,20260728,2026-07-28T00:00:00.000Z
RET-000811,SO58362,2,SHP-011975,13801,231,3,7,100,RR-006,2013-06-20,2013-06-23,2013-06-25,1,1,49.99,48.49,REFUND,REFUNDED,SIMULATED return linked to an AdventureWorks order line,synthetic_extension,1.0.0,BASELINE,20260728,2026-07-28T00:00:00.000Z
RET-000812,SO58434,1,SHP-012047,22358,481,3,4,100,RR-002,2013-06-06,2013-06-16,2013-06-19,1,1,8.99,8.72,REFUND,REFUNDED,SIMULATED return linked to an AdventureWorks order line,synthetic_extension,1.0.0,BASELINE,20260728,2026-07-28T00:00:00.000Z
RET-000813,SO58450,2,SHP-012063,13503,487,4,10,98,RR-006,2013-06-19,2013-06-22,2013-06-24,1,1,54.99,53.34,REFUND,REFUNDED,SIMULATED return linked to an AdventureWorks order line,synthetic_extension,1.0.0,BASELINE,20260728,2026-07-28T00:00:00.000Z
RET-000814,SO58460,1,SHP-012073,12990,355,1,9,6,RR-004,2013-06-08,2013-06-13,2013-06-17,1,1,2319.99,2250.39,REFUND,REFUNDED,SIMULATED return linked to an AdventureWorks order line,synthetic_extension,1.0.0,BASELINE,20260728,2026-07-28T00:00:00.000Z
RET-000815,SO58475,1,SHP-012088,12195,484,4,4,100,RR-006,2013-06-07,2013-06-14,2013-06-16,1,1,7.95,7.71,REFUND,REFUNDED,SIMULATED return linked to an AdventureWorks order line,synthetic_extension,1.0.0,BASELINE,20260728,2026-07-28T00:00:00.000Z
RET-000816,SO58501,1,SHP-012114,22103,536,4,4,100,RR-006,2013-06-18,2013-06-21,2013-06-23,1,1,29.99,29.09,REFUND,REFUNDED,SIMULATED return linked to an AdventureWorks order line,synthetic_extension,1.0.0,BASELINE,20260728,2026-07-28T00:00:00.000Z
RET-000817,SO58501,2,SHP-012114,22103,528,4,4,100,RR-005,2013-06-15,2013-06-19,2013-06-20,1,1,4.99,4.84,REFUND,REFUNDED,SIMULATED return linked to an AdventureWorks order line,synthetic_extension,1.0.0,BASELINE,20260728,2026-07-28T00:00:00.000Z
RET-000818,SO58501,3,SHP-012114,22103,214,4,4,100,RR-004,2013-06-16,2013-06-25,2013-06-29,1,1,34.99,33.94,REFUND,REFUNDED,SIMULATED return linked to an AdventureWorks order line,synthetic_extension,1.0.0,BASELINE,20260728,2026-07-28T00:00:00.000Z
RET-000819,SO58513,1,SHP-012126,24096,530,4,7,100,RR-003,2013-06-15,2013-06-21,2013-06-24,1,1,4.99,4.84,REFUND,REFUNDED,SIMULATED return linked to an AdventureWorks order line,synthetic_extension,1.0.0,BASELINE,20260728,2026-07-28T00:00:00.000Z
RET-000820,SO58513,2,SHP-012126,24096,480,4,7,100,RR-004,2013-06-14,2013-06-23,2013-06-27,1,1,2.29,2.22,REFUND,REFUNDED,SIMULATED return linked to an AdventureWorks order line,synthetic_extension,1.0.0,BASELINE,20260728,2026-07-28T00:00:00.000Z
RET-000821,SO58532,3,SHP-012145,21384,529,4,9,6,RR-006,2013-06-13,2013-06-20,2013-06-22,1,1,3.99,3.87,REFUND,REFUNDED,SIMULATED return linked to an AdventureWorks order line,synthetic_extension,1.0.0,BASELINE,20260728,2026-07-28T00:00:00.000Z
RET-000822,SO58589,1,SHP-012202,11970,222,4,1,100,RR-006,2013-06-11,2013-06-14,2013-06-16,1,1,34.99,33.94,REFUND,REFUNDED,SIMULATED return linked to an AdventureWorks order line,synthetic_extension,1.0.0,BASELINE,20260728,2026-07-28T00:00:00.000Z
RET-000823,SO58606,1,SHP-012219,20733,478,4,1,100,RR-006,2013-06-15,2013-06-22,2013-06-24,1,1,9.99,9.69,REFUND,REFUNDED,SIMULATED return linked to an AdventureWorks order line,synthetic_extension,1.0.0,BASELINE,20260728,2026-07-28T00:00:00.000Z
RET-000824,SO58606,2,SHP-012219,20733,225,3,1,100,RR-002,2013-06-12,2013-06-20,2013-06-21,1,1,8.99,8.72,REFUND,REFUNDED,SIMULATED return linked to an AdventureWorks order line,synthetic_extension,1.0.0,BASELINE,20260728,2026-07-28T00:00:00.000Z
RET-000825,SO58606,3,SHP-012219,20733,477,4,1,100,RR-004,2013-06-13,2013-06-18,2013-06-22,1,1,4.99,4.84,REFUND,REFUNDED,SIMULATED return linked to an AdventureWorks order line,synthetic_extension,1.0.0,BASELINE,20260728,2026-07-28T00:00:00.000Z
RET-000826,SO58621,2,SHP-012234,15559,472,3,6,19,RR-004,2013-06-10,2013-06-15,2013-06-19,1,1,63.5,61.59,REFUND,REFUNDED,SIMULATED return linked to an AdventureWorks order line,synthetic_extension,1.0.0,BASELINE,20260728,2026-07-28T00:00:00.000Z
RET-000827,SO58633,1,SHP-012246,12686,353,1,9,6,RR-006,2013-06-11,2013-06-14,2013-06-16,1,1,2319.99,2250.39,REFUND,REFUNDED,SIMULATED return linked to an AdventureWorks order line,synthetic_extension,1.0.0,BASELINE,20260728,2026-07-28T00:00:00.000Z
RET-000828,SO58633,2,SHP-012246,12686,214,4,9,6,RR-005,2013-06-26,2013-06-30,2013-07-01,1,1,34.99,33.94,REFUND,REFUNDED,SIMULATED return linked to an AdventureWorks order line,synthetic_extension,1.0.0,BASELINE,20260728,2026-07-28T00:00:00.000Z
RET-000829,SO58653,1,SHP-012266,26690,541,4,4,100,RR-004,2013-06-15,2013-06-24,2013-06-28,1,1,28.99,28.12,REFUND,REFUNDED,SIMULATED return linked to an AdventureWorks order line,synthetic_extension,1.0.0,BASELINE,20260728,2026-07-28T00:00:00.000Z
RET-000830,SO58653,2,SHP-012266,26690,530,4,4,100,RR-003,2013-06-16,2013-06-22,2013-06-25,1,1,4.99,4.84,REFUND,REFUNDED,SIMULATED return linked to an AdventureWorks order line,synthetic_extension,1.0.0,BASELINE,20260728,2026-07-28T00:00:00.000Z
RET-000831,SO58653,3,SHP-012266,26690,473,3,4,100,RR-006,2013-06-17,2013-06-20,2013-06-22,1,1,63.5,61.59,REFUND,REFUNDED,SIMULATED return linked to an AdventureWorks order line,synthetic_extension,1.0.0,BASELINE,20260728,2026-07-28T00:00:00.000Z
RET-000832,SO58662,1,SHP-012275,28767,475,3,6,19,RR-001,2013-06-14,2013-06-19,2013-06-23,1,1,69.99,67.89,REFUND,REFUNDED,SIMULATED return linked to an AdventureWorks order line,synthetic_extension,1.0.0,BASELINE,20260728,2026-07-28T00:00:00.000Z
RET-000833,SO58669,1,SHP-012282,22558,477,4,10,98,RR-003,2013-06-26,2013-07-02,2013-07-05,1,1,4.99,4.84,REFUND,REFUNDED,SIMULATED return linked to an AdventureWorks order line,synthetic_extension,1.0.0,BASELINE,20260728,2026-07-28T00:00:00.000Z
RET-000834,SO58684,2,SHP-012297,13415,481,3,4,100,RR-002,2013-06-24,2013-07-04,2013-07-07,1,1,8.99,8.72,REFUND,REFUNDED,SIMULATED return linked to an AdventureWorks order line,synthetic_extension,1.0.0,BASELINE,20260728,2026-07-28T00:00:00.000Z
RET-000835,SO58685,1,SHP-012298,26939,570,1,7,100,RR-005,2013-06-12,2013-06-16,2013-06-17,1,1,742.35,720.08,REFUND,REFUNDED,SIMULATED return linked to an AdventureWorks order line,synthetic_extension,1.0.0,BASELINE,20260728,2026-07-28T00:00:00.000Z
RET-000836,SO58688,2,SHP-012301,23118,539,4,9,6,RR-003,2013-06-13,2013-06-19,2013-06-22,1,1,24.99,24.24,REFUND,REFUNDED,SIMULATED return linked to an AdventureWorks order line,synthetic_extension,1.0.0,BASELINE,20260728,2026-07-28T00:00:00.000Z
RET-000837,SO58688,3,SHP-012301,23118,529,4,9,6,RR-006,2013-06-14,2013-06-17,2013-06-19,1,1,3.99,3.87,REFUND,REFUNDED,SIMULATED return linked to an AdventureWorks order line,synthetic_extension,1.0.0,BASELINE,20260728,2026-07-28T00:00:00.000Z
RET-000838,SO58707,2,SHP-012320,28786,483,4,1,19,RR-005,2013-06-14,2013-06-22,2013-06-23,1,1,120,116.4,REFUND,REFUNDED,SIMULATED return linked to an AdventureWorks order line,synthetic_extension,1.0.0,BASELINE,20260728,2026-07-28T00:00:00.000Z
RET-000839,SO58728,1,SHP-012341,22977,536,4,4,100,RR-003,2013-06-19,2013-06-25,2013-06-28,1,1,29.99,29.09,REFUND,REFUNDED,SIMULATED return linked to an AdventureWorks order line,synthetic_extension,1.0.0,BASELINE,20260728,2026-07-28T00:00:00.000Z
RET-000840,SO58728,2,SHP-012341,22977,528,4,4,100,RR-004,2013-06-18,2013-06-27,2013-07-01,1,1,4.99,4.84,REFUND,REFUNDED,SIMULATED return linked to an AdventureWorks order line,synthetic_extension,1.0.0,BASELINE,20260728,2026-07-28T00:00:00.000Z
RET-000841,SO58728,3,SHP-012341,22977,217,4,4,100,RR-005,2013-06-17,2013-06-21,2013-06-22,1,1,34.99,33.94,REFUND,REFUNDED,SIMULATED return linked to an AdventureWorks order line,synthetic_extension,1.0.0,BASELINE,20260728,2026-07-28T00:00:00.000Z
RET-000842,SO58755,1,SHP-012368,17042,583,1,1,100,RR-003,2013-06-17,2013-06-27,2013-06-30,1,1,1700.99,1649.96,REFUND,REFUNDED,SIMULATED return linked to an AdventureWorks order line,synthetic_extension,1.0.0,BASELINE,20260728,2026-07-28T00:00:00.000Z
RET-000843,SO58755,2,SHP-012368,17042,214,4,1,100,RR-004,2013-06-16,2013-06-21,2013-06-25,1,1,34.99,33.94,REFUND,REFUNDED,SIMULATED return linked to an AdventureWorks order line,synthetic_extension,1.0.0,BASELINE,20260728,2026-07-28T00:00:00.000Z
RET-000844,SO58773,2,SHP-012386,28403,214,4,10,98,RR-004,2013-06-14,2013-06-23,2013-06-27,1,1,34.99,33.94,REFUND,REFUNDED,SIMULATED return linked to an AdventureWorks order line,synthetic_extension,1.0.0,BASELINE,20260728,2026-07-28T00:00:00.000Z
RET-000845,SO58779,1,SHP-012392,21972,536,4,9,6,RR-005,2013-06-26,2013-06-30,2013-07-01,1,1,29.99,29.09,REFUND,REFUNDED,SIMULATED return linked to an AdventureWorks order line,synthetic_extension,1.0.0,BASELINE,20260728,2026-07-28T00:00:00.000Z
RET-000846,SO58807,2,SHP-012420,11530,225,3,6,19,RR-001,2013-06-23,2013-06-30,2013-07-02,1,1,8.99,8.72,REFUND,REFUNDED,SIMULATED return linked to an AdventureWorks order line,synthetic_extension,1.0.0,BASELINE,20260728,2026-07-28T00:00:00.000Z
RET-000847,SO58853,1,SHP-012466,27751,538,4,4,100,RR-006,2013-06-28,2013-07-01,2013-07-03,1,1,21.49,20.85,REFUND,REFUNDED,SIMULATED return linked to an AdventureWorks order line,synthetic_extension,1.0.0,BASELINE,20260728,2026-07-28T00:00:00.000Z
RET-000848,SO58853,2,SHP-012466,27751,488,3,4,100,RR-005,2013-06-25,2013-06-29,2013-06-30,1,1,53.99,52.37,REFUND,REFUNDED,SIMULATED return linked to an AdventureWorks order line,synthetic_extension,1.0.0,BASELINE,20260728,2026-07-28T00:00:00.000Z
RET-000849,SO58894,1,SHP-012507,25391,578,1,4,100,RR-005,2013-06-25,2013-07-03,2013-07-04,1,1,1214.85,1178.4,REFUND,REFUNDED,SIMULATED return linked to an AdventureWorks order line,synthetic_extension,1.0.0,BASELINE,20260728,2026-07-28T00:00:00.000Z
RET-000850,SO58894,2,SHP-012507,25391,541,4,4,100,RR-006,2013-06-28,2013-07-05,2013-07-07,1,1,28.99,28.12,REFUND,REFUNDED,SIMULATED return linked to an AdventureWorks order line,synthetic_extension,1.0.0,BASELINE,20260728,2026-07-28T00:00:00.000Z
RET-000851,SO58894,3,SHP-012507,25391,530,4,4,100,RR-003,2013-06-27,2013-07-07,2013-07-10,1,1,4.99,4.84,REFUND,REFUNDED,SIMULATED return linked to an AdventureWorks order line,synthetic_extension,1.0.0,BASELINE,20260728,2026-07-28T00:00:00.000Z
RET-000852,SO58894,4,SHP-012507,25391,484,4,4,100,RR-004,2013-06-12,2013-06-21,2013-06-25,1,1,7.95,7.71,REFUND,REFUNDED,SIMULATED return linked to an AdventureWorks order line,synthetic_extension,1.0.0,BASELINE,20260728,2026-07-28T00:00:00.000Z
RET-000853,SO59086,3,SHP-012523,24089,225,3,7,100,RR-002,2013-06-24,2013-07-02,2013-07-03,1,1,8.99,8.72,REFUND,REFUNDED,SIMULATED return linked to an AdventureWorks order line,synthetic_extension,1.0.0,BASELINE,20260728,2026-07-28T00:00:00.000Z
RET-000854,SO59091,1,SHP-012528,28977,539,4,4,100,RR-003,2013-06-24,2013-06-30,2013-07-03,1,1,24.99,24.24,REFUND,REFUNDED,SIMULATED return linked to an AdventureWorks order line,synthetic_extension,1.0.0,BASELINE,20260728,2026-07-28T00:00:00.000Z
RET-000855,SO59101,2,SHP-012538,14249,465,3,4,100,RR-001,2013-06-24,2013-06-27,2013-06-29,1,1,24.49,23.76,REFUND,REFUNDED,SIMULATED return linked to an AdventureWorks order line,synthetic_extension,1.0.0,BASELINE,20260728,2026-07-28T00:00:00.000Z
RET-000856,SO59101,3,SHP-012538,14249,237,3,4,100,RR-002,2013-06-23,2013-06-29,2013-07-02,1,1,49.99,48.49,REFUND,REFUNDED,SIMULATED return linked to an AdventureWorks order line,synthetic_extension,1.0.0,BASELINE,20260728,2026-07-28T00:00:00.000Z
RET-000857,SO59112,2,SHP-012549,12604,477,4,8,100,RR-006,2013-06-23,2013-06-30,2013-07-02,1,1,4.99,4.84,REFUND,REFUNDED,SIMULATED return linked to an AdventureWorks order line,synthetic_extension,1.0.0,BASELINE,20260728,2026-07-28T00:00:00.000Z
RET-000858,SO59112,3,SHP-012549,12604,225,3,8,100,RR-003,2013-06-22,2013-07-02,2013-07-05,1,1,8.99,8.72,REFUND,REFUNDED,SIMULATED return linked to an AdventureWorks order line,synthetic_extension,1.0.0,BASELINE,20260728,2026-07-28T00:00:00.000Z
RET-000859,SO59124,1,SHP-012561,25107,386,1,9,6,RR-006,2013-06-26,2013-06-29,2013-07-01,1,1,1120.49,1086.88,REFUND,REFUNDED,SIMULATED return linked to an AdventureWorks order line,synthetic_extension,1.0.0,BASELINE,20260728,2026-07-28T00:00:00.000Z
RET-000860,SO59124,2,SHP-012561,25107,477,4,9,6,RR-005,2013-06-23,2013-06-27,2013-06-28,1,1,4.99,4.84,REFUND,REFUNDED,SIMULATED return linked to an AdventureWorks order line,synthetic_extension,1.0.0,BASELINE,20260728,2026-07-28T00:00:00.000Z
RET-000861,SO59124,3,SHP-012561,25107,479,4,9,6,RR-004,2013-06-24,2013-07-03,2013-07-07,1,1,8.99,8.72,REFUND,REFUNDED,SIMULATED return linked to an AdventureWorks order line,synthetic_extension,1.0.0,BASELINE,20260728,2026-07-28T00:00:00.000Z
RET-000862,SO59124,4,SHP-012561,25107,225,3,9,6,RR-003,2013-06-21,2013-07-01,2013-07-04,1,1,8.99,8.72,REFUND,REFUNDED,SIMULATED return linked to an AdventureWorks order line,synthetic_extension,1.0.0,BASELINE,20260728,2026-07-28T00:00:00.000Z
RET-000863,SO59150,1,SHP-012587,17824,582,1,8,100,RR-003,2013-06-19,2013-06-25,2013-06-28,1,1,1700.99,1649.96,REFUND,REFUNDED,SIMULATED return linked to an AdventureWorks order line,synthetic_extension,1.0.0,BASELINE,20260728,2026-07-28T00:00:00.000Z
RET-000864,SO59163,1,SHP-012600,20114,475,3,1,100,RR-002,2013-06-18,2013-06-26,2013-06-27,1,1,69.99,67.89,REFUND,REFUNDED,SIMULATED return linked to an AdventureWorks order line,synthetic_extension,1.0.0,BASELINE,20260728,2026-07-28T00:00:00.000Z
RET-000865,SO59163,2,SHP-012600,20114,482,3,1,100,RR-001,2013-06-21,2013-06-28,2013-06-30,1,1,8.99,8.72,REFUND,REFUNDED,SIMULATED return linked to an AdventureWorks order line,synthetic_extension,1.0.0,BASELINE,20260728,2026-07-28T00:00:00.000Z
RET-000866,SO59172,1,SHP-012609,17703,528,4,7,100,RR-003,2013-07-01,2013-07-11,2013-07-14,1,1,4.99,4.84,REFUND,REFUNDED,SIMULATED return linked to an AdventureWorks order line,synthetic_extension,1.0.0,BASELINE,20260728,2026-07-28T00:00:00.000Z
RET-000867,SO59172,2,SHP-012609,17703,536,4,7,100,RR-004,2013-06-30,2013-07-05,2013-07-09,1,1,29.99,29.09,REFUND,REFUNDED,SIMULATED return linked to an AdventureWorks order line,synthetic_extension,1.0.0,BASELINE,20260728,2026-07-28T00:00:00.000Z
RET-000868,SO59172,3,SHP-012609,17703,217,4,7,100,RR-005,2013-06-29,2013-07-07,2013-07-08,1,1,34.99,33.94,REFUND,REFUNDED,SIMULATED return linked to an AdventureWorks order line,synthetic_extension,1.0.0,BASELINE,20260728,2026-07-28T00:00:00.000Z
RET-000869,SO59172,4,SHP-012609,17703,225,3,7,100,RR-006,2013-06-18,2013-06-21,2013-06-23,1,1,8.99,8.72,REFUND,REFUNDED,SIMULATED return linked to an AdventureWorks order line,synthetic_extension,1.0.0,BASELINE,20260728,2026-07-28T00:00:00.000Z
RET-000870,SO59208,1,SHP-012645,11455,575,1,9,6,RR-003,2013-06-17,2013-06-23,2013-06-26,1,1,2384.07,2312.55,REFUND,REFUNDED,SIMULATED return linked to an AdventureWorks order line,synthetic_extension,1.0.0,BASELINE,20260728,2026-07-28T00:00:00.000Z
RET-000871,SO59208,2,SHP-012645,11455,489,3,9,6,RR-004,2013-06-16,2013-06-25,2013-06-29,1,1,53.99,52.37,REFUND,REFUNDED,SIMULATED return linked to an AdventureWorks order line,synthetic_extension,1.0.0,BASELINE,20260728,2026-07-28T00:00:00.000Z
RET-000872,SO59208,3,SHP-012645,11455,225,3,9,6,RR-005,2013-06-15,2013-06-19,2013-06-20,1,1,8.99,8.72,REFUND,REFUNDED,SIMULATED return linked to an AdventureWorks order line,synthetic_extension,1.0.0,BASELINE,20260728,2026-07-28T00:00:00.000Z
RET-000873,SO59217,1,SHP-012654,24536,592,1,8,100,RR-003,2013-06-24,2013-06-30,2013-07-03,1,1,564.99,548.04,REFUND,REFUNDED,SIMULATED return linked to an AdventureWorks order line,synthetic_extension,1.0.0,BASELINE,20260728,2026-07-28T00:00:00.000Z
RET-000874,SO59217,2,SHP-012654,24536,485,4,8,100,RR-004,2013-06-23,2013-07-02,2013-07-06,1,1,21.98,21.32,REFUND,REFUNDED,SIMULATED return linked to an AdventureWorks order line,synthetic_extension,1.0.0,BASELINE,20260728,2026-07-28T00:00:00.000Z
RET-000875,SO59225,3,SHP-012662,26577,214,4,4,100,RR-006,2013-06-29,2013-07-06,2013-07-08,1,1,34.99,33.94,REFUND,REFUNDED,SIMULATED return linked to an AdventureWorks order line,synthetic_extension,1.0.0,BASELINE,20260728,2026-07-28T00:00:00.000Z
RET-000876,SO59229,3,SHP-012666,20689,471,3,1,100,RR-001,2013-06-19,2013-06-22,2013-06-24,1,1,63.5,61.59,REFUND,REFUNDED,SIMULATED return linked to an AdventureWorks order line,synthetic_extension,1.0.0,BASELINE,20260728,2026-07-28T00:00:00.000Z
RET-000877,SO59259,1,SHP-012696,12113,563,1,6,19,RR-005,2013-06-28,2013-07-02,2013-07-03,1,1,2384.07,2312.55,REFUND,REFUNDED,SIMULATED return linked to an AdventureWorks order line,synthetic_extension,1.0.0,BASELINE,20260728,2026-07-28T00:00:00.000Z
RET-000878,SO59259,3,SHP-012696,12113,530,4,6,19,RR-003,2013-06-30,2013-07-06,2013-07-09,1,1,4.99,4.84,REFUND,REFUNDED,SIMULATED return linked to an AdventureWorks order line,synthetic_extension,1.0.0,BASELINE,20260728,2026-07-28T00:00:00.000Z
RET-000879,SO59259,4,SHP-012696,12113,465,3,6,19,RR-001,2013-06-25,2013-06-30,2013-07-04,1,1,24.49,23.76,REFUND,REFUNDED,SIMULATED return linked to an AdventureWorks order line,synthetic_extension,1.0.0,BASELINE,20260728,2026-07-28T00:00:00.000Z
RET-000880,SO59274,1,SHP-012711,13782,363,1,8,100,RR-006,2013-06-21,2013-06-24,2013-06-26,1,1,2294.99,2226.14,REFUND,REFUNDED,SIMULATED return linked to an AdventureWorks order line,synthetic_extension,1.0.0,BASELINE,20260728,2026-07-28T00:00:00.000Z
RET-000881,SO59274,4,SHP-012711,13782,217,4,8,100,RR-003,2013-07-04,2013-07-14,2013-07-17,1,1,34.99,33.94,REFUND,REFUNDED,SIMULATED return linked to an AdventureWorks order line,synthetic_extension,1.0.0,BASELINE,20260728,2026-07-28T00:00:00.000Z
RET-000882,SO59290,1,SHP-012727,11520,530,4,6,19,RR-004,2013-06-23,2013-07-02,2013-07-06,1,1,4.99,4.84,REFUND,REFUNDED,SIMULATED return linked to an AdventureWorks order line,synthetic_extension,1.0.0,BASELINE,20260728,2026-07-28T00:00:00.000Z
RET-000883,SO59298,3,SHP-012735,15816,487,4,6,19,RR-006,2013-06-21,2013-06-24,2013-06-26,1,1,54.99,53.34,REFUND,REFUNDED,SIMULATED return linked to an AdventureWorks order line,synthetic_extension,1.0.0,BASELINE,20260728,2026-07-28T00:00:00.000Z
RET-000884,SO59321,2,SHP-012758,15901,490,3,1,100,RR-001,2013-06-26,2013-06-29,2013-07-01,1,1,53.99,52.37,REFUND,REFUNDED,SIMULATED return linked to an AdventureWorks order line,synthetic_extension,1.0.0,BASELINE,20260728,2026-07-28T00:00:00.000Z
RET-000885,SO59337,2,SHP-012774,19116,488,3,6,19,RR-002,2013-06-28,2013-07-08,2013-07-11,1,1,53.99,52.37,REFUND,REFUNDED,SIMULATED return linked to an AdventureWorks order line,synthetic_extension,1.0.0,BASELINE,20260728,2026-07-28T00:00:00.000Z
RET-000886,SO59337,3,SHP-012774,19116,225,3,6,19,RR-001,2013-06-29,2013-07-06,2013-07-08,1,1,8.99,8.72,REFUND,REFUNDED,SIMULATED return linked to an AdventureWorks order line,synthetic_extension,1.0.0,BASELINE,20260728,2026-07-28T00:00:00.000Z
RET-000887,SO59353,2,SHP-012790,12431,480,4,6,19,RR-005,2013-06-23,2013-06-27,2013-06-28,1,1,2.29,2.22,REFUND,REFUNDED,SIMULATED return linked to an AdventureWorks order line,synthetic_extension,1.0.0,BASELINE,20260728,2026-07-28T00:00:00.000Z
RET-000888,SO59390,1,SHP-012827,17286,380,1,9,6,RR-005,2013-06-30,2013-07-04,2013-07-05,1,1,2443.35,2370.05,REFUND,REFUNDED,SIMULATED return linked to an AdventureWorks order line,synthetic_extension,1.0.0,BASELINE,20260728,2026-07-28T00:00:00.000Z
RET-000889,SO59390,2,SHP-012827,17286,484,4,9,6,RR-006,2013-07-03,2013-07-06,2013-07-08,1,1,7.95,7.71,REFUND,REFUNDED,SIMULATED return linked to an AdventureWorks order line,synthetic_extension,1.0.0,BASELINE,20260728,2026-07-28T00:00:00.000Z
RET-000890,SO59391,4,SHP-012828,17726,225,3,9,6,RR-005,2013-06-19,2013-06-23,2013-06-24,1,1,8.99,8.72,REFUND,REFUNDED,SIMULATED return linked to an AdventureWorks order line,synthetic_extension,1.0.0,BASELINE,20260728,2026-07-28T00:00:00.000Z
RET-000891,SO59397,2,SHP-012834,20111,479,4,4,100,RR-005,2013-06-25,2013-06-29,2013-06-30,1,1,8.99,8.72,REFUND,REFUNDED,SIMULATED return linked to an AdventureWorks order line,synthetic_extension,1.0.0,BASELINE,20260728,2026-07-28T00:00:00.000Z
RET-000892,SO59397,3,SHP-012834,20111,477,4,4,100,RR-004,2013-06-26,2013-07-05,2013-07-09,1,1,4.99,4.84,REFUND,REFUNDED,SIMULATED return linked to an AdventureWorks order line,synthetic_extension,1.0.0,BASELINE,20260728,2026-07-28T00:00:00.000Z
RET-000893,SO59397,4,SHP-012834,20111,214,4,4,100,RR-003,2013-06-23,2013-07-03,2013-07-06,1,1,34.99,33.94,REFUND,REFUNDED,SIMULATED return linked to an AdventureWorks order line,synthetic_extension,1.0.0,BASELINE,20260728,2026-07-28T00:00:00.000Z
RET-000894,SO59410,1,SHP-012847,14160,357,1,8,100,RR-006,2013-06-29,2013-07-02,2013-07-04,1,1,2319.99,2250.39,REFUND,REFUNDED,SIMULATED return linked to an AdventureWorks order line,synthetic_extension,1.0.0,BASELINE,20260728,2026-07-28T00:00:00.000Z
RET-000895,SO59410,2,SHP-012847,14160,485,4,8,100,RR-005,2013-06-26,2013-06-30,2013-07-01,1,1,21.98,21.32,REFUND,REFUNDED,SIMULATED return linked to an AdventureWorks order line,synthetic_extension,1.0.0,BASELINE,20260728,2026-07-28T00:00:00.000Z
RET-000896,SO59410,3,SHP-012847,14160,222,4,8,100,RR-004,2013-06-27,2013-07-06,2013-07-10,1,1,34.99,33.94,REFUND,REFUNDED,SIMULATED return linked to an AdventureWorks order line,synthetic_extension,1.0.0,BASELINE,20260728,2026-07-28T00:00:00.000Z
RET-000897,SO59419,2,SHP-012856,21044,228,3,10,98,RR-001,2013-06-24,2013-06-29,2013-07-03,1,1,49.99,48.49,REFUND,REFUNDED,SIMULATED return linked to an AdventureWorks order line,synthetic_extension,1.0.0,BASELINE,20260728,2026-07-28T00:00:00.000Z
RET-000898,SO59447,1,SHP-012884,12427,528,4,4,100,RR-006,2013-07-02,2013-07-05,2013-07-07,1,1,4.99,4.84,REFUND,REFUNDED,SIMULATED return linked to an AdventureWorks order line,synthetic_extension,1.0.0,BASELINE,20260728,2026-07-28T00:00:00.000Z
RET-000899,SO59447,2,SHP-012884,12427,537,4,4,100,RR-005,2013-06-29,2013-07-03,2013-07-04,1,1,35,33.95,REFUND,REFUNDED,SIMULATED return linked to an AdventureWorks order line,synthetic_extension,1.0.0,BASELINE,20260728,2026-07-28T00:00:00.000Z
RET-000900,SO59473,2,SHP-012910,24633,225,3,1,100,RR-001,2013-06-26,2013-07-05,2013-07-09,1,1,8.99,8.72,REFUND,REFUNDED,SIMULATED return linked to an AdventureWorks order line,synthetic_extension,1.0.0,BASELINE,20260728,2026-07-28T00:00:00.000Z
RET-000901,SO59473,3,SHP-012910,24633,490,3,1,100,RR-002,2013-06-25,2013-06-29,2013-06-30,1,1,53.99,52.37,REFUND,REFUNDED,SIMULATED return linked to an AdventureWorks order line,synthetic_extension,1.0.0,BASELINE,20260728,2026-07-28T00:00:00.000Z
RET-000902,SO59495,1,SHP-012932,27351,475,3,9,6,RR-003,2013-06-22,2013-06-28,2013-07-01,1,1,69.99,67.89,REFUND,REFUNDED,SIMULATED return linked to an AdventureWorks order line,synthetic_extension,1.0.0,BASELINE,20260728,2026-07-28T00:00:00.000Z
RET-000903,SO59495,2,SHP-012932,27351,491,3,9,6,RR-004,2013-06-21,2013-06-30,2013-07-04,1,1,53.99,52.37,REFUND,REFUNDED,SIMULATED return linked to an AdventureWorks order line,synthetic_extension,1.0.0,BASELINE,20260728,2026-07-28T00:00:00.000Z
RET-000904,SO59504,3,SHP-012941,17775,529,4,7,100,RR-006,2013-07-06,2013-07-13,2013-07-15,1,1,3.99,3.87,REFUND,REFUNDED,SIMULATED return linked to an AdventureWorks order line,synthetic_extension,1.0.0,BASELINE,20260728,2026-07-28T00:00:00.000Z
RET-000905,SO59504,4,SHP-012941,17775,473,3,7,100,RR-002,2013-07-07,2013-07-11,2013-07-12,1,1,63.5,61.59,REFUND,REFUNDED,SIMULATED return linked to an AdventureWorks order line,synthetic_extension,1.0.0,BASELINE,20260728,2026-07-28T00:00:00.000Z
RET-000906,SO59509,2,SHP-012946,16053,228,3,10,98,RR-001,2013-06-27,2013-07-04,2013-07-06,1,1,49.99,48.49,REFUND,REFUNDED,SIMULATED return linked to an AdventureWorks order line,synthetic_extension,1.0.0,BASELINE,20260728,2026-07-28T00:00:00.000Z
RET-000907,SO59509,3,SHP-012946,16053,482,3,10,98,RR-002,2013-06-26,2013-07-06,2013-07-09,1,1,8.99,8.72,REFUND,REFUNDED,SIMULATED return linked to an AdventureWorks order line,synthetic_extension,1.0.0,BASELINE,20260728,2026-07-28T00:00:00.000Z
RET-000908,SO59516,4,SHP-012953,14661,467,3,6,19,RR-004,2013-07-05,2013-07-14,2013-07-18,1,1,24.49,23.76,REFUND,REFUNDED,SIMULATED return linked to an AdventureWorks order line,synthetic_extension,1.0.0,BASELINE,20260728,2026-07-28T00:00:00.000Z
RET-000909,SO59522,1,SHP-012959,11091,474,3,6,19,RR-001,2013-06-24,2013-07-03,2013-07-07,1,1,69.99,67.89,REFUND,REFUNDED,SIMULATED return linked to an AdventureWorks order line,synthetic_extension,1.0.0,BASELINE,20260728,2026-07-28T00:00:00.000Z
RET-000910,SO59534,1,SHP-012971,23441,530,4,7,100,RR-005,2013-06-22,2013-06-26,2013-06-27,1,1,4.99,4.84,REFUND,REFUNDED,SIMULATED return linked to an AdventureWorks order line,synthetic_extension,1.0.0,BASELINE,20260728,2026-07-28T00:00:00.000Z
RET-000911,SO59540,2,SHP-012977,20465,529,4,4,100,RR-003,2013-06-28,2013-07-08,2013-07-11,1,1,3.99,3.87,REFUND,REFUNDED,SIMULATED return linked to an AdventureWorks order line,synthetic_extension,1.0.0,BASELINE,20260728,2026-07-28T00:00:00.000Z
RET-000912,SO59540,3,SHP-012977,20465,540,4,4,100,RR-006,2013-06-29,2013-07-06,2013-07-08,1,1,32.6,31.62,REFUND,REFUNDED,SIMULATED return linked to an AdventureWorks order line,synthetic_extension,1.0.0,BASELINE,20260728,2026-07-28T00:00:00.000Z
RET-000913,SO59540,4,SHP-012977,20465,214,4,4,100,RR-005,2013-06-30,2013-07-04,2013-07-05,1,1,34.99,33.94,REFUND,REFUNDED,SIMULATED return linked to an AdventureWorks order line,synthetic_extension,1.0.0,BASELINE,20260728,2026-07-28T00:00:00.000Z
RET-000914,SO59550,2,SHP-012987,23343,490,3,9,6,RR-001,2013-07-03,2013-07-08,2013-07-12,1,1,53.99,52.37,REFUND,REFUNDED,SIMULATED return linked to an AdventureWorks order line,synthetic_extension,1.0.0,BASELINE,20260728,2026-07-28T00:00:00.000Z
RET-000915,SO59583,1,SHP-013020,24584,225,3,9,6,RR-002,2013-06-27,2013-07-07,2013-07-10,1,1,8.99,8.72,REFUND,REFUNDED,SIMULATED return linked to an AdventureWorks order line,synthetic_extension,1.0.0,BASELINE,20260728,2026-07-28T00:00:00.000Z
RET-000916,SO59583,2,SHP-013020,24584,538,4,9,6,RR-004,2013-06-26,2013-07-01,2013-07-05,1,1,21.49,20.85,REFUND,REFUNDED,SIMULATED return linked to an AdventureWorks order line,synthetic_extension,1.0.0,BASELINE,20260728,2026-07-28T00:00:00.000Z
RET-000917,SO59589,1,SHP-013026,17777,580,1,8,100,RR-005,2013-07-09,2013-07-17,2013-07-18,1,1,1700.99,1649.96,REFUND,REFUNDED,SIMULATED return linked to an AdventureWorks order line,synthetic_extension,1.0.0,BASELINE,20260728,2026-07-28T00:00:00.000Z
RET-000918,SO59589,2,SHP-013026,17777,217,4,8,100,RR-006,2013-06-24,2013-07-01,2013-07-03,1,1,34.99,33.94,REFUND,REFUNDED,SIMULATED return linked to an AdventureWorks order line,synthetic_extension,1.0.0,BASELINE,20260728,2026-07-28T00:00:00.000Z
RET-000919,SO59590,3,SHP-013027,19172,225,3,10,98,RR-005,2013-07-03,2013-07-07,2013-07-08,1,1,8.99,8.72,REFUND,REFUNDED,SIMULATED return linked to an AdventureWorks order line,synthetic_extension,1.0.0,BASELINE,20260728,2026-07-28T00:00:00.000Z
RET-000920,SO59624,4,SHP-013061,13657,225,3,1,100,RR-001,2013-06-26,2013-07-05,2013-07-09,1,1,8.99,8.72,REFUND,REFUNDED,SIMULATED return linked to an AdventureWorks order line,synthetic_extension,1.0.0,BASELINE,20260728,2026-07-28T00:00:00.000Z
RET-000921,SO59639,1,SHP-013076,25414,576,1,4,100,RR-003,2013-06-27,2013-07-03,2013-07-06,1,1,2384.07,2312.55,REFUND,REFUNDED,SIMULATED return linked to an AdventureWorks order line,synthetic_extension,1.0.0,BASELINE,20260728,2026-07-28T00:00:00.000Z
RET-000922,SO59639,2,SHP-013076,25414,479,4,4,100,RR-004,2013-06-26,2013-07-05,2013-07-09,1,1,8.99,8.72,REFUND,REFUNDED,SIMULATED return linked to an AdventureWorks order line,synthetic_extension,1.0.0,BASELINE,20260728,2026-07-28T00:00:00.000Z
RET-000923,SO59639,3,SHP-013076,25414,477,4,4,100,RR-005,2013-06-25,2013-06-29,2013-06-30,1,1,4.99,4.84,REFUND,REFUNDED,SIMULATED return linked to an AdventureWorks order line,synthetic_extension,1.0.0,BASELINE,20260728,2026-07-28T00:00:00.000Z
RET-000924,SO59647,1,SHP-013084,14215,577,1,9,6,RR-004,2013-06-21,2013-06-30,2013-07-04,1,1,1214.85,1178.4,REFUND,REFUNDED,SIMULATED return linked to an AdventureWorks order line,synthetic_extension,1.0.0,BASELINE,20260728,2026-07-28T00:00:00.000Z
RET-000925,SO59647,2,SHP-013084,14215,217,4,9,6,RR-003,2013-06-22,2013-06-28,2013-07-01,1,1,34.99,33.94,REFUND,REFUNDED,SIMULATED return linked to an AdventureWorks order line,synthetic_extension,1.0.0,BASELINE,20260728,2026-07-28T00:00:00.000Z
RET-000926,SO59656,1,SHP-013093,23641,477,4,9,6,RR-006,2013-07-10,2013-07-17,2013-07-19,1,1,4.99,4.84,REFUND,REFUNDED,SIMULATED return linked to an AdventureWorks order line,synthetic_extension,1.0.0,BASELINE,20260728,2026-07-28T00:00:00.000Z
RET-000927,SO59656,2,SHP-013093,23641,214,4,9,6,RR-005,2013-07-07,2013-07-15,2013-07-16,1,1,34.99,33.94,REFUND,REFUNDED,SIMULATED return linked to an AdventureWorks order line,synthetic_extension,1.0.0,BASELINE,20260728,2026-07-28T00:00:00.000Z
RET-000928,SO59656,3,SHP-013093,23641,463,3,9,6,RR-004,2013-07-08,2013-07-13,2013-07-17,1,1,24.49,23.76,REFUND,REFUNDED,SIMULATED return linked to an AdventureWorks order line,synthetic_extension,1.0.0,BASELINE,20260728,2026-07-28T00:00:00.000Z
RET-000929,SO59657,3,SHP-013094,16343,480,4,9,6,RR-005,2013-06-30,2013-07-04,2013-07-05,1,1,2.29,2.22,REFUND,REFUNDED,SIMULATED return linked to an AdventureWorks order line,synthetic_extension,1.0.0,BASELINE,20260728,2026-07-28T00:00:00.000Z
RET-000930,SO59663,1,SHP-013100,26007,535,4,4,100,RR-006,2013-06-28,2013-07-01,2013-07-03,1,1,24.99,24.24,REFUND,REFUNDED,SIMULATED return linked to an AdventureWorks order line,synthetic_extension,1.0.0,BASELINE,20260728,2026-07-28T00:00:00.000Z
RET-000931,SO59671,1,SHP-013108,18912,476,3,1,100,RR-003,2013-06-30,2013-07-10,2013-07-13,1,1,69.99,67.89,REFUND,REFUNDED,SIMULATED return linked to an AdventureWorks order line,synthetic_extension,1.0.0,BASELINE,20260728,2026-07-28T00:00:00.000Z
RET-000932,SO59688,4,SHP-013125,13866,217,4,4,100,RR-006,2013-07-05,2013-07-08,2013-07-10,1,1,34.99,33.94,REFUND,REFUNDED,SIMULATED return linked to an AdventureWorks order line,synthetic_extension,1.0.0,BASELINE,20260728,2026-07-28T00:00:00.000Z
RET-000933,SO59723,1,SHP-013160,11502,536,4,6,19,RR-003,2013-06-29,2013-07-09,2013-07-12,1,1,29.99,29.09,REFUND,REFUNDED,SIMULATED return linked to an AdventureWorks order line,synthetic_extension,1.0.0,BASELINE,20260728,2026-07-28T00:00:00.000Z
RET-000934,SO59723,2,SHP-013160,11502,528,4,6,19,RR-004,2013-06-28,2013-07-03,2013-07-07,1,1,4.99,4.84,REFUND,REFUNDED,SIMULATED return linked to an AdventureWorks order line,synthetic_extension,1.0.0,BASELINE,20260728,2026-07-28T00:00:00.000Z
RET-000935,SO59723,3,SHP-013160,11502,217,4,6,19,RR-005,2013-06-27,2013-07-05,2013-07-06,1,1,34.99,33.94,REFUND,REFUNDED,SIMULATED return linked to an AdventureWorks order line,synthetic_extension,1.0.0,BASELINE,20260728,2026-07-28T00:00:00.000Z
RET-000936,SO59731,1,SHP-013168,27111,477,4,6,19,RR-006,2013-07-11,2013-07-18,2013-07-20,1,1,4.99,4.84,REFUND,REFUNDED,SIMULATED return linked to an AdventureWorks order line,synthetic_extension,1.0.0,BASELINE,20260728,2026-07-28T00:00:00.000Z
RET-000937,SO59731,2,SHP-013168,27111,480,4,6,19,RR-005,2013-07-08,2013-07-16,2013-07-17,1,1,2.29,2.22,REFUND,REFUNDED,SIMULATED return linked to an AdventureWorks order line,synthetic_extension,1.0.0,BASELINE,20260728,2026-07-28T00:00:00.000Z
RET-000938,SO59738,2,SHP-013175,19191,231,3,8,100,RR-004,2013-06-24,2013-07-03,2013-07-07,1,1,49.99,48.49,REFUND,REFUNDED,SIMULATED return linked to an AdventureWorks order line,synthetic_extension,1.0.0,BASELINE,20260728,2026-07-28T00:00:00.000Z
RET-000939,SO59768,2,SHP-013205,29164,472,3,1,100,RR-002,2013-07-04,2013-07-14,2013-07-17,1,1,63.5,61.59,REFUND,REFUNDED,SIMULATED return linked to an AdventureWorks order line,synthetic_extension,1.0.0,BASELINE,20260728,2026-07-28T00:00:00.000Z
RET-000940,SO59784,3,SHP-013221,16353,231,3,1,100,RR-001,2013-07-05,2013-07-10,2013-07-14,1,1,49.99,48.49,REFUND,REFUNDED,SIMULATED return linked to an AdventureWorks order line,synthetic_extension,1.0.0,BASELINE,20260728,2026-07-28T00:00:00.000Z
RET-000941,SO59806,4,SHP-013243,13473,481,3,4,100,RR-006,2013-07-05,2013-07-08,2013-07-10,1,1,8.99,8.72,REFUND,REFUNDED,SIMULATED return linked to an AdventureWorks order line,synthetic_extension,1.0.0,BASELINE,20260728,2026-07-28T00:00:00.000Z
RET-000942,SO59824,1,SHP-013261,25425,576,1,4,100,RR-003,2013-06-26,2013-07-02,2013-07-05,1,1,2384.07,2312.55,REFUND,REFUNDED,SIMULATED return linked to an AdventureWorks order line,synthetic_extension,1.0.0,BASELINE,20260728,2026-07-28T00:00:00.000Z
RET-000943,SO59824,2,SHP-013261,25425,489,3,4,100,RR-004,2013-06-25,2013-07-04,2013-07-08,1,1,53.99,52.37,REFUND,REFUNDED,SIMULATED return linked to an AdventureWorks order line,synthetic_extension,1.0.0,BASELINE,20260728,2026-07-28T00:00:00.000Z
RET-000944,SO59831,1,SHP-013268,11358,588,1,9,6,RR-005,2013-06-26,2013-06-30,2013-07-01,1,1,769.49,746.41,REFUND,REFUNDED,SIMULATED return linked to an AdventureWorks order line,synthetic_extension,1.0.0,BASELINE,20260728,2026-07-28T00:00:00.000Z
RET-000945,SO59831,2,SHP-013268,11358,225,3,9,6,RR-001,2013-06-29,2013-07-02,2013-07-04,1,1,8.99,8.72,REFUND,REFUNDED,SIMULATED return linked to an AdventureWorks order line,synthetic_extension,1.0.0,BASELINE,20260728,2026-07-28T00:00:00.000Z
RET-000946,SO59831,3,SHP-013268,11358,476,3,9,6,RR-002,2013-06-28,2013-07-04,2013-07-07,1,1,69.99,67.89,REFUND,REFUNDED,SIMULATED return linked to an AdventureWorks order line,synthetic_extension,1.0.0,BASELINE,20260728,2026-07-28T00:00:00.000Z
RET-000947,SO59851,3,SHP-013288,18112,465,3,4,100,RR-005,2013-06-24,2013-07-02,2013-07-03,1,1,24.49,23.76,REFUND,REFUNDED,SIMULATED return linked to an AdventureWorks order line,synthetic_extension,1.0.0,BASELINE,20260728,2026-07-28T00:00:00.000Z
RET-000948,SO59872,1,SHP-013309,17149,582,1,1,100,RR-006,2013-07-10,2013-07-13,2013-07-15,1,1,1700.99,1649.96,REFUND,REFUNDED,SIMULATED return linked to an AdventureWorks order line,synthetic_extension,1.0.0,BASELINE,20260728,2026-07-28T00:00:00.000Z
RET-000949,SO59872,2,SHP-013309,17149,222,4,1,100,RR-005,2013-07-07,2013-07-11,2013-07-12,1,1,34.99,33.94,REFUND,REFUNDED,SIMULATED return linked to an AdventureWorks order line,synthetic_extension,1.0.0,BASELINE,20260728,2026-07-28T00:00:00.000Z
RET-000950,SO59881,1,SHP-013318,12449,361,1,6,19,RR-004,2013-07-01,2013-07-06,2013-07-10,1,1,2294.99,2226.14,REFUND,REFUNDED,SIMULATED return linked to an AdventureWorks order line,synthetic_extension,1.0.0,BASELINE,20260728,2026-07-28T00:00:00.000Z
RET-000951,SO59881,2,SHP-013318,12449,485,4,6,19,RR-003,2013-07-02,2013-07-12,2013-07-15,1,1,21.98,21.32,REFUND,REFUNDED,SIMULATED return linked to an AdventureWorks order line,synthetic_extension,1.0.0,BASELINE,20260728,2026-07-28T00:00:00.000Z
RET-000952,SO59881,3,SHP-013318,12449,222,4,6,19,RR-006,2013-07-03,2013-07-10,2013-07-12,1,1,34.99,33.94,REFUND,REFUNDED,SIMULATED return linked to an AdventureWorks order line,synthetic_extension,1.0.0,BASELINE,20260728,2026-07-28T00:00:00.000Z
RET-000953,SO59952,1,SHP-013389,11798,353,1,1,100,RR-005,2013-07-08,2013-07-12,2013-07-13,1,1,2319.99,2250.39,REFUND,REFUNDED,SIMULATED return linked to an AdventureWorks order line,synthetic_extension,1.0.0,BASELINE,20260728,2026-07-28T00:00:00.000Z
RET-000954,SO59952,2,SHP-013389,11798,487,4,1,100,RR-006,2013-07-11,2013-07-14,2013-07-16,1,1,54.99,53.34,REFUND,REFUNDED,SIMULATED return linked to an AdventureWorks order line,synthetic_extension,1.0.0,BASELINE,20260728,2026-07-28T00:00:00.000Z
RET-000955,SO59953,3,SHP-013390,14255,463,3,1,100,RR-001,2013-06-26,2013-07-03,2013-07-05,1,1,24.49,23.76,REFUND,REFUNDED,SIMULATED return linked to an AdventureWorks order line,synthetic_extension,1.0.0,BASELINE,20260728,2026-07-28T00:00:00.000Z
RET-000956,SO59955,4,SHP-013392,14253,222,4,4,100,RR-003,2013-07-04,2013-07-14,2013-07-17,1,1,34.99,33.94,REFUND,REFUNDED,SIMULATED return linked to an AdventureWorks order line,synthetic_extension,1.0.0,BASELINE,20260728,2026-07-28T00:00:00.000Z
RET-000957,SO59955,5,SHP-013392,14253,463,3,4,100,RR-006,2013-07-05,2013-07-12,2013-07-14,1,1,24.49,23.76,REFUND,REFUNDED,SIMULATED return linked to an AdventureWorks order line,synthetic_extension,1.0.0,BASELINE,20260728,2026-07-28T00:00:00.000Z
RET-000958,SO59970,2,SHP-013407,23177,479,4,1,100,RR-006,2013-07-11,2013-07-18,2013-07-20,1,1,8.99,8.72,REFUND,REFUNDED,SIMULATED return linked to an AdventureWorks order line,synthetic_extension,1.0.0,BASELINE,20260728,2026-07-28T00:00:00.000Z
RET-000959,SO59970,3,SHP-013407,23177,477,4,1,100,RR-003,2013-07-10,2013-07-20,2013-07-23,1,1,4.99,4.84,REFUND,REFUNDED,SIMULATED return linked to an AdventureWorks order line,synthetic_extension,1.0.0,BASELINE,20260728,2026-07-28T00:00:00.000Z
RET-000960,SO60014,1,SHP-013451,16437,530,4,10,98,RR-006,2013-07-11,2013-07-14,2013-07-16,1,1,4.99,4.84,REFUND,REFUNDED,SIMULATED return linked to an AdventureWorks order line,synthetic_extension,1.0.0,BASELINE,20260728,2026-07-28T00:00:00.000Z
RET-000961,SO60035,1,SHP-013472,20207,390,1,4,100,RR-005,2013-07-09,2013-07-17,2013-07-18,1,1,1120.49,1086.88,REFUND,REFUNDED,SIMULATED return linked to an AdventureWorks order line,synthetic_extension,1.0.0,BASELINE,20260728,2026-07-28T00:00:00.000Z
RET-000962,SO60035,2,SHP-013472,20207,479,4,4,100,RR-006,2013-07-12,2013-07-19,2013-07-21,1,1,8.99,8.72,REFUND,REFUNDED,SIMULATED return linked to an AdventureWorks order line,synthetic_extension,1.0.0,BASELINE,20260728,2026-07-28T00:00:00.000Z
RET-000963,SO60035,3,SHP-013472,20207,477,4,4,100,RR-003,2013-07-11,2013-07-21,2013-07-24,1,1,4.99,4.84,REFUND,REFUNDED,SIMULATED return linked to an AdventureWorks order line,synthetic_extension,1.0.0,BASELINE,20260728,2026-07-28T00:00:00.000Z
RET-000964,SO60081,1,SHP-013518,22516,477,4,8,100,RR-004,2013-07-10,2013-07-15,2013-07-19,1,1,4.99,4.84,REFUND,REFUNDED,SIMULATED return linked to an AdventureWorks order line,synthetic_extension,1.0.0,BASELINE,20260728,2026-07-28T00:00:00.000Z
RET-000965,SO60113,2,SHP-013550,20198,488,3,4,100,RR-002,2013-07-06,2013-07-12,2013-07-15,1,1,53.99,52.37,REFUND,REFUNDED,SIMULATED return linked to an AdventureWorks order line,synthetic_extension,1.0.0,BASELINE,20260728,2026-07-28T00:00:00.000Z
RET-000966,SO60132,1,SHP-013569,28865,539,4,4,100,RR-003,2013-07-09,2013-07-15,2013-07-18,1,1,24.99,24.24,REFUND,REFUNDED,SIMULATED return linked to an AdventureWorks order line,synthetic_extension,1.0.0,BASELINE,20260728,2026-07-28T00:00:00.000Z
RET-000967,SO60132,2,SHP-013569,28865,529,4,4,100,RR-004,2013-07-08,2013-07-17,2013-07-21,1,1,3.99,3.87,REFUND,REFUNDED,SIMULATED return linked to an AdventureWorks order line,synthetic_extension,1.0.0,BASELINE,20260728,2026-07-28T00:00:00.000Z
RET-000968,SO60132,3,SHP-013569,28865,480,4,4,100,RR-005,2013-07-07,2013-07-11,2013-07-12,1,1,2.29,2.22,REFUND,REFUNDED,SIMULATED return linked to an AdventureWorks order line,synthetic_extension,1.0.0,BASELINE,20260728,2026-07-28T00:00:00.000Z
RET-000969,SO60173,1,SHP-013610,25981,606,1,6,19,RR-006,2013-07-03,2013-07-06,2013-07-08,1,1,539.99,523.79,REFUND,REFUNDED,SIMULATED return linked to an AdventureWorks order line,synthetic_extension,1.0.0,BASELINE,20260728,2026-07-28T00:00:00.000Z
RET-000970,SO60184,1,SHP-013621,26030,538,4,9,6,RR-004,2013-07-10,2013-07-19,2013-07-23,1,1,21.49,20.85,REFUND,REFUNDED,SIMULATED return linked to an AdventureWorks order line,synthetic_extension,1.0.0,BASELINE,20260728,2026-07-28T00:00:00.000Z
RET-000971,SO60193,1,SHP-013630,17085,589,1,10,98,RR-004,2013-07-08,2013-07-17,2013-07-21,1,1,769.49,746.41,REFUND,REFUNDED,SIMULATED return linked to an AdventureWorks order line,synthetic_extension,1.0.0,BASELINE,20260728,2026-07-28T00:00:00.000Z
RET-000972,SO60193,2,SHP-013630,17085,528,4,10,98,RR-003,2013-07-09,2013-07-15,2013-07-18,1,1,4.99,4.84,REFUND,REFUNDED,SIMULATED return linked to an AdventureWorks order line,synthetic_extension,1.0.0,BASELINE,20260728,2026-07-28T00:00:00.000Z
RET-000973,SO60193,3,SHP-013630,17085,536,4,10,98,RR-006,2013-07-10,2013-07-13,2013-07-15,1,1,29.99,29.09,REFUND,REFUNDED,SIMULATED return linked to an AdventureWorks order line,synthetic_extension,1.0.0,BASELINE,20260728,2026-07-28T00:00:00.000Z
RET-000974,SO60204,1,SHP-013641,25160,529,4,1,100,RR-003,2013-07-06,2013-07-16,2013-07-19,1,1,3.99,3.87,REFUND,REFUNDED,SIMULATED return linked to an AdventureWorks order line,synthetic_extension,1.0.0,BASELINE,20260728,2026-07-28T00:00:00.000Z
RET-000975,SO60204,2,SHP-013641,25160,540,4,1,100,RR-004,2013-07-05,2013-07-10,2013-07-14,1,1,32.6,31.62,REFUND,REFUNDED,SIMULATED return linked to an AdventureWorks order line,synthetic_extension,1.0.0,BASELINE,20260728,2026-07-28T00:00:00.000Z
RET-000976,SO60204,4,SHP-013641,25160,484,4,1,100,RR-006,2013-07-11,2013-07-14,2013-07-16,1,1,7.95,7.71,REFUND,REFUNDED,SIMULATED return linked to an AdventureWorks order line,synthetic_extension,1.0.0,BASELINE,20260728,2026-07-28T00:00:00.000Z
RET-000977,SO60216,1,SHP-013653,11434,477,4,10,98,RR-006,2013-07-16,2013-07-23,2013-07-25,1,1,4.99,4.84,REFUND,REFUNDED,SIMULATED return linked to an AdventureWorks order line,synthetic_extension,1.0.0,BASELINE,20260728,2026-07-28T00:00:00.000Z
RET-000978,SO60216,3,SHP-013653,11434,214,4,10,98,RR-004,2013-07-14,2013-07-19,2013-07-23,1,1,34.99,33.94,REFUND,REFUNDED,SIMULATED return linked to an AdventureWorks order line,synthetic_extension,1.0.0,BASELINE,20260728,2026-07-28T00:00:00.000Z
RET-000979,SO60255,1,SHP-013692,20402,477,4,9,6,RR-005,2013-07-03,2013-07-11,2013-07-12,1,1,4.99,4.84,REFUND,REFUNDED,SIMULATED return linked to an AdventureWorks order line,synthetic_extension,1.0.0,BASELINE,20260728,2026-07-28T00:00:00.000Z
RET-000980,SO60265,3,SHP-013702,29253,217,4,4,100,RR-006,2013-07-14,2013-07-17,2013-07-19,1,1,34.99,33.94,REFUND,REFUNDED,SIMULATED return linked to an AdventureWorks order line,synthetic_extension,1.0.0,BASELINE,20260728,2026-07-28T00:00:00.000Z
RET-000981,SO60305,3,SHP-013742,17123,477,4,4,100,RR-005,2013-07-15,2013-07-23,2013-07-24,1,1,4.99,4.84,REFUND,REFUNDED,SIMULATED return linked to an AdventureWorks order line,synthetic_extension,1.0.0,BASELINE,20260728,2026-07-28T00:00:00.000Z
RET-000982,SO60305,4,SHP-013742,17123,225,3,4,100,RR-001,2013-07-04,2013-07-07,2013-07-09,1,1,8.99,8.72,REFUND,REFUNDED,SIMULATED return linked to an AdventureWorks order line,synthetic_extension,1.0.0,BASELINE,20260728,2026-07-28T00:00:00.000Z
RET-000983,SO60313,2,SHP-013750,29469,482,3,10,98,RR-002,2013-07-10,2013-07-18,2013-07-19,1,1,8.99,8.72,REFUND,REFUNDED,SIMULATED return linked to an AdventureWorks order line,synthetic_extension,1.0.0,BASELINE,20260728,2026-07-28T00:00:00.000Z
RET-000984,SO60320,1,SHP-013757,14183,363,1,10,98,RR-004,2013-07-06,2013-07-11,2013-07-15,1,1,2294.99,2226.14,REFUND,REFUNDED,SIMULATED return linked to an AdventureWorks order line,synthetic_extension,1.0.0,BASELINE,20260728,2026-07-28T00:00:00.000Z
RET-000985,SO60320,2,SHP-013757,14183,487,4,10,98,RR-003,2013-07-07,2013-07-17,2013-07-20,1,1,54.99,53.34,REFUND,REFUNDED,SIMULATED return linked to an AdventureWorks order line,synthetic_extension,1.0.0,BASELINE,20260728,2026-07-28T00:00:00.000Z
RET-000986,SO60329,1,SHP-013766,12672,529,4,9,6,RR-005,2013-07-20,2013-07-24,2013-07-25,1,1,3.99,3.87,REFUND,REFUNDED,SIMULATED return linked to an AdventureWorks order line,synthetic_extension,1.0.0,BASELINE,20260728,2026-07-28T00:00:00.000Z
RET-000987,SO60329,2,SHP-013766,12672,486,4,9,6,RR-006,2013-07-05,2013-07-08,2013-07-10,1,1,159,154.23,REFUND,REFUNDED,SIMULATED return linked to an AdventureWorks order line,synthetic_extension,1.0.0,BASELINE,20260728,2026-07-28T00:00:00.000Z
RET-000988,SO60394,1,SHP-013831,29057,225,3,4,19,RR-005,2013-07-09,2013-07-17,2013-07-18,1,1,8.99,8.72,REFUND,REFUNDED,SIMULATED return linked to an AdventureWorks order line,synthetic_extension,1.0.0,BASELINE,20260728,2026-07-28T00:00:00.000Z
RET-000989,SO60418,3,SHP-013855,13948,472,3,4,100,RR-004,2013-07-10,2013-07-19,2013-07-23,1,1,63.5,61.59,REFUND,REFUNDED,SIMULATED return linked to an AdventureWorks order line,synthetic_extension,1.0.0,BASELINE,20260728,2026-07-28T00:00:00.000Z
RET-000990,SO60423,2,SHP-013860,28388,225,3,8,100,RR-003,2013-07-10,2013-07-20,2013-07-23,1,1,8.99,8.72,REFUND,REFUNDED,SIMULATED return linked to an AdventureWorks order line,synthetic_extension,1.0.0,BASELINE,20260728,2026-07-28T00:00:00.000Z
RET-000991,SO60443,1,SHP-013880,19536,388,1,6,19,RR-006,2013-07-17,2013-07-24,2013-07-26,1,1,1120.49,1086.88,REFUND,REFUNDED,SIMULATED return linked to an AdventureWorks order line,synthetic_extension,1.0.0,BASELINE,20260728,2026-07-28T00:00:00.000Z
RET-000992,SO60459,2,SHP-013896,13137,535,4,9,6,RR-004,2013-07-11,2013-07-20,2013-07-24,1,1,24.99,24.24,REFUND,REFUNDED,SIMULATED return linked to an AdventureWorks order line,synthetic_extension,1.0.0,BASELINE,20260728,2026-07-28T00:00:00.000Z
RET-000993,SO60459,3,SHP-013896,13137,217,4,9,6,RR-005,2013-07-10,2013-07-14,2013-07-15,1,1,34.99,33.94,REFUND,REFUNDED,SIMULATED return linked to an AdventureWorks order line,synthetic_extension,1.0.0,BASELINE,20260728,2026-07-28T00:00:00.000Z
RET-000994,SO60478,1,SHP-013915,11784,476,3,6,19,RR-001,2013-07-20,2013-07-25,2013-07-29,1,1,69.99,67.89,REFUND,REFUNDED,SIMULATED return linked to an AdventureWorks order line,synthetic_extension,1.0.0,BASELINE,20260728,2026-07-28T00:00:00.000Z
RET-000995,SO60492,4,SHP-013929,11924,225,3,4,100,RR-002,2013-07-19,2013-07-27,2013-07-28,1,1,8.99,8.72,REFUND,REFUNDED,SIMULATED return linked to an AdventureWorks order line,synthetic_extension,1.0.0,BASELINE,20260728,2026-07-28T00:00:00.000Z
RET-000996,SO60551,2,SHP-013988,13442,485,4,1,100,RR-005,2013-07-05,2013-07-09,2013-07-10,1,1,21.98,21.32,REFUND,REFUNDED,SIMULATED return linked to an AdventureWorks order line,synthetic_extension,1.0.0,BASELINE,20260728,2026-07-28T00:00:00.000Z
RET-000997,SO60556,1,SHP-013993,20190,386,1,1,100,RR-005,2013-07-09,2013-07-13,2013-07-14,1,1,1120.49,1086.88,REFUND,REFUNDED,SIMULATED return linked to an AdventureWorks order line,synthetic_extension,1.0.0,BASELINE,20260728,2026-07-28T00:00:00.000Z
RET-000998,SO60556,2,SHP-013993,20190,539,4,1,100,RR-006,2013-07-12,2013-07-15,2013-07-17,1,1,24.99,24.24,REFUND,REFUNDED,SIMULATED return linked to an AdventureWorks order line,synthetic_extension,1.0.0,BASELINE,20260728,2026-07-28T00:00:00.000Z
RET-000999,SO60556,3,SHP-013993,20190,225,3,1,100,RR-003,2013-07-11,2013-07-17,2013-07-20,1,1,8.99,8.72,REFUND,REFUNDED,SIMULATED return linked to an AdventureWorks order line,synthetic_extension,1.0.0,BASELINE,20260728,2026-07-28T00:00:00.000Z
RET-001000,SO60591,1,SHP-014028,18772,475,3,4,100,RR-006,2013-07-13,2013-07-20,2013-07-22,1,1,69.99,67.89,REFUND,REFUNDED,SIMULATED return linked to an AdventureWorks order line,synthetic_extension,1.0.0,BASELINE,20260728,2026-07-28T00:00:00.000Z
RET-001001,SO60591,2,SHP-014028,18772,225,3,4,100,RR-005,2013-07-10,2013-07-18,2013-07-19,1,1,8.99,8.72,REFUND,REFUNDED,SIMULATED return linked to an AdventureWorks order line,synthetic_extension,1.0.0,BASELINE,20260728,2026-07-28T00:00:00.000Z
RET-001002,SO60625,1,SHP-014062,13576,561,1,10,98,RR-004,2013-07-06,2013-07-15,2013-07-19,1,1,2384.07,2312.55,REFUND,REFUNDED,SIMULATED return linked to an AdventureWorks order line,synthetic_extension,1.0.0,BASELINE,20260728,2026-07-28T00:00:00.000Z
RET-001003,SO60625,2,SHP-014062,13576,477,4,10,98,RR-003,2013-07-07,2013-07-13,2013-07-16,1,1,4.99,4.84,REFUND,REFUNDED,SIMULATED return linked to an AdventureWorks order line,synthetic_extension,1.0.0,BASELINE,20260728,2026-07-28T00:00:00.000Z
RET-001004,SO60625,3,SHP-014062,13576,479,4,10,98,RR-006,2013-07-08,2013-07-11,2013-07-13,1,1,8.99,8.72,REFUND,REFUNDED,SIMULATED return linked to an AdventureWorks order line,synthetic_extension,1.0.0,BASELINE,20260728,2026-07-28T00:00:00.000Z
RET-001005,SO60625,4,SHP-014062,13576,465,3,10,98,RR-005,2013-07-19,2013-07-27,2013-07-28,1,1,24.49,23.76,REFUND,REFUNDED,SIMULATED return linked to an AdventureWorks order line,synthetic_extension,1.0.0,BASELINE,20260728,2026-07-28T00:00:00.000Z
RET-001006,SO60631,3,SHP-014068,14191,225,3,10,98,RR-002,2013-07-13,2013-07-17,2013-07-18,1,1,8.99,8.72,REFUND,REFUNDED,SIMULATED return linked to an AdventureWorks order line,synthetic_extension,1.0.0,BASELINE,20260728,2026-07-28T00:00:00.000Z
RET-001007,SO60644,1,SHP-014081,27703,530,4,9,6,RR-003,2013-07-07,2013-07-17,2013-07-20,1,1,4.99,4.84,REFUND,REFUNDED,SIMULATED return linked to an AdventureWorks order line,synthetic_extension,1.0.0,BASELINE,20260728,2026-07-28T00:00:00.000Z
RET-001008,SO60670,2,SHP-014107,12799,217,4,8,100,RR-005,2013-07-26,2013-07-30,2013-07-31,1,1,34.99,33.94,REFUND,REFUNDED,SIMULATED return linked to an AdventureWorks order line,synthetic_extension,1.0.0,BASELINE,20260728,2026-07-28T00:00:00.000Z
RET-001009,SO60678,1,SHP-014115,12278,231,3,8,100,RR-006,2013-07-15,2013-07-18,2013-07-20,1,1,49.99,48.49,REFUND,REFUNDED,SIMULATED return linked to an AdventureWorks order line,synthetic_extension,1.0.0,BASELINE,20260728,2026-07-28T00:00:00.000Z
RET-001010,SO60693,5,SHP-014130,22294,228,3,4,100,RR-003,2013-07-06,2013-07-16,2013-07-19,1,1,49.99,48.49,REFUND,REFUNDED,SIMULATED return linked to an AdventureWorks order line,synthetic_extension,1.0.0,BASELINE,20260728,2026-07-28T00:00:00.000Z
RET-001011,SO60706,1,SHP-014143,26346,535,4,4,100,RR-004,2013-07-21,2013-07-26,2013-07-30,1,1,24.99,24.24,REFUND,REFUNDED,SIMULATED return linked to an AdventureWorks order line,synthetic_extension,1.0.0,BASELINE,20260728,2026-07-28T00:00:00.000Z
RET-001012,SO60706,2,SHP-014143,26346,528,4,4,100,RR-003,2013-07-22,2013-08-01,2013-08-04,1,1,4.99,4.84,REFUND,REFUNDED,SIMULATED return linked to an AdventureWorks order line,synthetic_extension,1.0.0,BASELINE,20260728,2026-07-28T00:00:00.000Z
RET-001013,SO60706,3,SHP-014143,26346,217,4,4,100,RR-006,2013-07-05,2013-07-12,2013-07-14,1,1,34.99,33.94,REFUND,REFUNDED,SIMULATED return linked to an AdventureWorks order line,synthetic_extension,1.0.0,BASELINE,20260728,2026-07-28T00:00:00.000Z
RET-001014,SO60728,1,SHP-014165,11407,489,3,8,100,RR-001,2013-07-18,2013-07-27,2013-07-31,1,1,53.99,52.37,REFUND,REFUNDED,SIMULATED return linked to an AdventureWorks order line,synthetic_extension,1.0.0,BASELINE,20260728,2026-07-28T00:00:00.000Z
RET-001015,SO60771,1,SHP-014208,11366,237,3,9,6,RR-006,2013-07-15,2013-07-18,2013-07-20,1,1,49.99,48.49,REFUND,REFUNDED,SIMULATED return linked to an AdventureWorks order line,synthetic_extension,1.0.0,BASELINE,20260728,2026-07-28T00:00:00.000Z
RET-001016,SO60779,2,SHP-014216,11203,535,4,6,19,RR-005,2013-07-26,2013-07-30,2013-07-31,1,1,24.99,24.24,REFUND,REFUNDED,SIMULATED return linked to an AdventureWorks order line,synthetic_extension,1.0.0,BASELINE,20260728,2026-07-28T00:00:00.000Z
RET-001017,SO60779,3,SHP-014216,11203,480,4,6,19,RR-004,2013-07-27,2013-08-05,2013-08-09,1,1,2.29,2.22,REFUND,REFUNDED,SIMULATED return linked to an AdventureWorks order line,synthetic_extension,1.0.0,BASELINE,20260728,2026-07-28T00:00:00.000Z
RET-001018,SO60781,2,SHP-014218,25069,540,4,1,100,RR-004,2013-07-18,2013-07-23,2013-07-27,1,1,32.6,31.62,REFUND,REFUNDED,SIMULATED return linked to an AdventureWorks order line,synthetic_extension,1.0.0,BASELINE,20260728,2026-07-28T00:00:00.000Z
RET-001019,SO60781,3,SHP-014218,25069,217,4,1,100,RR-005,2013-07-17,2013-07-25,2013-07-26,1,1,34.99,33.94,REFUND,REFUNDED,SIMULATED return linked to an AdventureWorks order line,synthetic_extension,1.0.0,BASELINE,20260728,2026-07-28T00:00:00.000Z
RET-001020,SO60787,5,SHP-014224,21317,225,3,4,100,RR-002,2013-07-25,2013-08-02,2013-08-03,1,1,8.99,8.72,REFUND,REFUNDED,SIMULATED return linked to an AdventureWorks order line,synthetic_extension,1.0.0,BASELINE,20260728,2026-07-28T00:00:00.000Z
RET-001021,SO60830,4,SHP-014267,16826,225,3,8,100,RR-002,2013-07-24,2013-07-28,2013-07-29,1,1,8.99,8.72,REFUND,REFUNDED,SIMULATED return linked to an AdventureWorks order line,synthetic_extension,1.0.0,BASELINE,20260728,2026-07-28T00:00:00.000Z
RET-001022,SO60889,2,SHP-014326,15762,467,3,6,19,RR-003,2013-07-19,2013-07-29,2013-08-01,1,1,24.49,23.76,REFUND,REFUNDED,SIMULATED return linked to an AdventureWorks order line,synthetic_extension,1.0.0,BASELINE,20260728,2026-07-28T00:00:00.000Z
RET-001023,SO60893,2,SHP-014330,24194,541,4,7,100,RR-006,2013-07-17,2013-07-20,2013-07-22,1,1,28.99,28.12,REFUND,REFUNDED,SIMULATED return linked to an AdventureWorks order line,synthetic_extension,1.0.0,BASELINE,20260728,2026-07-28T00:00:00.000Z
RET-001024,SO60893,3,SHP-014330,24194,530,4,7,100,RR-003,2013-07-16,2013-07-22,2013-07-25,1,1,4.99,4.84,REFUND,REFUNDED,SIMULATED return linked to an AdventureWorks order line,synthetic_extension,1.0.0,BASELINE,20260728,2026-07-28T00:00:00.000Z
RET-001025,SO60928,1,SHP-014365,13947,355,1,1,100,RR-006,2013-07-14,2013-07-21,2013-07-23,1,1,2319.99,2250.39,REFUND,REFUNDED,SIMULATED return linked to an AdventureWorks order line,synthetic_extension,1.0.0,BASELINE,20260728,2026-07-28T00:00:00.000Z
RET-001026,SO60928,2,SHP-014365,13947,537,4,1,100,RR-005,2013-07-11,2013-07-19,2013-07-20,1,1,35,33.95,REFUND,REFUNDED,SIMULATED return linked to an AdventureWorks order line,synthetic_extension,1.0.0,BASELINE,20260728,2026-07-28T00:00:00.000Z
RET-001027,SO60928,3,SHP-014365,13947,528,4,1,100,RR-004,2013-07-12,2013-07-17,2013-07-21,1,1,4.99,4.84,REFUND,REFUNDED,SIMULATED return linked to an AdventureWorks order line,synthetic_extension,1.0.0,BASELINE,20260728,2026-07-28T00:00:00.000Z
RET-001028,SO60928,4,SHP-014365,13947,471,3,1,100,RR-003,2013-07-17,2013-07-23,2013-07-26,1,1,63.5,61.59,REFUND,REFUNDED,SIMULATED return linked to an AdventureWorks order line,synthetic_extension,1.0.0,BASELINE,20260728,2026-07-28T00:00:00.000Z
RET-001029,SO61012,3,SHP-014449,15892,472,3,1,100,RR-005,2013-07-19,2013-07-23,2013-07-24,1,1,63.5,61.59,REFUND,REFUNDED,SIMULATED return linked to an AdventureWorks order line,synthetic_extension,1.0.0,BASELINE,20260728,2026-07-28T00:00:00.000Z
RET-001030,SO61012,4,SHP-014449,15892,477,4,1,100,RR-006,2013-07-18,2013-07-25,2013-07-27,1,1,4.99,4.84,REFUND,REFUNDED,SIMULATED return linked to an AdventureWorks order line,synthetic_extension,1.0.0,BASELINE,20260728,2026-07-28T00:00:00.000Z
RET-001031,SO61013,1,SHP-014450,14605,361,1,6,19,RR-006,2013-07-30,2013-08-06,2013-08-08,1,1,2294.99,2226.14,REFUND,REFUNDED,SIMULATED return linked to an AdventureWorks order line,synthetic_extension,1.0.0,BASELINE,20260728,2026-07-28T00:00:00.000Z
RET-001032,SO61013,2,SHP-014450,14605,485,4,6,19,RR-005,2013-07-27,2013-08-04,2013-08-05,1,1,21.98,21.32,REFUND,REFUNDED,SIMULATED return linked to an AdventureWorks order line,synthetic_extension,1.0.0,BASELINE,20260728,2026-07-28T00:00:00.000Z
RET-001033,SO61028,1,SHP-014465,16824,575,1,8,100,RR-004,2013-07-24,2013-07-29,2013-08-02,1,1,2384.07,2312.55,REFUND,REFUNDED,SIMULATED return linked to an AdventureWorks order line,synthetic_extension,1.0.0,BASELINE,20260728,2026-07-28T00:00:00.000Z
RET-001034,SO61028,2,SHP-014465,16824,479,4,8,100,RR-003,2013-07-25,2013-08-04,2013-08-07,1,1,8.99,8.72,REFUND,REFUNDED,SIMULATED return linked to an AdventureWorks order line,synthetic_extension,1.0.0,BASELINE,20260728,2026-07-28T00:00:00.000Z
RET-001035,SO61048,2,SHP-014485,26064,463,3,1,100,RR-002,2013-07-13,2013-07-17,2013-07-18,1,1,24.49,23.76,REFUND,REFUNDED,SIMULATED return linked to an AdventureWorks order line,synthetic_extension,1.0.0,BASELINE,20260728,2026-07-28T00:00:00.000Z
RET-001036,SO61073,1,SHP-014510,14578,588,1,6,19,RR-004,2013-07-21,2013-07-26,2013-07-30,1,1,769.49,746.41,REFUND,REFUNDED,SIMULATED return linked to an AdventureWorks order line,synthetic_extension,1.0.0,BASELINE,20260728,2026-07-28T00:00:00.000Z
RET-001037,SO61073,2,SHP-014510,14578,225,3,6,19,RR-003,2013-07-22,2013-08-01,2013-08-04,1,1,8.99,8.72,REFUND,REFUNDED,SIMULATED return linked to an AdventureWorks order line,synthetic_extension,1.0.0,BASELINE,20260728,2026-07-28T00:00:00.000Z
RET-001038,SO61073,3,SHP-014510,14578,476,3,6,19,RR-006,2013-07-23,2013-07-30,2013-08-01,1,1,69.99,67.89,REFUND,REFUNDED,SIMULATED return linked to an AdventureWorks order line,synthetic_extension,1.0.0,BASELINE,20260728,2026-07-28T00:00:00.000Z
RET-001039,SO61110,1,SHP-014547,17847,580,1,8,100,RR-004,2013-07-30,2013-08-08,2013-08-12,1,1,1700.99,1649.96,REFUND,REFUNDED,SIMULATED return linked to an AdventureWorks order line,synthetic_extension,1.0.0,BASELINE,20260728,2026-07-28T00:00:00.000Z
RET-001040,SO61118,2,SHP-014555,11262,465,3,6,19,RR-002,2013-07-17,2013-07-23,2013-07-26,1,1,24.49,23.76,REFUND,REFUNDED,SIMULATED return linked to an AdventureWorks order line,synthetic_extension,1.0.0,BASELINE,20260728,2026-07-28T00:00:00.000Z
RET-001041,SO61119,1,SHP-014556,11719,529,4,6,19,RR-005,2013-07-26,2013-08-03,2013-08-04,1,1,3.99,3.87,REFUND,REFUNDED,SIMULATED return linked to an AdventureWorks order line,synthetic_extension,1.0.0,BASELINE,20260728,2026-07-28T00:00:00.000Z
RET-001042,SO61119,2,SHP-014556,11719,538,4,6,19,RR-006,2013-07-29,2013-08-05,2013-08-07,1,1,21.49,20.85,REFUND,REFUNDED,SIMULATED return linked to an AdventureWorks order line,synthetic_extension,1.0.0,BASELINE,20260728,2026-07-28T00:00:00.000Z
RET-001043,SO61119,3,SHP-014556,11719,217,4,6,19,RR-003,2013-07-28,2013-08-07,2013-08-10,1,1,34.99,33.94,REFUND,REFUNDED,SIMULATED return linked to an AdventureWorks order line,synthetic_extension,1.0.0,BASELINE,20260728,2026-07-28T00:00:00.000Z
RET-001044,SO61148,4,SHP-014585,12933,234,3,4,100,RR-001,2013-07-11,2013-07-14,2013-07-16,1,1,49.99,48.49,REFUND,REFUNDED,SIMULATED return linked to an AdventureWorks order line,synthetic_extension,1.0.0,BASELINE,20260728,2026-07-28T00:00:00.000Z
RET-001045,SO61148,5,SHP-014585,12933,225,3,4,100,RR-002,2013-07-28,2013-08-03,2013-08-06,1,1,8.99,8.72,REFUND,REFUNDED,SIMULATED return linked to an AdventureWorks order line,synthetic_extension,1.0.0,BASELINE,20260728,2026-07-28T00:00:00.000Z
RET-001046,SO61154,3,SHP-014591,13905,234,3,4,100,RR-006,2013-07-15,2013-07-18,2013-07-20,1,1,49.99,48.49,REFUND,REFUNDED,SIMULATED return linked to an AdventureWorks order line,synthetic_extension,1.0.0,BASELINE,20260728,2026-07-28T00:00:00.000Z
RET-001047,SO61286,2,SHP-014627,11530,528,4,6,19,RR-005,2013-07-26,2013-07-30,2013-07-31,1,1,4.99,4.84,REFUND,REFUNDED,SIMULATED return linked to an AdventureWorks order line,synthetic_extension,1.0.0,BASELINE,20260728,2026-07-28T00:00:00.000Z
RET-001048,SO61293,1,SHP-014634,18083,477,4,1,100,RR-004,2013-07-29,2013-08-07,2013-08-11,1,1,4.99,4.84,REFUND,REFUNDED,SIMULATED return linked to an AdventureWorks order line,synthetic_extension,1.0.0,BASELINE,20260728,2026-07-28T00:00:00.000Z
RET-001049,SO61293,2,SHP-014634,18083,222,4,1,100,RR-003,2013-07-30,2013-08-05,2013-08-08,1,1,34.99,33.94,REFUND,REFUNDED,SIMULATED return linked to an AdventureWorks order line,synthetic_extension,1.0.0,BASELINE,20260728,2026-07-28T00:00:00.000Z
RET-001050,SO61293,3,SHP-014634,18083,234,3,1,100,RR-006,2013-07-13,2013-07-16,2013-07-18,1,1,49.99,48.49,REFUND,REFUNDED,SIMULATED return linked to an AdventureWorks order line,synthetic_extension,1.0.0,BASELINE,20260728,2026-07-28T00:00:00.000Z
RET-001051,SO61303,1,SHP-014644,13602,563,1,10,98,RR-006,2013-07-27,2013-08-03,2013-08-05,1,1,2384.07,2312.55,REFUND,REFUNDED,SIMULATED return linked to an AdventureWorks order line,synthetic_extension,1.0.0,BASELINE,20260728,2026-07-28T00:00:00.000Z
RET-001052,SO61336,1,SHP-014677,19876,474,3,4,100,RR-001,2013-07-27,2013-07-30,2013-08-01,1,1,69.99,67.89,REFUND,REFUNDED,SIMULATED return linked to an AdventureWorks order line,synthetic_extension,1.0.0,BASELINE,20260728,2026-07-28T00:00:00.000Z
RET-001053,SO61336,2,SHP-014677,19876,482,3,4,100,RR-002,2013-07-24,2013-07-28,2013-07-29,1,1,8.99,8.72,REFUND,REFUNDED,SIMULATED return linked to an AdventureWorks order line,synthetic_extension,1.0.0,BASELINE,20260728,2026-07-28T00:00:00.000Z
RET-001054,SO61342,1,SHP-014683,12497,528,4,8,100,RR-003,2013-07-30,2013-08-09,2013-08-12,1,1,4.99,4.84,REFUND,REFUNDED,SIMULATED return linked to an AdventureWorks order line,synthetic_extension,1.0.0,BASELINE,20260728,2026-07-28T00:00:00.000Z
RET-001055,SO61342,2,SHP-014683,12497,537,4,8,100,RR-004,2013-07-29,2013-08-03,2013-08-07,1,1,35,33.95,REFUND,REFUNDED,SIMULATED return linked to an AdventureWorks order line,synthetic_extension,1.0.0,BASELINE,20260728,2026-07-28T00:00:00.000Z
RET-001056,SO61342,3,SHP-014683,12497,480,4,8,100,RR-005,2013-07-28,2013-08-05,2013-08-06,1,1,2.29,2.22,REFUND,REFUNDED,SIMULATED return linked to an AdventureWorks order line,synthetic_extension,1.0.0,BASELINE,20260728,2026-07-28T00:00:00.000Z
RET-001057,SO61383,2,SHP-014724,14429,485,4,10,98,RR-005,2013-07-20,2013-07-28,2013-07-29,1,1,21.98,21.32,REFUND,REFUNDED,SIMULATED return linked to an AdventureWorks order line,synthetic_extension,1.0.0,BASELINE,20260728,2026-07-28T00:00:00.000Z
RET-001058,SO61404,2,SHP-014745,16314,234,3,10,98,RR-005,2013-07-24,2013-08-01,2013-08-02,1,1,49.99,48.49,REFUND,REFUNDED,SIMULATED return linked to an AdventureWorks order line,synthetic_extension,1.0.0,BASELINE,20260728,2026-07-28T00:00:00.000Z
RET-001059,SO61410,2,SHP-014751,14648,485,4,4,100,RR-006,2013-07-21,2013-07-28,2013-07-30,1,1,21.98,21.32,REFUND,REFUNDED,SIMULATED return linked to an AdventureWorks order line,synthetic_extension,1.0.0,BASELINE,20260728,2026-07-28T00:00:00.000Z
RET-001060,SO61410,3,SHP-014751,14648,484,4,4,100,RR-003,2013-07-20,2013-07-30,2013-08-02,1,1,7.95,7.71,REFUND,REFUNDED,SIMULATED return linked to an AdventureWorks order line,synthetic_extension,1.0.0,BASELINE,20260728,2026-07-28T00:00:00.000Z
RET-001061,SO61411,4,SHP-014752,14484,217,4,4,100,RR-005,2013-07-31,2013-08-08,2013-08-09,1,1,34.99,33.94,REFUND,REFUNDED,SIMULATED return linked to an AdventureWorks order line,synthetic_extension,1.0.0,BASELINE,20260728,2026-07-28T00:00:00.000Z
RET-001062,SO61419,1,SHP-014760,24484,388,1,9,6,RR-004,2013-07-25,2013-08-03,2013-08-07,1,1,1120.49,1086.88,REFUND,REFUNDED,SIMULATED return linked to an AdventureWorks order line,synthetic_extension,1.0.0,BASELINE,20260728,2026-07-28T00:00:00.000Z
RET-001063,SO61435,1,SHP-014776,17250,488,3,9,6,RR-001,2013-08-03,2013-08-06,2013-08-08,1,1,53.99,52.37,REFUND,REFUNDED,SIMULATED return linked to an AdventureWorks order line,synthetic_extension,1.0.0,BASELINE,20260728,2026-07-28T00:00:00.000Z
RET-001064,SO61435,2,SHP-014776,17250,225,3,9,6,RR-002,2013-07-31,2013-08-04,2013-08-05,1,1,8.99,8.72,REFUND,REFUNDED,SIMULATED return linked to an AdventureWorks order line,synthetic_extension,1.0.0,BASELINE,20260728,2026-07-28T00:00:00.000Z
RET-001065,SO61446,1,SHP-014787,16506,540,4,6,19,RR-004,2013-07-26,2013-08-04,2013-08-08,1,1,32.6,31.62,REFUND,REFUNDED,SIMULATED return linked to an AdventureWorks order line,synthetic_extension,1.0.0,BASELINE,20260728,2026-07-28T00:00:00.000Z
RET-001066,SO61446,2,SHP-014787,16506,529,4,6,19,RR-003,2013-07-27,2013-08-02,2013-08-05,1,1,3.99,3.87,REFUND,REFUNDED,SIMULATED return linked to an AdventureWorks order line,synthetic_extension,1.0.0,BASELINE,20260728,2026-07-28T00:00:00.000Z
RET-001067,SO61446,3,SHP-014787,16506,463,3,6,19,RR-006,2013-07-28,2013-07-31,2013-08-02,1,1,24.49,23.76,REFUND,REFUNDED,SIMULATED return linked to an AdventureWorks order line,synthetic_extension,1.0.0,BASELINE,20260728,2026-07-28T00:00:00.000Z
RET-001068,SO61463,1,SHP-014804,11860,537,4,4,100,RR-003,2013-07-18,2013-07-24,2013-07-27,1,1,35,33.95,REFUND,REFUNDED,SIMULATED return linked to an AdventureWorks order line,synthetic_extension,1.0.0,BASELINE,20260728,2026-07-28T00:00:00.000Z
RET-001069,SO61465,4,SHP-014806,19719,225,3,4,100,RR-001,2013-07-26,2013-08-04,2013-08-08,1,1,8.99,8.72,REFUND,REFUNDED,SIMULATED return linked to an AdventureWorks order line,synthetic_extension,1.0.0,BASELINE,20260728,2026-07-28T00:00:00.000Z
RET-001070,SO61465,5,SHP-014806,19719,490,3,4,100,RR-002,2013-07-25,2013-07-29,2013-07-30,1,1,53.99,52.37,REFUND,REFUNDED,SIMULATED return linked to an AdventureWorks order line,synthetic_extension,1.0.0,BASELINE,20260728,2026-07-28T00:00:00.000Z
RET-001071,SO61471,4,SHP-014812,17730,463,3,9,6,RR-002,2013-08-02,2013-08-12,2013-08-15,1,1,24.49,23.76,REFUND,REFUNDED,SIMULATED return linked to an AdventureWorks order line,synthetic_extension,1.0.0,BASELINE,20260728,2026-07-28T00:00:00.000Z
RET-001072,SO61487,1,SHP-014828,14217,234,3,9,6,RR-005,2013-07-29,2013-08-02,2013-08-03,1,1,49.99,48.49,REFUND,REFUNDED,SIMULATED return linked to an AdventureWorks order line,synthetic_extension,1.0.0,BASELINE,20260728,2026-07-28T00:00:00.000Z
RET-001073,SO61496,3,SHP-014837,11498,480,4,6,19,RR-005,2013-07-29,2013-08-02,2013-08-03,1,1,2.29,2.22,REFUND,REFUNDED,SIMULATED return linked to an AdventureWorks order line,synthetic_extension,1.0.0,BASELINE,20260728,2026-07-28T00:00:00.000Z
RET-001074,SO61518,1,SHP-014859,11235,537,4,1,100,RR-004,2013-08-03,2013-08-08,2013-08-12,1,1,35,33.95,REFUND,REFUNDED,SIMULATED return linked to an AdventureWorks order line,synthetic_extension,1.0.0,BASELINE,20260728,2026-07-28T00:00:00.000Z
RET-001075,SO61519,2,SHP-014860,12180,485,4,1,100,RR-006,2013-07-16,2013-07-19,2013-07-21,1,1,21.98,21.32,REFUND,REFUNDED,SIMULATED return linked to an AdventureWorks order line,synthetic_extension,1.0.0,BASELINE,20260728,2026-07-28T00:00:00.000Z
RET-001076,SO61536,1,SHP-014877,17521,580,1,4,100,RR-004,2013-08-01,2013-08-10,2013-08-14,1,1,1700.99,1649.96,REFUND,REFUNDED,SIMULATED return linked to an AdventureWorks order line,synthetic_extension,1.0.0,BASELINE,20260728,2026-07-28T00:00:00.000Z
RET-001077,SO61536,2,SHP-014877,17521,231,3,4,100,RR-002,2013-08-02,2013-08-08,2013-08-11,1,1,49.99,48.49,REFUND,REFUNDED,SIMULATED return linked to an AdventureWorks order line,synthetic_extension,1.0.0,BASELINE,20260728,2026-07-28T00:00:00.000Z
RET-001078,SO61541,1,SHP-014882,26164,476,3,9,6,RR-006,2013-08-03,2013-08-10,2013-08-12,1,1,69.99,67.89,REFUND,REFUNDED,SIMULATED return linked to an AdventureWorks order line,synthetic_extension,1.0.0,BASELINE,20260728,2026-07-28T00:00:00.000Z
RET-001079,SO61553,1,SHP-014894,12068,231,3,4,100,RR-003,2013-07-21,2013-07-31,2013-08-03,1,1,49.99,48.49,REFUND,REFUNDED,SIMULATED return linked to an AdventureWorks order line,synthetic_extension,1.0.0,BASELINE,20260728,2026-07-28T00:00:00.000Z
RET-001080,SO61553,2,SHP-014894,12068,225,3,4,100,RR-004,2013-07-20,2013-07-25,2013-07-29,1,1,8.99,8.72,REFUND,REFUNDED,SIMULATED return linked to an AdventureWorks order line,synthetic_extension,1.0.0,BASELINE,20260728,2026-07-28T00:00:00.000Z
RET-001081,SO61595,4,SHP-014936,26956,489,3,10,98,RR-001,2013-08-04,2013-08-13,2013-08-17,1,1,53.99,52.37,REFUND,REFUNDED,SIMULATED return linked to an AdventureWorks order line,synthetic_extension,1.0.0,BASELINE,20260728,2026-07-28T00:00:00.000Z
RET-001082,SO61614,1,SHP-014955,11223,536,4,6,19,RR-003,2013-07-31,2013-08-10,2013-08-13,1,1,29.99,29.09,REFUND,REFUNDED,SIMULATED return linked to an AdventureWorks order line,synthetic_extension,1.0.0,BASELINE,20260728,2026-07-28T00:00:00.000Z
RET-001083,SO61614,2,SHP-014955,11223,528,4,6,19,RR-004,2013-07-30,2013-08-04,2013-08-08,1,1,4.99,4.84,REFUND,REFUNDED,SIMULATED return linked to an AdventureWorks order line,synthetic_extension,1.0.0,BASELINE,20260728,2026-07-28T00:00:00.000Z
RET-001084,SO61614,3,SHP-014955,11223,485,4,6,19,RR-005,2013-07-29,2013-08-06,2013-08-07,1,1,21.98,21.32,REFUND,REFUNDED,SIMULATED return linked to an AdventureWorks order line,synthetic_extension,1.0.0,BASELINE,20260728,2026-07-28T00:00:00.000Z
RET-001085,SO61620,3,SHP-014961,14743,463,3,1,100,RR-004,2013-07-30,2013-08-08,2013-08-12,1,1,24.49,23.76,REFUND,REFUNDED,SIMULATED return linked to an AdventureWorks order line,synthetic_extension,1.0.0,BASELINE,20260728,2026-07-28T00:00:00.000Z
RET-001086,SO61645,3,SHP-014986,18647,467,3,4,100,RR-002,2013-07-21,2013-07-31,2013-08-03,1,1,24.49,23.76,REFUND,REFUNDED,SIMULATED return linked to an AdventureWorks order line,synthetic_extension,1.0.0,BASELINE,20260728,2026-07-28T00:00:00.000Z
RET-001087,SO61661,1,SHP-015002,26145,225,3,9,6,RR-002,2013-07-22,2013-07-28,2013-07-31,1,1,8.99,8.72,REFUND,REFUNDED,SIMULATED return linked to an AdventureWorks order line,synthetic_extension,1.0.0,BASELINE,20260728,2026-07-28T00:00:00.000Z
RET-001088,SO61661,2,SHP-015002,26145,476,3,9,6,RR-001,2013-07-21,2013-07-30,2013-08-03,1,1,69.99,67.89,REFUND,REFUNDED,SIMULATED return linked to an AdventureWorks order line,synthetic_extension,1.0.0,BASELINE,20260728,2026-07-28T00:00:00.000Z
RET-001089,SO61668,1,SHP-015009,15100,357,1,8,100,RR-006,2013-08-03,2013-08-10,2013-08-12,1,1,2319.99,2250.39,REFUND,REFUNDED,SIMULATED return linked to an AdventureWorks order line,synthetic_extension,1.0.0,BASELINE,20260728,2026-07-28T00:00:00.000Z
RET-001090,SO61668,3,SHP-015009,15100,478,4,8,100,RR-004,2013-08-01,2013-08-06,2013-08-10,1,1,9.99,9.69,REFUND,REFUNDED,SIMULATED return linked to an AdventureWorks order line,synthetic_extension,1.0.0,BASELINE,20260728,2026-07-28T00:00:00.000Z
RET-001091,SO61673,1,SHP-015014,11519,489,3,6,19,RR-006,2013-07-24,2013-07-31,2013-08-02,1,1,53.99,52.37,REFUND,REFUNDED,SIMULATED return linked to an AdventureWorks order line,synthetic_extension,1.0.0,BASELINE,20260728,2026-07-28T00:00:00.000Z
RET-001092,SO61675,1,SHP-015016,11632,529,4,6,19,RR-004,2013-08-01,2013-08-10,2013-08-14,1,1,3.99,3.87,REFUND,REFUNDED,SIMULATED return linked to an AdventureWorks order line,synthetic_extension,1.0.0,BASELINE,20260728,2026-07-28T00:00:00.000Z
RET-001093,SO61675,2,SHP-015016,11632,539,4,6,19,RR-003,2013-08-02,2013-08-08,2013-08-11,1,1,24.99,24.24,REFUND,REFUNDED,SIMULATED return linked to an AdventureWorks order line,synthetic_extension,1.0.0,BASELINE,20260728,2026-07-28T00:00:00.000Z
RET-001094,SO61675,3,SHP-015016,11632,214,4,6,19,RR-006,2013-08-03,2013-08-06,2013-08-08,1,1,34.99,33.94,REFUND,REFUNDED,SIMULATED return linked to an AdventureWorks order line,synthetic_extension,1.0.0,BASELINE,20260728,2026-07-28T00:00:00.000Z
RET-001095,SO61696,1,SHP-015037,20566,535,4,10,98,RR-005,2013-08-03,2013-08-11,2013-08-12,1,1,24.99,24.24,REFUND,REFUNDED,SIMULATED return linked to an AdventureWorks order line,synthetic_extension,1.0.0,BASELINE,20260728,2026-07-28T00:00:00.000Z
RET-001096,SO61696,2,SHP-015037,20566,480,4,10,98,RR-006,2013-08-06,2013-08-13,2013-08-15,1,1,2.29,2.22,REFUND,REFUNDED,SIMULATED return linked to an AdventureWorks order line,synthetic_extension,1.0.0,BASELINE,20260728,2026-07-28T00:00:00.000Z
RET-001097,SO61715,1,SHP-015056,28490,565,1,8,100,RR-003,2013-08-05,2013-08-11,2013-08-14,1,1,742.35,720.08,REFUND,REFUNDED,SIMULATED return linked to an AdventureWorks order line,synthetic_extension,1.0.0,BASELINE,20260728,2026-07-28T00:00:00.000Z
RET-001098,SO61715,2,SHP-015056,28490,541,4,8,100,RR-004,2013-08-04,2013-08-13,2013-08-17,1,1,28.99,28.12,REFUND,REFUNDED,SIMULATED return linked to an AdventureWorks order line,synthetic_extension,1.0.0,BASELINE,20260728,2026-07-28T00:00:00.000Z
RET-001099,SO61715,3,SHP-015056,28490,530,4,8,100,RR-005,2013-08-03,2013-08-07,2013-08-08,1,1,4.99,4.84,REFUND,REFUNDED,SIMULATED return linked to an AdventureWorks order line,synthetic_extension,1.0.0,BASELINE,20260728,2026-07-28T00:00:00.000Z
RET-001100,SO61715,4,SHP-015056,28490,480,4,8,100,RR-006,2013-08-02,2013-08-09,2013-08-11,1,1,2.29,2.22,REFUND,REFUNDED,SIMULATED return linked to an AdventureWorks order line,synthetic_extension,1.0.0,BASELINE,20260728,2026-07-28T00:00:00.000Z
RET-001101,SO61718,2,SHP-015059,26991,228,3,8,100,RR-005,2013-08-10,2013-08-14,2013-08-15,1,1,49.99,48.49,REFUND,REFUNDED,SIMULATED return linked to an AdventureWorks order line,synthetic_extension,1.0.0,BASELINE,20260728,2026-07-28T00:00:00.000Z
RET-001102,SO61736,1,SHP-015077,25481,376,1,10,98,RR-006,2013-08-10,2013-08-17,2013-08-19,1,1,2443.35,2370.05,REFUND,REFUNDED,SIMULATED return linked to an AdventureWorks order line,synthetic_extension,1.0.0,BASELINE,20260728,2026-07-28T00:00:00.000Z
RET-001103,SO61736,2,SHP-015077,25481,214,4,10,98,RR-005,2013-08-07,2013-08-15,2013-08-16,1,1,34.99,33.94,REFUND,REFUNDED,SIMULATED return linked to an AdventureWorks order line,synthetic_extension,1.0.0,BASELINE,20260728,2026-07-28T00:00:00.000Z
RET-001104,SO61754,1,SHP-015095,14917,528,4,1,100,RR-006,2013-07-30,2013-08-02,2013-08-04,1,1,4.99,4.84,REFUND,REFUNDED,SIMULATED return linked to an AdventureWorks order line,synthetic_extension,1.0.0,BASELINE,20260728,2026-07-28T00:00:00.000Z
RET-001105,SO61782,4,SHP-015123,28352,225,3,9,6,RR-001,2013-08-03,2013-08-06,2013-08-08,1,1,8.99,8.72,REFUND,REFUNDED,SIMULATED return linked to an AdventureWorks order line,synthetic_extension,1.0.0,BASELINE,20260728,2026-07-28T00:00:00.000Z
RET-001106,SO61833,1,SHP-015174,12238,214,4,8,100,RR-004,2013-07-30,2013-08-08,2013-08-12,1,1,34.99,33.94,REFUND,REFUNDED,SIMULATED return linked to an AdventureWorks order line,synthetic_extension,1.0.0,BASELINE,20260728,2026-07-28T00:00:00.000Z
RET-001107,SO61846,2,SHP-015187,26061,491,3,4,100,RR-003,2013-08-03,2013-08-13,2013-08-16,1,1,53.99,52.37,REFUND,REFUNDED,SIMULATED return linked to an AdventureWorks order line,synthetic_extension,1.0.0,BASELINE,20260728,2026-07-28T00:00:00.000Z
RET-001108,SO61856,1,SHP-015197,11118,477,4,9,6,RR-003,2013-08-06,2013-08-12,2013-08-15,1,1,4.99,4.84,REFUND,REFUNDED,SIMULATED return linked to an AdventureWorks order line,synthetic_extension,1.0.0,BASELINE,20260728,2026-07-28T00:00:00.000Z
RET-001109,SO61856,2,SHP-015197,11118,478,4,9,6,RR-004,2013-08-05,2013-08-14,2013-08-18,1,1,9.99,9.69,REFUND,REFUNDED,SIMULATED return linked to an AdventureWorks order line,synthetic_extension,1.0.0,BASELINE,20260728,2026-07-28T00:00:00.000Z
RET-001110,SO61856,3,SHP-015197,11118,487,4,9,6,RR-005,2013-08-04,2013-08-08,2013-08-09,1,1,54.99,53.34,REFUND,REFUNDED,SIMULATED return linked to an AdventureWorks order line,synthetic_extension,1.0.0,BASELINE,20260728,2026-07-28T00:00:00.000Z
RET-001111,SO61856,4,SHP-015197,11118,484,4,9,6,RR-006,2013-08-03,2013-08-10,2013-08-12,1,1,7.95,7.71,REFUND,REFUNDED,SIMULATED return linked to an AdventureWorks order line,synthetic_extension,1.0.0,BASELINE,20260728,2026-07-28T00:00:00.000Z
RET-001112,SO61857,1,SHP-015198,15783,217,4,9,6,RR-006,2013-08-04,2013-08-11,2013-08-13,1,1,34.99,33.94,REFUND,REFUNDED,SIMULATED return linked to an AdventureWorks order line,synthetic_extension,1.0.0,BASELINE,20260728,2026-07-28T00:00:00.000Z
RET-001113,SO61864,1,SHP-015205,28978,539,4,4,100,RR-004,2013-07-24,2013-07-29,2013-08-02,1,1,24.99,24.24,REFUND,REFUNDED,SIMULATED return linked to an AdventureWorks order line,synthetic_extension,1.0.0,BASELINE,20260728,2026-07-28T00:00:00.000Z
RET-001114,SO61864,2,SHP-015205,28978,529,4,4,100,RR-003,2013-07-25,2013-08-04,2013-08-07,1,1,3.99,3.87,REFUND,REFUNDED,SIMULATED return linked to an AdventureWorks order line,synthetic_extension,1.0.0,BASELINE,20260728,2026-07-28T00:00:00.000Z
RET-001115,SO61864,3,SHP-015205,28978,217,4,4,100,RR-006,2013-07-26,2013-08-02,2013-08-04,1,1,34.99,33.94,REFUND,REFUNDED,SIMULATED return linked to an AdventureWorks order line,synthetic_extension,1.0.0,BASELINE,20260728,2026-07-28T00:00:00.000Z
RET-001116,SO61879,1,SHP-015220,14455,476,3,6,19,RR-001,2013-07-29,2013-08-05,2013-08-07,1,1,69.99,67.89,REFUND,REFUNDED,SIMULATED return linked to an AdventureWorks order line,synthetic_extension,1.0.0,BASELINE,20260728,2026-07-28T00:00:00.000Z
RET-001117,SO61879,2,SHP-015220,14455,237,3,6,19,RR-002,2013-08-13,2013-08-21,2013-08-22,1,1,49.99,48.49,REFUND,REFUNDED,SIMULATED return linked to an AdventureWorks order line,synthetic_extension,1.0.0,BASELINE,20260728,2026-07-28T00:00:00.000Z
RET-001118,SO61902,3,SHP-015243,15876,481,3,6,19,RR-002,2013-08-10,2013-08-16,2013-08-19,1,1,8.99,8.72,REFUND,REFUNDED,SIMULATED return linked to an AdventureWorks order line,synthetic_extension,1.0.0,BASELINE,20260728,2026-07-28T00:00:00.000Z
RET-001119,SO61904,4,SHP-015245,14447,234,3,1,100,RR-006,2013-07-27,2013-07-30,2013-08-01,1,1,49.99,48.49,REFUND,REFUNDED,SIMULATED return linked to an AdventureWorks order line,synthetic_extension,1.0.0,BASELINE,20260728,2026-07-28T00:00:00.000Z
RET-001120,SO61905,5,SHP-015246,13591,225,3,10,98,RR-006,2013-08-02,2013-08-09,2013-08-11,1,1,8.99,8.72,REFUND,REFUNDED,SIMULATED return linked to an AdventureWorks order line,synthetic_extension,1.0.0,BASELINE,20260728,2026-07-28T00:00:00.000Z
RET-001121,SO61920,4,SHP-015261,11766,490,3,9,6,RR-001,2013-07-30,2013-08-08,2013-08-12,1,1,53.99,52.37,REFUND,REFUNDED,SIMULATED return linked to an AdventureWorks order line,synthetic_extension,1.0.0,BASELINE,20260728,2026-07-28T00:00:00.000Z
RET-001122,SO61920,5,SHP-015261,11766,225,3,9,6,RR-002,2013-07-29,2013-08-02,2013-08-03,1,1,8.99,8.72,REFUND,REFUNDED,SIMULATED return linked to an AdventureWorks order line,synthetic_extension,1.0.0,BASELINE,20260728,2026-07-28T00:00:00.000Z
RET-001123,SO61925,1,SHP-015266,19324,588,1,7,100,RR-004,2013-08-11,2013-08-16,2013-08-20,1,1,769.49,746.41,REFUND,REFUNDED,SIMULATED return linked to an AdventureWorks order line,synthetic_extension,1.0.0,BASELINE,20260728,2026-07-28T00:00:00.000Z
RET-001124,SO61925,2,SHP-015266,19324,228,3,7,100,RR-002,2013-08-12,2013-08-22,2013-08-25,1,1,49.99,48.49,REFUND,REFUNDED,SIMULATED return linked to an AdventureWorks order line,synthetic_extension,1.0.0,BASELINE,20260728,2026-07-28T00:00:00.000Z
RET-001125,SO61930,1,SHP-015271,28009,530,4,4,100,RR-006,2013-07-27,2013-07-30,2013-08-01,1,1,4.99,4.84,REFUND,REFUNDED,SIMULATED return linked to an AdventureWorks order line,synthetic_extension,1.0.0,BASELINE,20260728,2026-07-28T00:00:00.000Z
RET-001126,SO61930,2,SHP-015271,28009,480,4,4,100,RR-005,2013-07-24,2013-07-28,2013-07-29,1,1,2.29,2.22,REFUND,REFUNDED,SIMULATED return linked to an AdventureWorks order line,synthetic_extension,1.0.0,BASELINE,20260728,2026-07-28T00:00:00.000Z
RET-001127,SO61955,2,SHP-015296,25758,214,4,8,100,RR-006,2013-07-31,2013-08-07,2013-08-09,1,1,34.99,33.94,REFUND,REFUNDED,SIMULATED return linked to an AdventureWorks order line,synthetic_extension,1.0.0,BASELINE,20260728,2026-07-28T00:00:00.000Z
RET-001128,SO61955,3,SHP-015296,25758,225,3,8,100,RR-003,2013-07-30,2013-08-09,2013-08-12,1,1,8.99,8.72,REFUND,REFUNDED,SIMULATED return linked to an AdventureWorks order line,synthetic_extension,1.0.0,BASELINE,20260728,2026-07-28T00:00:00.000Z
RET-001129,SO61967,2,SHP-015308,24101,228,3,10,98,RR-005,2013-08-06,2013-08-10,2013-08-11,1,1,49.99,48.49,REFUND,REFUNDED,SIMULATED return linked to an AdventureWorks order line,synthetic_extension,1.0.0,BASELINE,20260728,2026-07-28T00:00:00.000Z
RET-001130,SO61971,1,SHP-015312,27501,584,1,9,6,RR-003,2013-07-28,2013-08-03,2013-08-06,1,1,539.99,523.79,REFUND,REFUNDED,SIMULATED return linked to an AdventureWorks order line,synthetic_extension,1.0.0,BASELINE,20260728,2026-07-28T00:00:00.000Z
RET-001131,SO61971,2,SHP-015312,27501,477,4,9,6,RR-004,2013-07-27,2013-08-05,2013-08-09,1,1,4.99,4.84,REFUND,REFUNDED,SIMULATED return linked to an AdventureWorks order line,synthetic_extension,1.0.0,BASELINE,20260728,2026-07-28T00:00:00.000Z
RET-001132,SO61971,3,SHP-015312,27501,479,4,9,6,RR-005,2013-07-26,2013-07-30,2013-07-31,1,1,8.99,8.72,REFUND,REFUNDED,SIMULATED return linked to an AdventureWorks order line,synthetic_extension,1.0.0,BASELINE,20260728,2026-07-28T00:00:00.000Z
RET-001133,SO61971,4,SHP-015312,27501,463,3,9,6,RR-001,2013-07-25,2013-08-01,2013-08-03,1,1,24.49,23.76,REFUND,REFUNDED,SIMULATED return linked to an AdventureWorks order line,synthetic_extension,1.0.0,BASELINE,20260728,2026-07-28T00:00:00.000Z
RET-001134,SO61977,4,SHP-015318,11116,473,3,9,6,RR-004,2013-07-30,2013-08-08,2013-08-12,1,1,63.5,61.59,REFUND,REFUNDED,SIMULATED return linked to an AdventureWorks order line,synthetic_extension,1.0.0,BASELINE,20260728,2026-07-28T00:00:00.000Z
RET-001135,SO61989,1,SHP-015330,21692,478,4,1,100,RR-006,2013-08-03,2013-08-10,2013-08-12,1,1,9.99,9.69,REFUND,REFUNDED,SIMULATED return linked to an AdventureWorks order line,synthetic_extension,1.0.0,BASELINE,20260728,2026-07-28T00:00:00.000Z
RET-001136,SO62026,1,SHP-015367,17061,491,3,9,6,RR-003,2013-08-03,2013-08-13,2013-08-16,1,1,53.99,52.37,REFUND,REFUNDED,SIMULATED return linked to an AdventureWorks order line,synthetic_extension,1.0.0,BASELINE,20260728,2026-07-28T00:00:00.000Z
RET-001137,SO62030,1,SHP-015371,14516,488,3,9,6,RR-001,2013-07-30,2013-08-06,2013-08-08,1,1,53.99,52.37,REFUND,REFUNDED,SIMULATED return linked to an AdventureWorks order line,synthetic_extension,1.0.0,BASELINE,20260728,2026-07-28T00:00:00.000Z
RET-001138,SO62047,1,SHP-015388,16910,475,3,6,19,RR-004,2013-08-13,2013-08-22,2013-08-26,1,1,69.99,67.89,REFUND,REFUNDED,SIMULATED return linked to an AdventureWorks order line,synthetic_extension,1.0.0,BASELINE,20260728,2026-07-28T00:00:00.000Z
RET-001139,SO62063,2,SHP-015404,16731,478,4,6,19,RR-005,2013-08-02,2013-08-06,2013-08-07,1,1,9.99,9.69,REFUND,REFUNDED,SIMULATED return linked to an AdventureWorks order line,synthetic_extension,1.0.0,BASELINE,20260728,2026-07-28T00:00:00.000Z
RET-001140,SO62064,2,SHP-015405,13444,217,4,4,100,RR-006,2013-08-12,2013-08-15,2013-08-17,1,1,34.99,33.94,REFUND,REFUNDED,SIMULATED return linked to an AdventureWorks order line,synthetic_extension,1.0.0,BASELINE,20260728,2026-07-28T00:00:00.000Z
RET-001141,SO62078,2,SHP-015419,11992,478,4,9,6,RR-005,2013-08-12,2013-08-16,2013-08-17,1,1,9.99,9.69,REFUND,REFUNDED,SIMULATED return linked to an AdventureWorks order line,synthetic_extension,1.0.0,BASELINE,20260728,2026-07-28T00:00:00.000Z
RET-001142,SO62111,1,SHP-015452,17689,477,4,1,100,RR-004,2013-08-07,2013-08-16,2013-08-20,1,1,4.99,4.84,REFUND,REFUNDED,SIMULATED return linked to an AdventureWorks order line,synthetic_extension,1.0.0,BASELINE,20260728,2026-07-28T00:00:00.000Z
RET-001143,SO62133,1,SHP-015474,14400,361,1,4,100,RR-004,2013-07-31,2013-08-05,2013-08-09,1,1,2294.99,2226.14,REFUND,REFUNDED,SIMULATED return linked to an AdventureWorks order line,synthetic_extension,1.0.0,BASELINE,20260728,2026-07-28T00:00:00.000Z
RET-001144,SO62133,2,SHP-015474,14400,537,4,4,100,RR-003,2013-08-01,2013-08-11,2013-08-14,1,1,35,33.95,REFUND,REFUNDED,SIMULATED return linked to an AdventureWorks order line,synthetic_extension,1.0.0,BASELINE,20260728,2026-07-28T00:00:00.000Z
RET-001145,SO62133,3,SHP-015474,14400,528,4,4,100,RR-006,2013-08-02,2013-08-09,2013-08-11,1,1,4.99,4.84,REFUND,REFUNDED,SIMULATED return linked to an AdventureWorks order line,synthetic_extension,1.0.0,BASELINE,20260728,2026-07-28T00:00:00.000Z
RET-001146,SO62133,4,SHP-015474,14400,485,4,4,100,RR-005,2013-08-03,2013-08-07,2013-08-08,1,1,21.98,21.32,REFUND,REFUNDED,SIMULATED return linked to an AdventureWorks order line,synthetic_extension,1.0.0,BASELINE,20260728,2026-07-28T00:00:00.000Z
RET-001147,SO62147,2,SHP-015488,26616,225,3,1,100,RR-001,2013-07-26,2013-08-02,2013-08-04,1,1,8.99,8.72,REFUND,REFUNDED,SIMULATED return linked to an AdventureWorks order line,synthetic_extension,1.0.0,BASELINE,20260728,2026-07-28T00:00:00.000Z
RET-001148,SO62168,1,SHP-015509,13954,465,3,9,6,RR-001,2013-07-30,2013-08-04,2013-08-08,1,1,24.49,23.76,REFUND,REFUNDED,SIMULATED return linked to an AdventureWorks order line,synthetic_extension,1.0.0,BASELINE,20260728,2026-07-28T00:00:00.000Z
RET-001149,SO62169,1,SHP-015510,18247,225,3,9,6,RR-005,2013-08-17,2013-08-21,2013-08-22,1,1,8.99,8.72,REFUND,REFUNDED,SIMULATED return linked to an AdventureWorks order line,synthetic_extension,1.0.0,BASELINE,20260728,2026-07-28T00:00:00.000Z
RET-001150,SO62219,2,SHP-015560,25234,491,3,9,6,RR-001,2013-07-31,2013-08-05,2013-08-09,1,1,53.99,52.37,REFUND,REFUNDED,SIMULATED return linked to an AdventureWorks order line,synthetic_extension,1.0.0,BASELINE,20260728,2026-07-28T00:00:00.000Z
RET-001151,SO62230,1,SHP-015571,14346,587,1,9,6,RR-004,2013-07-30,2013-08-08,2013-08-12,1,1,769.49,746.41,REFUND,REFUNDED,SIMULATED return linked to an AdventureWorks order line,synthetic_extension,1.0.0,BASELINE,20260728,2026-07-28T00:00:00.000Z
RET-001152,SO62240,1,SHP-015581,22678,594,1,8,100,RR-005,2013-08-06,2013-08-10,2013-08-11,1,1,564.99,548.04,REFUND,REFUNDED,SIMULATED return linked to an AdventureWorks order line,synthetic_extension,1.0.0,BASELINE,20260728,2026-07-28T00:00:00.000Z
RET-001153,SO62240,2,SHP-015581,22678,222,4,8,100,RR-006,2013-08-09,2013-08-12,2013-08-14,1,1,34.99,33.94,REFUND,REFUNDED,SIMULATED return linked to an AdventureWorks order line,synthetic_extension,1.0.0,BASELINE,20260728,2026-07-28T00:00:00.000Z
RET-001154,SO62240,3,SHP-015581,22678,488,3,8,100,RR-003,2013-08-08,2013-08-14,2013-08-17,1,1,53.99,52.37,REFUND,REFUNDED,SIMULATED return linked to an AdventureWorks order line,synthetic_extension,1.0.0,BASELINE,20260728,2026-07-28T00:00:00.000Z
RET-001155,SO62262,2,SHP-015603,14190,529,4,8,100,RR-006,2013-08-03,2013-08-10,2013-08-12,1,1,3.99,3.87,REFUND,REFUNDED,SIMULATED return linked to an AdventureWorks order line,synthetic_extension,1.0.0,BASELINE,20260728,2026-07-28T00:00:00.000Z
RET-001156,SO62274,1,SHP-015615,17732,390,1,9,6,RR-004,2013-08-04,2013-08-13,2013-08-17,1,1,1120.49,1086.88,REFUND,REFUNDED,SIMULATED return linked to an AdventureWorks order line,synthetic_extension,1.0.0,BASELINE,20260728,2026-07-28T00:00:00.000Z
RET-001157,SO62274,2,SHP-015615,17732,489,3,9,6,RR-002,2013-08-05,2013-08-11,2013-08-14,1,1,53.99,52.37,REFUND,REFUNDED,SIMULATED return linked to an AdventureWorks order line,synthetic_extension,1.0.0,BASELINE,20260728,2026-07-28T00:00:00.000Z
RET-001158,SO62283,1,SHP-015624,14220,579,1,9,6,RR-006,2013-08-02,2013-08-05,2013-08-07,1,1,1214.85,1178.4,REFUND,REFUNDED,SIMULATED return linked to an AdventureWorks order line,synthetic_extension,1.0.0,BASELINE,20260728,2026-07-28T00:00:00.000Z
RET-001159,SO62283,2,SHP-015624,14220,479,4,9,6,RR-005,2013-08-17,2013-08-21,2013-08-22,1,1,8.99,8.72,REFUND,REFUNDED,SIMULATED return linked to an AdventureWorks order line,synthetic_extension,1.0.0,BASELINE,20260728,2026-07-28T00:00:00.000Z
RET-001160,SO62283,3,SHP-015624,14220,477,4,9,6,RR-004,2013-08-18,2013-08-27,2013-08-31,1,1,4.99,4.84,REFUND,REFUNDED,SIMULATED return linked to an AdventureWorks order line,synthetic_extension,1.0.0,BASELINE,20260728,2026-07-28T00:00:00.000Z
RET-001161,SO62283,4,SHP-015624,14220,222,4,9,6,RR-003,2013-08-15,2013-08-25,2013-08-28,1,1,34.99,33.94,REFUND,REFUNDED,SIMULATED return linked to an AdventureWorks order line,synthetic_extension,1.0.0,BASELINE,20260728,2026-07-28T00:00:00.000Z
RET-001162,SO62301,1,SHP-015642,25358,535,4,1,100,RR-005,2013-08-11,2013-08-19,2013-08-20,1,1,24.99,24.24,REFUND,REFUNDED,SIMULATED return linked to an AdventureWorks order line,synthetic_extension,1.0.0,BASELINE,20260728,2026-07-28T00:00:00.000Z
RET-001163,SO62301,2,SHP-015642,25358,480,4,1,100,RR-006,2013-08-14,2013-08-21,2013-08-23,1,1,2.29,2.22,REFUND,REFUNDED,SIMULATED return linked to an AdventureWorks order line,synthetic_extension,1.0.0,BASELINE,20260728,2026-07-28T00:00:00.000Z
RET-001164,SO62313,1,SHP-015654,20089,477,4,1,100,RR-004,2013-08-06,2013-08-11,2013-08-15,1,1,4.99,4.84,REFUND,REFUNDED,SIMULATED return linked to an AdventureWorks order line,synthetic_extension,1.0.0,BASELINE,20260728,2026-07-28T00:00:00.000Z
RET-001165,SO62325,3,SHP-015666,27326,228,3,7,100,RR-002,2013-08-15,2013-08-19,2013-08-20,1,1,49.99,48.49,REFUND,REFUNDED,SIMULATED return linked to an AdventureWorks order line,synthetic_extension,1.0.0,BASELINE,20260728,2026-07-28T00:00:00.000Z
RET-001166,SO62350,1,SHP-015691,13121,529,4,9,6,RR-003,2013-08-02,2013-08-12,2013-08-15,1,1,3.99,3.87,REFUND,REFUNDED,SIMULATED return linked to an AdventureWorks order line,synthetic_extension,1.0.0,BASELINE,20260728,2026-07-28T00:00:00.000Z
RET-001167,SO62350,2,SHP-015691,13121,214,4,9,6,RR-004,2013-08-01,2013-08-06,2013-08-10,1,1,34.99,33.94,REFUND,REFUNDED,SIMULATED return linked to an AdventureWorks order line,synthetic_extension,1.0.0,BASELINE,20260728,2026-07-28T00:00:00.000Z
RET-001168,SO62364,1,SHP-015705,27007,529,4,10,100,RR-006,2013-08-20,2013-08-23,2013-08-25,1,1,3.99,3.87,REFUND,REFUNDED,SIMULATED return linked to an AdventureWorks order line,synthetic_extension,1.0.0,BASELINE,20260728,2026-07-28T00:00:00.000Z
RET-001169,SO62364,2,SHP-015705,27007,539,4,10,100,RR-005,2013-08-17,2013-08-21,2013-08-22,1,1,24.99,24.24,REFUND,REFUNDED,SIMULATED return linked to an AdventureWorks order line,synthetic_extension,1.0.0,BASELINE,20260728,2026-07-28T00:00:00.000Z
RET-001170,SO62364,3,SHP-015705,27007,217,4,10,100,RR-004,2013-08-18,2013-08-27,2013-08-31,1,1,34.99,33.94,REFUND,REFUNDED,SIMULATED return linked to an AdventureWorks order line,synthetic_extension,1.0.0,BASELINE,20260728,2026-07-28T00:00:00.000Z
RET-001171,SO62364,4,SHP-015705,27007,231,3,10,100,RR-003,2013-08-15,2013-08-25,2013-08-28,1,1,49.99,48.49,REFUND,REFUNDED,SIMULATED return linked to an AdventureWorks order line,synthetic_extension,1.0.0,BASELINE,20260728,2026-07-28T00:00:00.000Z
RET-001172,SO62382,1,SHP-015723,20446,372,1,9,6,RR-006,2013-08-10,2013-08-13,2013-08-15,1,1,2443.35,2370.05,REFUND,REFUNDED,SIMULATED return linked to an AdventureWorks order line,synthetic_extension,1.0.0,BASELINE,20260728,2026-07-28T00:00:00.000Z
RET-001173,SO62382,2,SHP-015723,20446,484,4,9,6,RR-005,2013-08-07,2013-08-11,2013-08-12,1,1,7.95,7.71,REFUND,REFUNDED,SIMULATED return linked to an AdventureWorks order line,synthetic_extension,1.0.0,BASELINE,20260728,2026-07-28T00:00:00.000Z
RET-001174,SO62383,1,SHP-015724,20600,378,1,9,6,RR-003,2013-08-16,2013-08-26,2013-08-29,1,1,2443.35,2370.05,REFUND,REFUNDED,SIMULATED return linked to an AdventureWorks order line,synthetic_extension,1.0.0,BASELINE,20260728,2026-07-28T00:00:00.000Z
RET-001175,SO62383,2,SHP-015724,20600,222,4,9,6,RR-004,2013-08-15,2013-08-20,2013-08-24,1,1,34.99,33.94,REFUND,REFUNDED,SIMULATED return linked to an AdventureWorks order line,synthetic_extension,1.0.0,BASELINE,20260728,2026-07-28T00:00:00.000Z
RET-001176,SO62418,2,SHP-015759,21770,477,4,1,100,RR-003,2013-08-02,2013-08-08,2013-08-11,1,1,4.99,4.84,REFUND,REFUNDED,SIMULATED return linked to an AdventureWorks order line,synthetic_extension,1.0.0,BASELINE,20260728,2026-07-28T00:00:00.000Z
RET-001177,SO62418,3,SHP-015759,21770,482,3,1,100,RR-001,2013-08-03,2013-08-06,2013-08-08,1,1,8.99,8.72,REFUND,REFUNDED,SIMULATED return linked to an AdventureWorks order line,synthetic_extension,1.0.0,BASELINE,20260728,2026-07-28T00:00:00.000Z
RET-001178,SO62425,2,SHP-015766,14028,478,4,1,100,RR-003,2013-08-16,2013-08-26,2013-08-29,1,1,9.99,9.69,REFUND,REFUNDED,SIMULATED return linked to an AdventureWorks order line,synthetic_extension,1.0.0,BASELINE,20260728,2026-07-28T00:00:00.000Z
RET-001179,SO62425,3,SHP-015766,14028,477,4,1,100,RR-006,2013-08-17,2013-08-24,2013-08-26,1,1,4.99,4.84,REFUND,REFUNDED,SIMULATED return linked to an AdventureWorks order line,synthetic_extension,1.0.0,BASELINE,20260728,2026-07-28T00:00:00.000Z
RET-001180,SO62425,4,SHP-015766,14028,487,4,1,100,RR-005,2013-08-18,2013-08-22,2013-08-23,1,1,54.99,53.34,REFUND,REFUNDED,SIMULATED return linked to an AdventureWorks order line,synthetic_extension,1.0.0,BASELINE,20260728,2026-07-28T00:00:00.000Z
RET-001181,SO62431,1,SHP-015772,24531,472,3,8,100,RR-003,2013-08-11,2013-08-21,2013-08-24,1,1,63.5,61.59,REFUND,REFUNDED,SIMULATED return linked to an AdventureWorks order line,synthetic_extension,1.0.0,BASELINE,20260728,2026-07-28T00:00:00.000Z
RET-001182,SO62444,1,SHP-015785,15889,361,1,6,19,RR-003,2013-08-09,2013-08-15,2013-08-18,1,1,2294.99,2226.14,REFUND,REFUNDED,SIMULATED return linked to an AdventureWorks order line,synthetic_extension,1.0.0,BASELINE,20260728,2026-07-28T00:00:00.000Z
RET-001183,SO62444,2,SHP-015785,15889,483,4,6,19,RR-004,2013-08-08,2013-08-17,2013-08-21,1,1,120,116.4,REFUND,REFUNDED,SIMULATED return linked to an AdventureWorks order line,synthetic_extension,1.0.0,BASELINE,20260728,2026-07-28T00:00:00.000Z
RET-001184,SO62456,1,SHP-015797,24506,382,1,9,6,RR-006,2013-08-17,2013-08-20,2013-08-22,1,1,1120.49,1086.88,REFUND,REFUNDED,SIMULATED return linked to an AdventureWorks order line,synthetic_extension,1.0.0,BASELINE,20260728,2026-07-28T00:00:00.000Z
RET-001185,SO62507,3,SHP-015848,12945,472,3,6,19,RR-002,2013-08-12,2013-08-22,2013-08-25,1,1,63.5,61.59,REFUND,REFUNDED,SIMULATED return linked to an AdventureWorks order line,synthetic_extension,1.0.0,BASELINE,20260728,2026-07-28T00:00:00.000Z
RET-001186,SO62507,4,SHP-015848,12945,217,4,6,19,RR-004,2013-08-15,2013-08-24,2013-08-28,1,1,34.99,33.94,REFUND,REFUNDED,SIMULATED return linked to an AdventureWorks order line,synthetic_extension,1.0.0,BASELINE,20260728,2026-07-28T00:00:00.000Z
RET-001187,SO62516,4,SHP-015857,20241,489,3,9,6,RR-001,2013-08-07,2013-08-10,2013-08-12,1,1,53.99,52.37,REFUND,REFUNDED,SIMULATED return linked to an AdventureWorks order line,synthetic_extension,1.0.0,BASELINE,20260728,2026-07-28T00:00:00.000Z
RET-001188,SO62534,1,SHP-015875,25131,528,4,9,6,RR-003,2013-08-09,2013-08-15,2013-08-18,1,1,4.99,4.84,REFUND,REFUNDED,SIMULATED return linked to an AdventureWorks order line,synthetic_extension,1.0.0,BASELINE,20260728,2026-07-28T00:00:00.000Z
RET-001189,SO62535,1,SHP-015876,16709,477,4,9,6,RR-006,2013-08-07,2013-08-14,2013-08-16,1,1,4.99,4.84,REFUND,REFUNDED,SIMULATED return linked to an AdventureWorks order line,synthetic_extension,1.0.0,BASELINE,20260728,2026-07-28T00:00:00.000Z
RET-001190,SO62572,1,SHP-015913,23268,606,1,4,100,RR-005,2013-08-09,2013-08-13,2013-08-14,1,1,539.99,523.79,REFUND,REFUNDED,SIMULATED return linked to an AdventureWorks order line,synthetic_extension,1.0.0,BASELINE,20260728,2026-07-28T00:00:00.000Z
RET-001191,SO62572,2,SHP-015913,23268,529,4,4,100,RR-006,2013-08-12,2013-08-15,2013-08-17,1,1,3.99,3.87,REFUND,REFUNDED,SIMULATED return linked to an AdventureWorks order line,synthetic_extension,1.0.0,BASELINE,20260728,2026-07-28T00:00:00.000Z
RET-001192,SO62572,3,SHP-015913,23268,538,4,4,100,RR-003,2013-08-11,2013-08-17,2013-08-20,1,1,21.49,20.85,REFUND,REFUNDED,SIMULATED return linked to an AdventureWorks order line,synthetic_extension,1.0.0,BASELINE,20260728,2026-07-28T00:00:00.000Z
RET-001193,SO62590,1,SHP-015931,27677,538,4,1,100,RR-005,2013-08-16,2013-08-20,2013-08-21,1,1,21.49,20.85,REFUND,REFUNDED,SIMULATED return linked to an AdventureWorks order line,synthetic_extension,1.0.0,BASELINE,20260728,2026-07-28T00:00:00.000Z
RET-001194,SO62590,2,SHP-015931,27677,225,3,1,100,RR-001,2013-08-19,2013-08-22,2013-08-24,1,1,8.99,8.72,REFUND,REFUNDED,SIMULATED return linked to an AdventureWorks order line,synthetic_extension,1.0.0,BASELINE,20260728,2026-07-28T00:00:00.000Z
RET-001195,SO62590,3,SHP-015931,27677,489,3,1,100,RR-002,2013-08-18,2013-08-24,2013-08-27,1,1,53.99,52.37,REFUND,REFUNDED,SIMULATED return linked to an AdventureWorks order line,synthetic_extension,1.0.0,BASELINE,20260728,2026-07-28T00:00:00.000Z
RET-001196,SO62599,1,SHP-015940,21460,477,4,4,100,RR-004,2013-08-17,2013-08-22,2013-08-26,1,1,4.99,4.84,REFUND,REFUNDED,SIMULATED return linked to an AdventureWorks order line,synthetic_extension,1.0.0,BASELINE,20260728,2026-07-28T00:00:00.000Z
RET-001197,SO62599,2,SHP-015940,21460,478,4,4,100,RR-003,2013-08-18,2013-08-28,2013-08-31,1,1,9.99,9.69,REFUND,REFUNDED,SIMULATED return linked to an AdventureWorks order line,synthetic_extension,1.0.0,BASELINE,20260728,2026-07-28T00:00:00.000Z
RET-001198,SO62600,1,SHP-015941,18405,477,4,4,100,RR-005,2013-08-09,2013-08-13,2013-08-14,1,1,4.99,4.84,REFUND,REFUNDED,SIMULATED return linked to an AdventureWorks order line,synthetic_extension,1.0.0,BASELINE,20260728,2026-07-28T00:00:00.000Z
RET-001199,SO62609,3,SHP-015950,16247,225,3,6,19,RR-006,2013-08-18,2013-08-25,2013-08-27,1,1,8.99,8.72,REFUND,REFUNDED,SIMULATED return linked to an AdventureWorks order line,synthetic_extension,1.0.0,BASELINE,20260728,2026-07-28T00:00:00.000Z
RET-001200,SO62609,4,SHP-015950,16247,478,4,6,19,RR-005,2013-08-19,2013-08-23,2013-08-24,1,1,9.99,9.69,REFUND,REFUNDED,SIMULATED return linked to an AdventureWorks order line,synthetic_extension,1.0.0,BASELINE,20260728,2026-07-28T00:00:00.000Z
RET-001201,SO62616,1,SHP-015957,12441,359,1,4,100,RR-004,2013-08-17,2013-08-26,2013-08-30,1,1,2294.99,2226.14,REFUND,REFUNDED,SIMULATED return linked to an AdventureWorks order line,synthetic_extension,1.0.0,BASELINE,20260728,2026-07-28T00:00:00.000Z
RET-001202,SO62616,2,SHP-015957,12441,480,4,4,100,RR-003,2013-08-18,2013-08-24,2013-08-27,1,1,2.29,2.22,REFUND,REFUNDED,SIMULATED return linked to an AdventureWorks order line,synthetic_extension,1.0.0,BASELINE,20260728,2026-07-28T00:00:00.000Z
RET-001203,SO62673,1,SHP-016014,17352,380,1,9,6,RR-003,2013-08-15,2013-08-25,2013-08-28,1,1,2443.35,2370.05,REFUND,REFUNDED,SIMULATED return linked to an AdventureWorks order line,synthetic_extension,1.0.0,BASELINE,20260728,2026-07-28T00:00:00.000Z
RET-001204,SO62692,2,SHP-016033,14348,475,3,9,6,RR-002,2013-08-08,2013-08-18,2013-08-21,1,1,69.99,67.89,REFUND,REFUNDED,SIMULATED return linked to an AdventureWorks order line,synthetic_extension,1.0.0,BASELINE,20260728,2026-07-28T00:00:00.000Z
RET-001205,SO62692,3,SHP-016033,14348,467,3,9,6,RR-001,2013-08-09,2013-08-16,2013-08-18,1,1,24.49,23.76,REFUND,REFUNDED,SIMULATED return linked to an AdventureWorks order line,synthetic_extension,1.0.0,BASELINE,20260728,2026-07-28T00:00:00.000Z
RET-001206,SO62697,2,SHP-016038,19104,482,3,9,6,RR-001,2013-08-13,2013-08-20,2013-08-22,1,1,8.99,8.72,REFUND,REFUNDED,SIMULATED return linked to an AdventureWorks order line,synthetic_extension,1.0.0,BASELINE,20260728,2026-07-28T00:00:00.000Z
RET-001207,SO62716,1,SHP-016057,18663,225,3,4,100,RR-005,2013-08-14,2013-08-18,2013-08-19,1,1,8.99,8.72,REFUND,REFUNDED,SIMULATED return linked to an AdventureWorks order line,synthetic_extension,1.0.0,BASELINE,20260728,2026-07-28T00:00:00.000Z
RET-001208,SO62716,2,SHP-016057,18663,477,4,4,100,RR-006,2013-08-17,2013-08-20,2013-08-22,1,1,4.99,4.84,REFUND,REFUNDED,SIMULATED return linked to an AdventureWorks order line,synthetic_extension,1.0.0,BASELINE,20260728,2026-07-28T00:00:00.000Z
RET-001209,SO62763,2,SHP-016104,17830,231,3,7,100,RR-006,2013-08-24,2013-08-31,2013-09-02,1,1,49.99,48.49,REFUND,REFUNDED,SIMULATED return linked to an AdventureWorks order line,synthetic_extension,1.0.0,BASELINE,20260728,2026-07-28T00:00:00.000Z
RET-001210,SO62778,2,SHP-016119,11223,467,3,6,19,RR-001,2013-08-14,2013-08-21,2013-08-23,1,1,24.49,23.76,REFUND,REFUNDED,SIMULATED return linked to an AdventureWorks order line,synthetic_extension,1.0.0,BASELINE,20260728,2026-07-28T00:00:00.000Z
RET-001211,SO62794,2,SHP-016135,22561,529,4,7,100,RR-004,2013-08-08,2013-08-17,2013-08-21,1,1,3.99,3.87,REFUND,REFUNDED,SIMULATED return linked to an AdventureWorks order line,synthetic_extension,1.0.0,BASELINE,20260728,2026-07-28T00:00:00.000Z
RET-001212,SO62803,1,SHP-016144,22128,599,1,6,19,RR-004,2013-08-25,2013-09-03,2013-09-07,1,1,539.99,523.79,REFUND,REFUNDED,SIMULATED return linked to an AdventureWorks order line,synthetic_extension,1.0.0,BASELINE,20260728,2026-07-28T00:00:00.000Z
RET-001213,SO62803,3,SHP-016144,22128,225,3,6,19,RR-006,2013-08-09,2013-08-12,2013-08-14,1,1,8.99,8.72,REFUND,REFUNDED,SIMULATED return linked to an AdventureWorks order line,synthetic_extension,1.0.0,BASELINE,20260728,2026-07-28T00:00:00.000Z
RET-001214,SO62820,1,SHP-016161,24382,538,4,9,6,RR-005,2013-08-24,2013-08-28,2013-08-29,1,1,21.49,20.85,REFUND,REFUNDED,SIMULATED return linked to an AdventureWorks order line,synthetic_extension,1.0.0,BASELINE,20260728,2026-07-28T00:00:00.000Z
RET-001215,SO62820,2,SHP-016161,24382,480,4,9,6,RR-006,2013-08-27,2013-08-30,2013-09-01,1,1,2.29,2.22,REFUND,REFUNDED,SIMULATED return linked to an AdventureWorks order line,synthetic_extension,1.0.0,BASELINE,20260728,2026-07-28T00:00:00.000Z
RET-001216,SO62820,3,SHP-016161,24382,483,4,9,6,RR-003,2013-08-26,2013-09-01,2013-09-04,1,1,120,116.4,REFUND,REFUNDED,SIMULATED return linked to an AdventureWorks order line,synthetic_extension,1.0.0,BASELINE,20260728,2026-07-28T00:00:00.000Z
RET-001217,SO62844,1,SHP-016185,25781,477,4,10,98,RR-003,2013-08-20,2013-08-30,2013-09-02,1,1,4.99,4.84,REFUND,REFUNDED,SIMULATED return linked to an AdventureWorks order line,synthetic_extension,1.0.0,BASELINE,20260728,2026-07-28T00:00:00.000Z
RET-001218,SO62844,2,SHP-016185,25781,217,4,10,98,RR-004,2013-08-19,2013-08-24,2013-08-28,1,1,34.99,33.94,REFUND,REFUNDED,SIMULATED return linked to an AdventureWorks order line,synthetic_extension,1.0.0,BASELINE,20260728,2026-07-28T00:00:00.000Z
RET-001219,SO62866,1,SHP-016207,25863,578,1,1,100,RR-003,2013-08-14,2013-08-20,2013-08-23,1,1,1214.85,1178.4,REFUND,REFUNDED,SIMULATED return linked to an AdventureWorks order line,synthetic_extension,1.0.0,BASELINE,20260728,2026-07-28T00:00:00.000Z
RET-001220,SO62866,2,SHP-016207,25863,477,4,1,100,RR-004,2013-08-13,2013-08-22,2013-08-26,1,1,4.99,4.84,REFUND,REFUNDED,SIMULATED return linked to an AdventureWorks order line,synthetic_extension,1.0.0,BASELINE,20260728,2026-07-28T00:00:00.000Z
RET-001221,SO62866,3,SHP-016207,25863,479,4,1,100,RR-005,2013-08-12,2013-08-16,2013-08-17,1,1,8.99,8.72,REFUND,REFUNDED,SIMULATED return linked to an AdventureWorks order line,synthetic_extension,1.0.0,BASELINE,20260728,2026-07-28T00:00:00.000Z
RET-001222,SO62866,4,SHP-016207,25863,480,4,1,100,RR-006,2013-08-11,2013-08-18,2013-08-20,1,1,2.29,2.22,REFUND,REFUNDED,SIMULATED return linked to an AdventureWorks order line,synthetic_extension,1.0.0,BASELINE,20260728,2026-07-28T00:00:00.000Z
RET-001223,SO62877,1,SHP-016218,28591,214,4,4,100,RR-005,2013-08-10,2013-08-14,2013-08-15,1,1,34.99,33.94,REFUND,REFUNDED,SIMULATED return linked to an AdventureWorks order line,synthetic_extension,1.0.0,BASELINE,20260728,2026-07-28T00:00:00.000Z
RET-001224,SO62881,2,SHP-016222,21890,537,4,9,6,RR-005,2013-08-20,2013-08-24,2013-08-25,1,1,35,33.95,REFUND,REFUNDED,SIMULATED return linked to an AdventureWorks order line,synthetic_extension,1.0.0,BASELINE,20260728,2026-07-28T00:00:00.000Z
RET-001225,SO62933,1,SHP-016274,13620,359,1,9,6,RR-004,2013-08-21,2013-08-26,2013-08-30,1,1,2294.99,2226.14,REFUND,REFUNDED,SIMULATED return linked to an AdventureWorks order line,synthetic_extension,1.0.0,BASELINE,20260728,2026-07-28T00:00:00.000Z
RET-001226,SO62933,2,SHP-016274,13620,485,4,9,6,RR-003,2013-08-22,2013-09-01,2013-09-04,1,1,21.98,21.32,REFUND,REFUNDED,SIMULATED return linked to an AdventureWorks order line,synthetic_extension,1.0.0,BASELINE,20260728,2026-07-28T00:00:00.000Z
RET-001227,SO62933,3,SHP-016274,13620,487,4,9,6,RR-006,2013-08-23,2013-08-30,2013-09-01,1,1,54.99,53.34,REFUND,REFUNDED,SIMULATED return linked to an AdventureWorks order line,synthetic_extension,1.0.0,BASELINE,20260728,2026-07-28T00:00:00.000Z
RET-001228,SO62933,4,SHP-016274,13620,484,4,9,6,RR-005,2013-08-24,2013-08-28,2013-08-29,1,1,7.95,7.71,REFUND,REFUNDED,SIMULATED return linked to an AdventureWorks order line,synthetic_extension,1.0.0,BASELINE,20260728,2026-07-28T00:00:00.000Z
RET-001229,SO62947,2,SHP-016288,15261,477,4,9,6,RR-006,2013-08-27,2013-09-03,2013-09-05,1,1,4.99,4.84,REFUND,REFUNDED,SIMULATED return linked to an AdventureWorks order line,synthetic_extension,1.0.0,BASELINE,20260728,2026-07-28T00:00:00.000Z
RET-001230,SO62947,3,SHP-016288,15261,480,4,9,6,RR-003,2013-08-26,2013-09-05,2013-09-08,1,1,2.29,2.22,REFUND,REFUNDED,SIMULATED return linked to an AdventureWorks order line,synthetic_extension,1.0.0,BASELINE,20260728,2026-07-28T00:00:00.000Z
RET-001231,SO62964,1,SHP-016305,19777,475,3,4,100,RR-004,2013-08-19,2013-08-28,2013-09-01,1,1,69.99,67.89,REFUND,REFUNDED,SIMULATED return linked to an AdventureWorks order line,synthetic_extension,1.0.0,BASELINE,20260728,2026-07-28T00:00:00.000Z
RET-001232,SO62964,2,SHP-016305,19777,234,3,4,100,RR-003,2013-08-20,2013-08-26,2013-08-29,1,1,49.99,48.49,REFUND,REFUNDED,SIMULATED return linked to an AdventureWorks order line,synthetic_extension,1.0.0,BASELINE,20260728,2026-07-28T00:00:00.000Z
RET-001233,SO62972,1,SHP-016313,14787,476,3,10,98,RR-002,2013-08-22,2013-08-30,2013-08-31,1,1,69.99,67.89,REFUND,REFUNDED,SIMULATED return linked to an AdventureWorks order line,synthetic_extension,1.0.0,BASELINE,20260728,2026-07-28T00:00:00.000Z
RET-001234,SO63046,1,SHP-016387,14392,359,1,1,100,RR-006,2013-08-11,2013-08-18,2013-08-20,1,1,2294.99,2226.14,REFUND,REFUNDED,SIMULATED return linked to an AdventureWorks order line,synthetic_extension,1.0.0,BASELINE,20260728,2026-07-28T00:00:00.000Z
RET-001235,SO63063,2,SHP-016404,23122,225,3,9,6,RR-001,2013-08-25,2013-09-01,2013-09-03,1,1,8.99,8.72,REFUND,REFUNDED,SIMULATED return linked to an AdventureWorks order line,synthetic_extension,1.0.0,BASELINE,20260728,2026-07-28T00:00:00.000Z
RET-001236,SO63068,1,SHP-016409,19618,541,4,9,6,RR-006,2013-08-18,2013-08-21,2013-08-23,1,1,28.99,28.12,REFUND,REFUNDED,SIMULATED return linked to an AdventureWorks order line,synthetic_extension,1.0.0,BASELINE,20260728,2026-07-28T00:00:00.000Z
RET-001237,SO63071,1,SHP-016412,11722,489,3,1,100,RR-004,2013-08-14,2013-08-23,2013-08-27,1,1,53.99,52.37,REFUND,REFUNDED,SIMULATED return linked to an AdventureWorks order line,synthetic_extension,1.0.0,BASELINE,20260728,2026-07-28T00:00:00.000Z
RET-001238,SO63071,2,SHP-016412,11722,465,3,1,100,RR-003,2013-08-15,2013-08-21,2013-08-24,1,1,24.49,23.76,REFUND,REFUNDED,SIMULATED return linked to an AdventureWorks order line,synthetic_extension,1.0.0,BASELINE,20260728,2026-07-28T00:00:00.000Z
RET-001239,SO63087,1,SHP-016428,13861,485,4,1,100,RR-003,2013-08-12,2013-08-22,2013-08-25,1,1,21.98,21.32,REFUND,REFUNDED,SIMULATED return linked to an AdventureWorks order line,synthetic_extension,1.0.0,BASELINE,20260728,2026-07-28T00:00:00.000Z
RET-001240,SO63108,1,SHP-016449,13113,357,1,9,6,RR-005,2013-08-22,2013-08-26,2013-08-27,1,1,2319.99,2250.39,REFUND,REFUNDED,SIMULATED return linked to an AdventureWorks order line,synthetic_extension,1.0.0,BASELINE,20260728,2026-07-28T00:00:00.000Z
RET-001241,SO63108,3,SHP-016449,13113,528,4,9,6,RR-003,2013-08-24,2013-08-30,2013-09-02,1,1,4.99,4.84,REFUND,REFUNDED,SIMULATED return linked to an AdventureWorks order line,synthetic_extension,1.0.0,BASELINE,20260728,2026-07-28T00:00:00.000Z
RET-001242,SO63111,1,SHP-016452,24668,564,1,4,100,RR-003,2013-08-18,2013-08-24,2013-08-27,1,1,2384.07,2312.55,REFUND,REFUNDED,SIMULATED return linked to an AdventureWorks order line,synthetic_extension,1.0.0,BASELINE,20260728,2026-07-28T00:00:00.000Z
RET-001243,SO63111,2,SHP-016452,24668,541,4,4,100,RR-004,2013-08-17,2013-08-26,2013-08-30,1,1,28.99,28.12,REFUND,REFUNDED,SIMULATED return linked to an AdventureWorks order line,synthetic_extension,1.0.0,BASELINE,20260728,2026-07-28T00:00:00.000Z
RET-001244,SO63111,3,SHP-016452,24668,530,4,4,100,RR-005,2013-08-16,2013-08-20,2013-08-21,1,1,4.99,4.84,REFUND,REFUNDED,SIMULATED return linked to an AdventureWorks order line,synthetic_extension,1.0.0,BASELINE,20260728,2026-07-28T00:00:00.000Z
RET-001245,SO63111,4,SHP-016452,24668,487,4,4,100,RR-006,2013-08-15,2013-08-22,2013-08-24,1,1,54.99,53.34,REFUND,REFUNDED,SIMULATED return linked to an AdventureWorks order line,synthetic_extension,1.0.0,BASELINE,20260728,2026-07-28T00:00:00.000Z
RET-001246,SO63297,2,SHP-016463,12715,480,4,9,6,RR-005,2013-08-18,2013-08-22,2013-08-23,1,1,2.29,2.22,REFUND,REFUNDED,SIMULATED return linked to an AdventureWorks order line,synthetic_extension,1.0.0,BASELINE,20260728,2026-07-28T00:00:00.000Z
RET-001247,SO63298,1,SHP-016464,14185,374,1,7,100,RR-005,2013-08-17,2013-08-21,2013-08-22,1,1,2443.35,2370.05,REFUND,REFUNDED,SIMULATED return linked to an AdventureWorks order line,synthetic_extension,1.0.0,BASELINE,20260728,2026-07-28T00:00:00.000Z
RET-001248,SO63298,2,SHP-016464,14185,540,4,7,100,RR-006,2013-08-20,2013-08-23,2013-08-25,1,1,32.6,31.62,REFUND,REFUNDED,SIMULATED return linked to an AdventureWorks order line,synthetic_extension,1.0.0,BASELINE,20260728,2026-07-28T00:00:00.000Z
RET-001249,SO63298,3,SHP-016464,14185,529,4,7,100,RR-003,2013-08-19,2013-08-25,2013-08-28,1,1,3.99,3.87,REFUND,REFUNDED,SIMULATED return linked to an AdventureWorks order line,synthetic_extension,1.0.0,BASELINE,20260728,2026-07-28T00:00:00.000Z
RET-001250,SO63298,4,SHP-016464,14185,472,3,7,100,RR-004,2013-09-01,2013-09-06,2013-09-10,1,1,63.5,61.59,REFUND,REFUNDED,SIMULATED return linked to an AdventureWorks order line,synthetic_extension,1.0.0,BASELINE,20260728,2026-07-28T00:00:00.000Z
RET-001251,SO63301,3,SHP-016467,15924,231,3,7,100,RR-001,2013-09-02,2013-09-07,2013-09-11,1,1,49.99,48.49,REFUND,REFUNDED,SIMULATED return linked to an AdventureWorks order line,synthetic_extension,1.0.0,BASELINE,20260728,2026-07-28T00:00:00.000Z
RET-001252,SO63348,1,SHP-016514,20629,372,1,9,6,RR-003,2013-08-21,2013-08-31,2013-09-03,1,1,2443.35,2370.05,REFUND,REFUNDED,SIMULATED return linked to an AdventureWorks order line,synthetic_extension,1.0.0,BASELINE,20260728,2026-07-28T00:00:00.000Z
RET-001253,SO63348,2,SHP-016514,20629,529,4,9,6,RR-004,2013-08-20,2013-08-25,2013-08-29,1,1,3.99,3.87,REFUND,REFUNDED,SIMULATED return linked to an AdventureWorks order line,synthetic_extension,1.0.0,BASELINE,20260728,2026-07-28T00:00:00.000Z
RET-001254,SO63348,3,SHP-016514,20629,540,4,9,6,RR-005,2013-08-19,2013-08-27,2013-08-28,1,1,32.6,31.62,REFUND,REFUNDED,SIMULATED return linked to an AdventureWorks order line,synthetic_extension,1.0.0,BASELINE,20260728,2026-07-28T00:00:00.000Z
RET-001255,SO63348,4,SHP-016514,20629,480,4,9,6,RR-006,2013-08-26,2013-08-29,2013-08-31,1,1,2.29,2.22,REFUND,REFUNDED,SIMULATED return linked to an AdventureWorks order line,synthetic_extension,1.0.0,BASELINE,20260728,2026-07-28T00:00:00.000Z
RET-001256,SO63364,2,SHP-016530,18299,484,4,9,6,RR-006,2013-08-31,2013-09-07,2013-09-09,1,1,7.95,7.71,REFUND,REFUNDED,SIMULATED return linked to an AdventureWorks order line,synthetic_extension,1.0.0,BASELINE,20260728,2026-07-28T00:00:00.000Z
RET-001257,SO63407,4,SHP-016573,25221,225,3,9,6,RR-001,2013-08-15,2013-08-22,2013-08-24,1,1,8.99,8.72,REFUND,REFUNDED,SIMULATED return linked to an AdventureWorks order line,synthetic_extension,1.0.0,BASELINE,20260728,2026-07-28T00:00:00.000Z
RET-001258,SO63448,1,SHP-016614,29021,476,3,6,19,RR-004,2013-08-23,2013-08-28,2013-09-01,1,1,69.99,67.89,REFUND,REFUNDED,SIMULATED return linked to an AdventureWorks order line,synthetic_extension,1.0.0,BASELINE,20260728,2026-07-28T00:00:00.000Z
RET-001259,SO63449,2,SHP-016615,12959,228,3,6,19,RR-006,2013-08-22,2013-08-25,2013-08-27,1,1,49.99,48.49,REFUND,REFUNDED,SIMULATED return linked to an AdventureWorks order line,synthetic_extension,1.0.0,BASELINE,20260728,2026-07-28T00:00:00.000Z
RET-001260,SO63449,3,SHP-016615,12959,225,3,6,19,RR-003,2013-08-21,2013-08-27,2013-08-30,1,1,8.99,8.72,REFUND,REFUNDED,SIMULATED return linked to an AdventureWorks order line,synthetic_extension,1.0.0,BASELINE,20260728,2026-07-28T00:00:00.000Z
RET-001261,SO63490,3,SHP-016656,20674,225,3,1,100,RR-002,2013-08-23,2013-08-27,2013-08-28,1,1,8.99,8.72,REFUND,REFUNDED,SIMULATED return linked to an AdventureWorks order line,synthetic_extension,1.0.0,BASELINE,20260728,2026-07-28T00:00:00.000Z
RET-001262,SO63522,1,SHP-016688,16905,477,4,4,100,RR-005,2013-08-17,2013-08-21,2013-08-22,1,1,4.99,4.84,REFUND,REFUNDED,SIMULATED return linked to an AdventureWorks order line,synthetic_extension,1.0.0,BASELINE,20260728,2026-07-28T00:00:00.000Z
RET-001263,SO63523,1,SHP-016689,15919,474,3,10,98,RR-001,2013-08-20,2013-08-25,2013-08-29,1,1,69.99,67.89,REFUND,REFUNDED,SIMULATED return linked to an AdventureWorks order line,synthetic_extension,1.0.0,BASELINE,20260728,2026-07-28T00:00:00.000Z
RET-001264,SO63552,2,SHP-016718,16733,539,4,9,6,RR-003,2013-08-20,2013-08-30,2013-09-02,1,1,24.99,24.24,REFUND,REFUNDED,SIMULATED return linked to an AdventureWorks order line,synthetic_extension,1.0.0,BASELINE,20260728,2026-07-28T00:00:00.000Z
RET-001265,SO63552,3,SHP-016718,16733,480,4,9,6,RR-006,2013-08-21,2013-08-28,2013-08-30,1,1,2.29,2.22,REFUND,REFUNDED,SIMULATED return linked to an AdventureWorks order line,synthetic_extension,1.0.0,BASELINE,20260728,2026-07-28T00:00:00.000Z
RET-001266,SO63565,1,SHP-016731,14096,467,3,6,19,RR-001,2013-08-31,2013-09-07,2013-09-09,1,1,24.49,23.76,REFUND,REFUNDED,SIMULATED return linked to an AdventureWorks order line,synthetic_extension,1.0.0,BASELINE,20260728,2026-07-28T00:00:00.000Z
RET-001267,SO63565,2,SHP-016731,14096,488,3,6,19,RR-002,2013-08-28,2013-09-05,2013-09-06,1,1,53.99,52.37,REFUND,REFUNDED,SIMULATED return linked to an AdventureWorks order line,synthetic_extension,1.0.0,BASELINE,20260728,2026-07-28T00:00:00.000Z
RET-001268,SO63596,1,SHP-016762,14722,587,1,1,100,RR-004,2013-09-02,2013-09-07,2013-09-11,1,1,769.49,746.41,REFUND,REFUNDED,SIMULATED return linked to an AdventureWorks order line,synthetic_extension,1.0.0,BASELINE,20260728,2026-07-28T00:00:00.000Z
RET-001269,SO63615,1,SHP-016781,17659,583,1,1,100,RR-004,2013-09-01,2013-09-06,2013-09-10,1,1,1700.99,1649.96,REFUND,REFUNDED,SIMULATED return linked to an AdventureWorks order line,synthetic_extension,1.0.0,BASELINE,20260728,2026-07-28T00:00:00.000Z
RET-001270,SO63615,2,SHP-016781,17659,479,4,1,100,RR-003,2013-09-02,2013-09-12,2013-09-15,1,1,8.99,8.72,REFUND,REFUNDED,SIMULATED return linked to an AdventureWorks order line,synthetic_extension,1.0.0,BASELINE,20260728,2026-07-28T00:00:00.000Z
RET-001271,SO63628,1,SHP-016794,18194,225,3,9,6,RR-001,2013-08-24,2013-09-02,2013-09-06,1,1,8.99,8.72,REFUND,REFUNDED,SIMULATED return linked to an AdventureWorks order line,synthetic_extension,1.0.0,BASELINE,20260728,2026-07-28T00:00:00.000Z
RET-001272,SO63641,3,SHP-016807,27652,231,3,1,100,RR-005,2013-09-03,2013-09-07,2013-09-08,1,1,49.99,48.49,REFUND,REFUNDED,SIMULATED return linked to an AdventureWorks order line,synthetic_extension,1.0.0,BASELINE,20260728,2026-07-28T00:00:00.000Z
RET-001273,SO63648,2,SHP-016814,17598,214,4,4,100,RR-005,2013-08-25,2013-09-02,2013-09-03,1,1,34.99,33.94,REFUND,REFUNDED,SIMULATED return linked to an AdventureWorks order line,synthetic_extension,1.0.0,BASELINE,20260728,2026-07-28T00:00:00.000Z
RET-001274,SO63677,1,SHP-016843,25272,388,1,9,6,RR-004,2013-08-30,2013-09-04,2013-09-08,1,1,1120.49,1086.88,REFUND,REFUNDED,SIMULATED return linked to an AdventureWorks order line,synthetic_extension,1.0.0,BASELINE,20260728,2026-07-28T00:00:00.000Z
RET-001275,SO63677,2,SHP-016843,25272,488,3,9,6,RR-003,2013-08-31,2013-09-10,2013-09-13,1,1,53.99,52.37,REFUND,REFUNDED,SIMULATED return linked to an AdventureWorks order line,synthetic_extension,1.0.0,BASELINE,20260728,2026-07-28T00:00:00.000Z
RET-001276,SO63694,1,SHP-016860,13004,486,4,9,6,RR-005,2013-09-02,2013-09-06,2013-09-07,1,1,159,154.23,REFUND,REFUNDED,SIMULATED return linked to an AdventureWorks order line,synthetic_extension,1.0.0,BASELINE,20260728,2026-07-28T00:00:00.000Z
RET-001277,SO63704,3,SHP-016870,12265,225,3,7,100,RR-002,2013-08-21,2013-08-25,2013-08-26,1,1,8.99,8.72,REFUND,REFUNDED,SIMULATED return linked to an AdventureWorks order line,synthetic_extension,1.0.0,BASELINE,20260728,2026-07-28T00:00:00.000Z
RET-001278,SO63717,1,SHP-016883,13371,485,4,1,100,RR-003,2013-08-25,2013-09-04,2013-09-07,1,1,21.98,21.32,REFUND,REFUNDED,SIMULATED return linked to an AdventureWorks order line,synthetic_extension,1.0.0,BASELINE,20260728,2026-07-28T00:00:00.000Z
RET-001279,SO63717,2,SHP-016883,13371,237,3,1,100,RR-001,2013-08-24,2013-08-29,2013-09-02,1,1,49.99,48.49,REFUND,REFUNDED,SIMULATED return linked to an AdventureWorks order line,synthetic_extension,1.0.0,BASELINE,20260728,2026-07-28T00:00:00.000Z
RET-001280,SO63764,1,SHP-016930,20060,372,1,10,98,RR-005,2013-09-01,2013-09-05,2013-09-06,1,1,2443.35,2370.05,REFUND,REFUNDED,SIMULATED return linked to an AdventureWorks order line,synthetic_extension,1.0.0,BASELINE,20260728,2026-07-28T00:00:00.000Z
RET-001281,SO63778,3,SHP-016944,21463,225,3,4,100,RR-001,2013-08-29,2013-09-07,2013-09-11,1,1,8.99,8.72,REFUND,REFUNDED,SIMULATED return linked to an AdventureWorks order line,synthetic_extension,1.0.0,BASELINE,20260728,2026-07-28T00:00:00.000Z
RET-001282,SO63786,3,SHP-016952,24574,237,3,10,98,RR-002,2013-09-01,2013-09-07,2013-09-10,1,1,49.99,48.49,REFUND,REFUNDED,SIMULATED return linked to an AdventureWorks order line,synthetic_extension,1.0.0,BASELINE,20260728,2026-07-28T00:00:00.000Z
RET-001283,SO63786,4,SHP-016952,24574,225,3,10,98,RR-001,2013-08-27,2013-09-01,2013-09-05,1,1,8.99,8.72,REFUND,REFUNDED,SIMULATED return linked to an AdventureWorks order line,synthetic_extension,1.0.0,BASELINE,20260728,2026-07-28T00:00:00.000Z
RET-001284,SO63806,1,SHP-016972,23355,472,3,4,100,RR-001,2013-08-25,2013-08-28,2013-08-30,1,1,63.5,61.59,REFUND,REFUNDED,SIMULATED return linked to an AdventureWorks order line,synthetic_extension,1.0.0,BASELINE,20260728,2026-07-28T00:00:00.000Z
RET-001285,SO63806,2,SHP-016972,23355,584,1,4,100,RR-005,2013-08-22,2013-08-26,2013-08-27,1,1,539.99,523.79,REFUND,REFUNDED,SIMULATED return linked to an AdventureWorks order line,synthetic_extension,1.0.0,BASELINE,20260728,2026-07-28T00:00:00.000Z
RET-001286,SO63853,1,SHP-017019,16187,485,4,10,98,RR-004,2013-08-31,2013-09-05,2013-09-09,1,1,21.98,21.32,REFUND,REFUNDED,SIMULATED return linked to an AdventureWorks order line,synthetic_extension,1.0.0,BASELINE,20260728,2026-07-28T00:00:00.000Z
RET-001287,SO63853,2,SHP-017019,16187,484,4,10,98,RR-003,2013-09-01,2013-09-11,2013-09-14,1,1,7.95,7.71,REFUND,REFUNDED,SIMULATED return linked to an AdventureWorks order line,synthetic_extension,1.0.0,BASELINE,20260728,2026-07-28T00:00:00.000Z
RET-001288,SO63888,1,SHP-017054,21573,537,4,9,6,RR-004,2013-08-30,2013-09-04,2013-09-08,1,1,35,33.95,REFUND,REFUNDED,SIMULATED return linked to an AdventureWorks order line,synthetic_extension,1.0.0,BASELINE,20260728,2026-07-28T00:00:00.000Z
RET-001289,SO63888,2,SHP-017054,21573,528,4,9,6,RR-003,2013-08-31,2013-09-10,2013-09-13,1,1,4.99,4.84,REFUND,REFUNDED,SIMULATED return linked to an AdventureWorks order line,synthetic_extension,1.0.0,BASELINE,20260728,2026-07-28T00:00:00.000Z
RET-001290,SO63888,3,SHP-017054,21573,485,4,9,6,RR-006,2013-09-01,2013-09-08,2013-09-10,1,1,21.98,21.32,REFUND,REFUNDED,SIMULATED return linked to an AdventureWorks order line,synthetic_extension,1.0.0,BASELINE,20260728,2026-07-28T00:00:00.000Z
RET-001291,SO63928,1,SHP-017094,12761,357,1,1,100,RR-003,2013-09-05,2013-09-15,2013-09-18,1,1,2319.99,2250.39,REFUND,REFUNDED,SIMULATED return linked to an AdventureWorks order line,synthetic_extension,1.0.0,BASELINE,20260728,2026-07-28T00:00:00.000Z
RET-001292,SO63928,2,SHP-017094,12761,485,4,1,100,RR-004,2013-09-04,2013-09-09,2013-09-13,1,1,21.98,21.32,REFUND,REFUNDED,SIMULATED return linked to an AdventureWorks order line,synthetic_extension,1.0.0,BASELINE,20260728,2026-07-28T00:00:00.000Z
RET-001293,SO63928,3,SHP-017094,12761,482,3,1,100,RR-005,2013-09-03,2013-09-11,2013-09-12,1,1,8.99,8.72,REFUND,REFUNDED,SIMULATED return linked to an AdventureWorks order line,synthetic_extension,1.0.0,BASELINE,20260728,2026-07-28T00:00:00.000Z
RET-001294,SO63955,1,SHP-017121,15063,600,1,8,100,RR-003,2013-09-10,2013-09-16,2013-09-19,1,1,539.99,523.79,REFUND,REFUNDED,SIMULATED return linked to an AdventureWorks order line,synthetic_extension,1.0.0,BASELINE,20260728,2026-07-28T00:00:00.000Z
RET-001295,SO63955,2,SHP-017121,15063,477,4,8,100,RR-004,2013-09-09,2013-09-18,2013-09-22,1,1,4.99,4.84,REFUND,REFUNDED,SIMULATED return linked to an AdventureWorks order line,synthetic_extension,1.0.0,BASELINE,20260728,2026-07-28T00:00:00.000Z
RET-001296,SO63955,3,SHP-017121,15063,478,4,8,100,RR-005,2013-09-08,2013-09-12,2013-09-13,1,1,9.99,9.69,REFUND,REFUNDED,SIMULATED return linked to an AdventureWorks order line,synthetic_extension,1.0.0,BASELINE,20260728,2026-07-28T00:00:00.000Z
RET-001297,SO63960,4,SHP-017126,16575,225,3,10,98,RR-001,2013-08-26,2013-09-02,2013-09-04,1,1,8.99,8.72,REFUND,REFUNDED,SIMULATED return linked to an AdventureWorks order line,synthetic_extension,1.0.0,BASELINE,20260728,2026-07-28T00:00:00.000Z
RET-001298,SO63970,2,SHP-017136,23458,485,4,6,19,RR-003,2013-08-26,2013-09-01,2013-09-04,1,1,21.98,21.32,REFUND,REFUNDED,SIMULATED return linked to an AdventureWorks order line,synthetic_extension,1.0.0,BASELINE,20260728,2026-07-28T00:00:00.000Z
RET-001299,SO63970,3,SHP-017136,23458,477,4,6,19,RR-006,2013-08-27,2013-08-30,2013-09-01,1,1,4.99,4.84,REFUND,REFUNDED,SIMULATED return linked to an AdventureWorks order line,synthetic_extension,1.0.0,BASELINE,20260728,2026-07-28T00:00:00.000Z
RET-001300,SO63978,1,SHP-017144,16019,591,1,4,100,RR-004,2013-09-05,2013-09-14,2013-09-18,1,1,564.99,548.04,REFUND,REFUNDED,SIMULATED return linked to an AdventureWorks order line,synthetic_extension,1.0.0,BASELINE,20260728,2026-07-28T00:00:00.000Z
RET-001301,SO63978,2,SHP-017144,16019,225,3,4,100,RR-002,2013-09-06,2013-09-12,2013-09-15,1,1,8.99,8.72,REFUND,REFUNDED,SIMULATED return linked to an AdventureWorks order line,synthetic_extension,1.0.0,BASELINE,20260728,2026-07-28T00:00:00.000Z
RET-001302,SO63979,2,SHP-017145,16906,528,4,6,19,RR-006,2013-09-11,2013-09-18,2013-09-20,1,1,4.99,4.84,REFUND,REFUNDED,SIMULATED return linked to an AdventureWorks order line,synthetic_extension,1.0.0,BASELINE,20260728,2026-07-28T00:00:00.000Z
RET-001303,SO64010,1,SHP-017176,28983,529,4,4,100,RR-006,2013-08-28,2013-08-31,2013-09-02,1,1,3.99,3.87,REFUND,REFUNDED,SIMULATED return linked to an AdventureWorks order line,synthetic_extension,1.0.0,BASELINE,20260728,2026-07-28T00:00:00.000Z
RET-001304,SO64029,1,SHP-017195,24555,528,4,10,98,RR-006,2013-09-01,2013-09-08,2013-09-10,1,1,4.99,4.84,REFUND,REFUNDED,SIMULATED return linked to an AdventureWorks order line,synthetic_extension,1.0.0,BASELINE,20260728,2026-07-28T00:00:00.000Z
RET-001305,SO64029,2,SHP-017195,24555,536,4,10,98,RR-005,2013-08-29,2013-09-06,2013-09-07,1,1,29.99,29.09,REFUND,REFUNDED,SIMULATED return linked to an AdventureWorks order line,synthetic_extension,1.0.0,BASELINE,20260728,2026-07-28T00:00:00.000Z
RET-001306,SO64029,3,SHP-017195,24555,478,4,10,98,RR-004,2013-08-30,2013-09-04,2013-09-08,1,1,9.99,9.69,REFUND,REFUNDED,SIMULATED return linked to an AdventureWorks order line,synthetic_extension,1.0.0,BASELINE,20260728,2026-07-28T00:00:00.000Z
RET-001307,SO64029,4,SHP-017195,24555,477,4,10,98,RR-003,2013-09-04,2013-09-10,2013-09-13,1,1,4.99,4.84,REFUND,REFUNDED,SIMULATED return linked to an AdventureWorks order line,synthetic_extension,1.0.0,BASELINE,20260728,2026-07-28T00:00:00.000Z
RET-001308,SO64029,5,SHP-017195,24555,225,3,10,98,RR-001,2013-09-05,2013-09-08,2013-09-10,1,1,8.99,8.72,REFUND,REFUNDED,SIMULATED return linked to an AdventureWorks order line,synthetic_extension,1.0.0,BASELINE,20260728,2026-07-28T00:00:00.000Z
RET-001309,SO64092,3,SHP-017258,14932,237,3,7,100,RR-001,2013-09-08,2013-09-11,2013-09-13,1,1,49.99,48.49,REFUND,REFUNDED,SIMULATED return linked to an AdventureWorks order line,synthetic_extension,1.0.0,BASELINE,20260728,2026-07-28T00:00:00.000Z
RET-001310,SO64092,4,SHP-017258,14932,482,3,7,100,RR-002,2013-09-01,2013-09-09,2013-09-10,1,1,8.99,8.72,REFUND,REFUNDED,SIMULATED return linked to an AdventureWorks order line,synthetic_extension,1.0.0,BASELINE,20260728,2026-07-28T00:00:00.000Z
RET-001311,SO64104,2,SHP-017270,25823,479,4,9,6,RR-003,2013-08-28,2013-09-07,2013-09-10,1,1,8.99,8.72,REFUND,REFUNDED,SIMULATED return linked to an AdventureWorks order line,synthetic_extension,1.0.0,BASELINE,20260728,2026-07-28T00:00:00.000Z
RET-001312,SO64104,3,SHP-017270,25823,477,4,9,6,RR-006,2013-08-29,2013-09-05,2013-09-07,1,1,4.99,4.84,REFUND,REFUNDED,SIMULATED return linked to an AdventureWorks order line,synthetic_extension,1.0.0,BASELINE,20260728,2026-07-28T00:00:00.000Z
RET-001313,SO64104,4,SHP-017270,25823,491,3,9,6,RR-002,2013-08-30,2013-09-03,2013-09-04,1,1,53.99,52.37,REFUND,REFUNDED,SIMULATED return linked to an AdventureWorks order line,synthetic_extension,1.0.0,BASELINE,20260728,2026-07-28T00:00:00.000Z
RET-001314,SO64120,1,SHP-017286,17290,491,3,9,6,RR-006,2013-09-11,2013-09-14,2013-09-16,1,1,53.99,52.37,REFUND,REFUNDED,SIMULATED return linked to an AdventureWorks order line,synthetic_extension,1.0.0,BASELINE,20260728,2026-07-28T00:00:00.000Z
RET-001315,SO64120,2,SHP-017286,17290,225,3,9,6,RR-005,2013-09-08,2013-09-12,2013-09-13,1,1,8.99,8.72,REFUND,REFUNDED,SIMULATED return linked to an AdventureWorks order line,synthetic_extension,1.0.0,BASELINE,20260728,2026-07-28T00:00:00.000Z
RET-001316,SO64140,1,SHP-017306,15326,528,4,4,100,RR-004,2013-09-06,2013-09-11,2013-09-15,1,1,4.99,4.84,REFUND,REFUNDED,SIMULATED return linked to an AdventureWorks order line,synthetic_extension,1.0.0,BASELINE,20260728,2026-07-28T00:00:00.000Z
RET-001317,SO64140,2,SHP-017306,15326,486,4,4,100,RR-003,2013-09-07,2013-09-17,2013-09-20,1,1,159,154.23,REFUND,REFUNDED,SIMULATED return linked to an AdventureWorks order line,synthetic_extension,1.0.0,BASELINE,20260728,2026-07-28T00:00:00.000Z
RET-001318,SO64140,3,SHP-017306,15326,225,3,4,100,RR-001,2013-09-08,2013-09-15,2013-09-17,1,1,8.99,8.72,REFUND,REFUNDED,SIMULATED return linked to an AdventureWorks order line,synthetic_extension,1.0.0,BASELINE,20260728,2026-07-28T00:00:00.000Z
RET-001319,SO64159,1,SHP-017325,15051,569,1,10,98,RR-006,2013-09-15,2013-09-18,2013-09-20,1,1,742.35,720.08,REFUND,REFUNDED,SIMULATED return linked to an AdventureWorks order line,synthetic_extension,1.0.0,BASELINE,20260728,2026-07-28T00:00:00.000Z
RET-001320,SO64159,2,SHP-017325,15051,214,4,10,98,RR-005,2013-09-12,2013-09-16,2013-09-17,1,1,34.99,33.94,REFUND,REFUNDED,SIMULATED return linked to an AdventureWorks order line,synthetic_extension,1.0.0,BASELINE,20260728,2026-07-28T00:00:00.000Z
RET-001321,SO64171,2,SHP-017337,17596,237,3,1,100,RR-003,2013-09-10,2013-09-20,2013-09-23,1,1,49.99,48.49,REFUND,REFUNDED,SIMULATED return linked to an AdventureWorks order line,synthetic_extension,1.0.0,BASELINE,20260728,2026-07-28T00:00:00.000Z
RET-001322,SO64194,2,SHP-017360,26721,467,3,4,100,RR-004,2013-09-13,2013-09-18,2013-09-22,1,1,24.49,23.76,REFUND,REFUNDED,SIMULATED return linked to an AdventureWorks order line,synthetic_extension,1.0.0,BASELINE,20260728,2026-07-28T00:00:00.000Z
RET-001323,SO64200,1,SHP-017366,19756,476,3,4,100,RR-003,2013-09-12,2013-09-22,2013-09-25,1,1,69.99,67.89,REFUND,REFUNDED,SIMULATED return linked to an AdventureWorks order line,synthetic_extension,1.0.0,BASELINE,20260728,2026-07-28T00:00:00.000Z
RET-001324,SO64200,2,SHP-017366,19756,225,3,4,100,RR-004,2013-09-11,2013-09-16,2013-09-20,1,1,8.99,8.72,REFUND,REFUNDED,SIMULATED return linked to an AdventureWorks order line,synthetic_extension,1.0.0,BASELINE,20260728,2026-07-28T00:00:00.000Z
RET-001325,SO64221,1,SHP-017387,25948,386,1,9,6,RR-004,2013-09-14,2013-09-19,2013-09-23,1,1,1120.49,1086.88,REFUND,REFUNDED,SIMULATED return linked to an AdventureWorks order line,synthetic_extension,1.0.0,BASELINE,20260728,2026-07-28T00:00:00.000Z
RET-001326,SO64229,3,SHP-017395,11997,491,3,9,6,RR-001,2013-09-12,2013-09-19,2013-09-21,1,1,53.99,52.37,REFUND,REFUNDED,SIMULATED return linked to an AdventureWorks order line,synthetic_extension,1.0.0,BASELINE,20260728,2026-07-28T00:00:00.000Z
RET-001327,SO64229,4,SHP-017395,11997,225,3,9,6,RR-002,2013-09-13,2013-09-17,2013-09-18,1,1,8.99,8.72,REFUND,REFUNDED,SIMULATED return linked to an AdventureWorks order line,synthetic_extension,1.0.0,BASELINE,20260728,2026-07-28T00:00:00.000Z
RET-001328,SO64234,1,SHP-017400,24764,576,1,1,100,RR-006,2013-09-08,2013-09-11,2013-09-13,1,1,2384.07,2312.55,REFUND,REFUNDED,SIMULATED return linked to an AdventureWorks order line,synthetic_extension,1.0.0,BASELINE,20260728,2026-07-28T00:00:00.000Z
RET-001329,SO64234,2,SHP-017400,24764,479,4,1,100,RR-005,2013-09-05,2013-09-09,2013-09-10,1,1,8.99,8.72,REFUND,REFUNDED,SIMULATED return linked to an AdventureWorks order line,synthetic_extension,1.0.0,BASELINE,20260728,2026-07-28T00:00:00.000Z
RET-001330,SO64234,3,SHP-017400,24764,477,4,1,100,RR-004,2013-09-06,2013-09-15,2013-09-19,1,1,4.99,4.84,REFUND,REFUNDED,SIMULATED return linked to an AdventureWorks order line,synthetic_extension,1.0.0,BASELINE,20260728,2026-07-28T00:00:00.000Z
RET-001331,SO64248,3,SHP-017414,25498,231,3,8,100,RR-005,2013-09-01,2013-09-05,2013-09-06,1,1,49.99,48.49,REFUND,REFUNDED,SIMULATED return linked to an AdventureWorks order line,synthetic_extension,1.0.0,BASELINE,20260728,2026-07-28T00:00:00.000Z
RET-001332,SO64249,1,SHP-017415,16476,376,1,7,100,RR-006,2013-09-11,2013-09-18,2013-09-20,1,1,2443.35,2370.05,REFUND,REFUNDED,SIMULATED return linked to an AdventureWorks order line,synthetic_extension,1.0.0,BASELINE,20260728,2026-07-28T00:00:00.000Z
RET-001333,SO64249,2,SHP-017415,16476,529,4,7,100,RR-005,2013-09-08,2013-09-16,2013-09-17,1,1,3.99,3.87,REFUND,REFUNDED,SIMULATED return linked to an AdventureWorks order line,synthetic_extension,1.0.0,BASELINE,20260728,2026-07-28T00:00:00.000Z
RET-001334,SO64249,3,SHP-017415,16476,540,4,7,100,RR-004,2013-09-09,2013-09-14,2013-09-18,1,1,32.6,31.62,REFUND,REFUNDED,SIMULATED return linked to an AdventureWorks order line,synthetic_extension,1.0.0,BASELINE,20260728,2026-07-28T00:00:00.000Z
RET-001335,SO64249,4,SHP-017415,16476,490,3,7,100,RR-003,2013-09-14,2013-09-20,2013-09-23,1,1,53.99,52.37,REFUND,REFUNDED,SIMULATED return linked to an AdventureWorks order line,synthetic_extension,1.0.0,BASELINE,20260728,2026-07-28T00:00:00.000Z
RET-001336,SO64265,1,SHP-017431,15879,528,4,6,19,RR-004,2013-09-11,2013-09-16,2013-09-20,1,1,4.99,4.84,REFUND,REFUNDED,SIMULATED return linked to an AdventureWorks order line,synthetic_extension,1.0.0,BASELINE,20260728,2026-07-28T00:00:00.000Z
RET-001337,SO64265,2,SHP-017431,15879,536,4,6,19,RR-003,2013-09-12,2013-09-22,2013-09-25,1,1,29.99,29.09,REFUND,REFUNDED,SIMULATED return linked to an AdventureWorks order line,synthetic_extension,1.0.0,BASELINE,20260728,2026-07-28T00:00:00.000Z
RET-001338,SO64265,3,SHP-017431,15879,217,4,6,19,RR-006,2013-09-13,2013-09-20,2013-09-22,1,1,34.99,33.94,REFUND,REFUNDED,SIMULATED return linked to an AdventureWorks order line,synthetic_extension,1.0.0,BASELINE,20260728,2026-07-28T00:00:00.000Z
RET-001339,SO64288,1,SHP-017454,19988,386,1,6,19,RR-003,2013-09-07,2013-09-17,2013-09-20,1,1,1120.49,1086.88,REFUND,REFUNDED,SIMULATED return linked to an AdventureWorks order line,synthetic_extension,1.0.0,BASELINE,20260728,2026-07-28T00:00:00.000Z
RET-001340,SO64288,2,SHP-017454,19988,214,4,6,19,RR-004,2013-09-06,2013-09-11,2013-09-15,1,1,34.99,33.94,REFUND,REFUNDED,SIMULATED return linked to an AdventureWorks order line,synthetic_extension,1.0.0,BASELINE,20260728,2026-07-28T00:00:00.000Z
RET-001341,SO64302,1,SHP-017468,15603,478,4,9,6,RR-004,2013-09-04,2013-09-13,2013-09-17,1,1,9.99,9.69,REFUND,REFUNDED,SIMULATED return linked to an AdventureWorks order line,synthetic_extension,1.0.0,BASELINE,20260728,2026-07-28T00:00:00.000Z
RET-001342,SO64302,2,SHP-017468,15603,477,4,9,6,RR-003,2013-09-05,2013-09-11,2013-09-14,1,1,4.99,4.84,REFUND,REFUNDED,SIMULATED return linked to an AdventureWorks order line,synthetic_extension,1.0.0,BASELINE,20260728,2026-07-28T00:00:00.000Z
RET-001343,SO64322,2,SHP-017488,23246,480,4,1,100,RR-005,2013-09-06,2013-09-10,2013-09-11,1,1,2.29,2.22,REFUND,REFUNDED,SIMULATED return linked to an AdventureWorks order line,synthetic_extension,1.0.0,BASELINE,20260728,2026-07-28T00:00:00.000Z
RET-001344,SO64399,1,SHP-017565,19818,475,3,4,100,RR-004,2013-09-05,2013-09-14,2013-09-18,1,1,69.99,67.89,REFUND,REFUNDED,SIMULATED return linked to an AdventureWorks order line,synthetic_extension,1.0.0,BASELINE,20260728,2026-07-28T00:00:00.000Z
RET-001345,SO64399,2,SHP-017565,19818,482,3,4,100,RR-003,2013-09-06,2013-09-12,2013-09-15,1,1,8.99,8.72,REFUND,REFUNDED,SIMULATED return linked to an AdventureWorks order line,synthetic_extension,1.0.0,BASELINE,20260728,2026-07-28T00:00:00.000Z
RET-001346,SO64433,1,SHP-017599,12005,361,1,9,6,RR-003,2013-09-13,2013-09-19,2013-09-22,1,1,2294.99,2226.14,REFUND,REFUNDED,SIMULATED return linked to an AdventureWorks order line,synthetic_extension,1.0.0,BASELINE,20260728,2026-07-28T00:00:00.000Z
RET-001347,SO64433,2,SHP-017599,12005,528,4,9,6,RR-004,2013-09-12,2013-09-21,2013-09-25,1,1,4.99,4.84,REFUND,REFUNDED,SIMULATED return linked to an AdventureWorks order line,synthetic_extension,1.0.0,BASELINE,20260728,2026-07-28T00:00:00.000Z
RET-001348,SO64433,3,SHP-017599,12005,537,4,9,6,RR-005,2013-09-11,2013-09-15,2013-09-16,1,1,35,33.95,REFUND,REFUNDED,SIMULATED return linked to an AdventureWorks order line,synthetic_extension,1.0.0,BASELINE,20260728,2026-07-28T00:00:00.000Z
RET-001349,SO64433,4,SHP-017599,12005,222,4,9,6,RR-006,2013-09-10,2013-09-17,2013-09-19,1,1,34.99,33.94,REFUND,REFUNDED,SIMULATED return linked to an AdventureWorks order line,synthetic_extension,1.0.0,BASELINE,20260728,2026-07-28T00:00:00.000Z
RET-001350,SO64440,2,SHP-017606,26313,491,3,4,100,RR-001,2013-08-29,2013-09-05,2013-09-07,1,1,53.99,52.37,REFUND,REFUNDED,SIMULATED return linked to an AdventureWorks order line,synthetic_extension,1.0.0,BASELINE,20260728,2026-07-28T00:00:00.000Z
RET-001351,SO64483,1,SHP-017649,18918,474,3,1,100,RR-001,2013-09-08,2013-09-15,2013-09-17,1,1,69.99,67.89,REFUND,REFUNDED,SIMULATED return linked to an AdventureWorks order line,synthetic_extension,1.0.0,BASELINE,20260728,2026-07-28T00:00:00.000Z
RET-001352,SO64483,2,SHP-017649,18918,225,3,1,100,RR-002,2013-09-05,2013-09-13,2013-09-14,1,1,8.99,8.72,REFUND,REFUNDED,SIMULATED return linked to an AdventureWorks order line,synthetic_extension,1.0.0,BASELINE,20260728,2026-07-28T00:00:00.000Z
RET-001353,SO64489,2,SHP-017655,24020,225,3,10,98,RR-002,2013-09-07,2013-09-17,2013-09-20,1,1,8.99,8.72,REFUND,REFUNDED,SIMULATED return linked to an AdventureWorks order line,synthetic_extension,1.0.0,BASELINE,20260728,2026-07-28T00:00:00.000Z
RET-001354,SO64492,1,SHP-017658,27813,538,4,8,100,RR-004,2013-09-16,2013-09-21,2013-09-25,1,1,21.49,20.85,REFUND,REFUNDED,SIMULATED return linked to an AdventureWorks order line,synthetic_extension,1.0.0,BASELINE,20260728,2026-07-28T00:00:00.000Z
RET-001355,SO64492,2,SHP-017658,27813,480,4,8,100,RR-003,2013-09-17,2013-09-27,2013-09-30,1,1,2.29,2.22,REFUND,REFUNDED,SIMULATED return linked to an AdventureWorks order line,synthetic_extension,1.0.0,BASELINE,20260728,2026-07-28T00:00:00.000Z
RET-001356,SO64501,1,SHP-017667,12540,228,3,10,98,RR-002,2013-09-12,2013-09-16,2013-09-17,1,1,49.99,48.49,REFUND,REFUNDED,SIMULATED return linked to an AdventureWorks order line,synthetic_extension,1.0.0,BASELINE,20260728,2026-07-28T00:00:00.000Z
RET-001357,SO64519,5,SHP-017685,20835,231,3,8,100,RR-001,2013-09-18,2013-09-25,2013-09-27,1,1,49.99,48.49,REFUND,REFUNDED,SIMULATED return linked to an AdventureWorks order line,synthetic_extension,1.0.0,BASELINE,20260728,2026-07-28T00:00:00.000Z
RET-001358,SO64525,2,SHP-017691,15730,490,3,9,6,RR-004,2013-09-04,2013-09-09,2013-09-13,1,1,53.99,52.37,REFUND,REFUNDED,SIMULATED return linked to an AdventureWorks order line,synthetic_extension,1.0.0,BASELINE,20260728,2026-07-28T00:00:00.000Z
RET-001359,SO64525,3,SHP-017691,15730,225,3,9,6,RR-005,2013-09-03,2013-09-11,2013-09-12,1,1,8.99,8.72,REFUND,REFUNDED,SIMULATED return linked to an AdventureWorks order line,synthetic_extension,1.0.0,BASELINE,20260728,2026-07-28T00:00:00.000Z
RET-001360,SO64550,1,SHP-017716,11695,490,3,4,100,RR-002,2013-09-05,2013-09-11,2013-09-14,1,1,53.99,52.37,REFUND,REFUNDED,SIMULATED return linked to an AdventureWorks order line,synthetic_extension,1.0.0,BASELINE,20260728,2026-07-28T00:00:00.000Z
RET-001361,SO64563,3,SHP-017729,17953,228,3,7,100,RR-003,2013-09-11,2013-09-21,2013-09-24,1,1,49.99,48.49,REFUND,REFUNDED,SIMULATED return linked to an AdventureWorks order line,synthetic_extension,1.0.0,BASELINE,20260728,2026-07-28T00:00:00.000Z
RET-001362,SO64583,4,SHP-017749,20639,225,3,1,100,RR-001,2013-09-02,2013-09-09,2013-09-11,1,1,8.99,8.72,REFUND,REFUNDED,SIMULATED return linked to an AdventureWorks order line,synthetic_extension,1.0.0,BASELINE,20260728,2026-07-28T00:00:00.000Z
RET-001363,SO64590,1,SHP-017756,15328,355,1,4,100,RR-003,2013-09-11,2013-09-21,2013-09-24,1,1,2319.99,2250.39,REFUND,REFUNDED,SIMULATED return linked to an AdventureWorks order line,synthetic_extension,1.0.0,BASELINE,20260728,2026-07-28T00:00:00.000Z
RET-001364,SO64590,2,SHP-017756,15328,485,4,4,100,RR-004,2013-09-10,2013-09-15,2013-09-19,1,1,21.98,21.32,REFUND,REFUNDED,SIMULATED return linked to an AdventureWorks order line,synthetic_extension,1.0.0,BASELINE,20260728,2026-07-28T00:00:00.000Z
RET-001365,SO64590,3,SHP-017756,15328,465,3,4,100,RR-002,2013-09-09,2013-09-17,2013-09-18,1,1,24.49,23.76,REFUND,REFUNDED,SIMULATED return linked to an AdventureWorks order line,synthetic_extension,1.0.0,BASELINE,20260728,2026-07-28T00:00:00.000Z
RET-001366,SO64590,4,SHP-017756,15328,237,3,4,100,RR-001,2013-09-16,2013-09-19,2013-09-21,1,1,49.99,48.49,REFUND,REFUNDED,SIMULATED return linked to an AdventureWorks order line,synthetic_extension,1.0.0,BASELINE,20260728,2026-07-28T00:00:00.000Z
RET-001367,SO64631,1,SHP-017797,13179,536,4,6,19,RR-003,2013-09-08,2013-09-18,2013-09-21,1,1,29.99,29.09,REFUND,REFUNDED,SIMULATED return linked to an AdventureWorks order line,synthetic_extension,1.0.0,BASELINE,20260728,2026-07-28T00:00:00.000Z
RET-001368,SO64672,1,SHP-017838,28394,382,1,7,100,RR-004,2013-09-14,2013-09-19,2013-09-23,1,1,1120.49,1086.88,REFUND,REFUNDED,SIMULATED return linked to an AdventureWorks order line,synthetic_extension,1.0.0,BASELINE,20260728,2026-07-28T00:00:00.000Z
RET-001369,SO64672,2,SHP-017838,28394,217,4,7,100,RR-003,2013-09-15,2013-09-25,2013-09-28,1,1,34.99,33.94,REFUND,REFUNDED,SIMULATED return linked to an AdventureWorks order line,synthetic_extension,1.0.0,BASELINE,20260728,2026-07-28T00:00:00.000Z
RET-001370,SO64692,1,SHP-017858,12261,353,1,7,100,RR-006,2013-09-13,2013-09-16,2013-09-18,1,1,2319.99,2250.39,REFUND,REFUNDED,SIMULATED return linked to an AdventureWorks order line,synthetic_extension,1.0.0,BASELINE,20260728,2026-07-28T00:00:00.000Z
RET-001371,SO64692,2,SHP-017858,12261,537,4,7,100,RR-005,2013-09-10,2013-09-14,2013-09-15,1,1,35,33.95,REFUND,REFUNDED,SIMULATED return linked to an AdventureWorks order line,synthetic_extension,1.0.0,BASELINE,20260728,2026-07-28T00:00:00.000Z
RET-001372,SO64692,3,SHP-017858,12261,528,4,7,100,RR-004,2013-09-11,2013-09-20,2013-09-24,1,1,4.99,4.84,REFUND,REFUNDED,SIMULATED return linked to an AdventureWorks order line,synthetic_extension,1.0.0,BASELINE,20260728,2026-07-28T00:00:00.000Z
RET-001373,SO64694,1,SHP-017860,28229,529,4,4,100,RR-004,2013-09-03,2013-09-08,2013-09-12,1,1,3.99,3.87,REFUND,REFUNDED,SIMULATED return linked to an AdventureWorks order line,synthetic_extension,1.0.0,BASELINE,20260728,2026-07-28T00:00:00.000Z
RET-001374,SO64694,2,SHP-017860,28229,538,4,4,100,RR-003,2013-09-04,2013-09-14,2013-09-17,1,1,21.49,20.85,REFUND,REFUNDED,SIMULATED return linked to an AdventureWorks order line,synthetic_extension,1.0.0,BASELINE,20260728,2026-07-28T00:00:00.000Z
RET-001375,SO64694,3,SHP-017860,28229,480,4,4,100,RR-006,2013-09-05,2013-09-12,2013-09-14,1,1,2.29,2.22,REFUND,REFUNDED,SIMULATED return linked to an AdventureWorks order line,synthetic_extension,1.0.0,BASELINE,20260728,2026-07-28T00:00:00.000Z
RET-001376,SO64721,1,SHP-017887,13959,353,1,9,6,RR-005,2013-09-07,2013-09-11,2013-09-12,1,1,2319.99,2250.39,REFUND,REFUNDED,SIMULATED return linked to an AdventureWorks order line,synthetic_extension,1.0.0,BASELINE,20260728,2026-07-28T00:00:00.000Z
RET-001377,SO64778,1,SHP-017944,23788,577,1,4,100,RR-003,2013-09-06,2013-09-12,2013-09-15,1,1,1214.85,1178.4,REFUND,REFUNDED,SIMULATED return linked to an AdventureWorks order line,synthetic_extension,1.0.0,BASELINE,20260728,2026-07-28T00:00:00.000Z
RET-001378,SO64795,1,SHP-017961,24580,599,1,8,100,RR-004,2013-09-17,2013-09-26,2013-09-30,1,1,539.99,523.79,REFUND,REFUNDED,SIMULATED return linked to an AdventureWorks order line,synthetic_extension,1.0.0,BASELINE,20260728,2026-07-28T00:00:00.000Z
RET-001379,SO64798,2,SHP-017964,17894,225,3,7,100,RR-001,2013-09-14,2013-09-17,2013-09-19,1,1,8.99,8.72,REFUND,REFUNDED,SIMULATED return linked to an AdventureWorks order line,synthetic_extension,1.0.0,BASELINE,20260728,2026-07-28T00:00:00.000Z
RET-001380,SO64807,1,SHP-017973,28012,530,4,1,100,RR-006,2013-09-22,2013-09-29,2013-10-01,1,1,4.99,4.84,REFUND,REFUNDED,SIMULATED return linked to an AdventureWorks order line,synthetic_extension,1.0.0,BASELINE,20260728,2026-07-28T00:00:00.000Z
RET-001381,SO64807,2,SHP-017973,28012,480,4,1,100,RR-005,2013-09-19,2013-09-27,2013-09-28,1,1,2.29,2.22,REFUND,REFUNDED,SIMULATED return linked to an AdventureWorks order line,synthetic_extension,1.0.0,BASELINE,20260728,2026-07-28T00:00:00.000Z
RET-001382,SO64810,1,SHP-017976,25168,540,4,4,100,RR-006,2013-09-19,2013-09-22,2013-09-24,1,1,32.6,31.62,REFUND,REFUNDED,SIMULATED return linked to an AdventureWorks order line,synthetic_extension,1.0.0,BASELINE,20260728,2026-07-28T00:00:00.000Z
RET-001383,SO64837,1,SHP-018003,13705,591,1,1,100,RR-003,2013-09-21,2013-09-27,2013-09-30,1,1,564.99,548.04,REFUND,REFUNDED,SIMULATED return linked to an AdventureWorks order line,synthetic_extension,1.0.0,BASELINE,20260728,2026-07-28T00:00:00.000Z
RET-001384,SO64837,2,SHP-018003,13705,478,4,1,100,RR-004,2013-09-20,2013-09-29,2013-10-03,1,1,9.99,9.69,REFUND,REFUNDED,SIMULATED return linked to an AdventureWorks order line,synthetic_extension,1.0.0,BASELINE,20260728,2026-07-28T00:00:00.000Z
RET-001385,SO64855,1,SHP-018021,19673,537,4,9,6,RR-003,2013-09-22,2013-10-02,2013-10-05,1,1,35,33.95,REFUND,REFUNDED,SIMULATED return linked to an AdventureWorks order line,synthetic_extension,1.0.0,BASELINE,20260728,2026-07-28T00:00:00.000Z
RET-001386,SO64855,2,SHP-018021,19673,480,4,9,6,RR-004,2013-09-21,2013-09-26,2013-09-30,1,1,2.29,2.22,REFUND,REFUNDED,SIMULATED return linked to an AdventureWorks order line,synthetic_extension,1.0.0,BASELINE,20260728,2026-07-28T00:00:00.000Z
RET-001387,SO64870,1,SHP-018036,22967,478,4,1,100,RR-004,2013-09-11,2013-09-16,2013-09-20,1,1,9.99,9.69,REFUND,REFUNDED,SIMULATED return linked to an AdventureWorks order line,synthetic_extension,1.0.0,BASELINE,20260728,2026-07-28T00:00:00.000Z
RET-001388,SO64870,2,SHP-018036,22967,477,4,1,100,RR-003,2013-09-12,2013-09-22,2013-09-25,1,1,4.99,4.84,REFUND,REFUNDED,SIMULATED return linked to an AdventureWorks order line,synthetic_extension,1.0.0,BASELINE,20260728,2026-07-28T00:00:00.000Z
RET-001389,SO64879,1,SHP-018045,28538,541,4,8,100,RR-005,2013-09-26,2013-09-30,2013-10-01,1,1,28.99,28.12,REFUND,REFUNDED,SIMULATED return linked to an AdventureWorks order line,synthetic_extension,1.0.0,BASELINE,20260728,2026-07-28T00:00:00.000Z
RET-001390,SO64879,2,SHP-018045,28538,530,4,8,100,RR-006,2013-09-11,2013-09-14,2013-09-16,1,1,4.99,4.84,REFUND,REFUNDED,SIMULATED return linked to an AdventureWorks order line,synthetic_extension,1.0.0,BASELINE,20260728,2026-07-28T00:00:00.000Z
RET-001391,SO64879,3,SHP-018045,28538,480,4,8,100,RR-003,2013-09-10,2013-09-16,2013-09-19,1,1,2.29,2.22,REFUND,REFUNDED,SIMULATED return linked to an AdventureWorks order line,synthetic_extension,1.0.0,BASELINE,20260728,2026-07-28T00:00:00.000Z
RET-001392,SO64906,1,SHP-018072,17968,594,1,10,98,RR-006,2013-09-15,2013-09-22,2013-09-24,1,1,564.99,548.04,REFUND,REFUNDED,SIMULATED return linked to an AdventureWorks order line,synthetic_extension,1.0.0,BASELINE,20260728,2026-07-28T00:00:00.000Z
RET-001393,SO64906,2,SHP-018072,17968,217,4,10,98,RR-005,2013-09-12,2013-09-20,2013-09-21,1,1,34.99,33.94,REFUND,REFUNDED,SIMULATED return linked to an AdventureWorks order line,synthetic_extension,1.0.0,BASELINE,20260728,2026-07-28T00:00:00.000Z
RET-001394,SO64907,2,SHP-018073,29270,484,4,1,100,RR-004,2013-09-16,2013-09-25,2013-09-29,1,1,7.95,7.71,REFUND,REFUNDED,SIMULATED return linked to an AdventureWorks order line,synthetic_extension,1.0.0,BASELINE,20260728,2026-07-28T00:00:00.000Z
RET-001395,SO64921,3,SHP-018087,16386,234,3,10,98,RR-002,2013-09-13,2013-09-21,2013-09-22,1,1,49.99,48.49,REFUND,REFUNDED,SIMULATED return linked to an AdventureWorks order line,synthetic_extension,1.0.0,BASELINE,20260728,2026-07-28T00:00:00.000Z
RET-001396,SO64956,2,SHP-018122,28718,488,3,9,6,RR-006,2013-09-17,2013-09-20,2013-09-22,1,1,53.99,52.37,REFUND,REFUNDED,SIMULATED return linked to an AdventureWorks order line,synthetic_extension,1.0.0,BASELINE,20260728,2026-07-28T00:00:00.000Z
RET-001397,SO64956,3,SHP-018122,28718,225,3,9,6,RR-003,2013-09-16,2013-09-22,2013-09-25,1,1,8.99,8.72,REFUND,REFUNDED,SIMULATED return linked to an AdventureWorks order line,synthetic_extension,1.0.0,BASELINE,20260728,2026-07-28T00:00:00.000Z
RET-001398,SO64969,1,SHP-018135,26459,528,4,1,100,RR-003,2013-09-19,2013-09-25,2013-09-28,1,1,4.99,4.84,REFUND,REFUNDED,SIMULATED return linked to an AdventureWorks order line,synthetic_extension,1.0.0,BASELINE,20260728,2026-07-28T00:00:00.000Z
RET-001399,SO64969,2,SHP-018135,26459,535,4,1,100,RR-004,2013-09-18,2013-09-27,2013-10-01,1,1,24.99,24.24,REFUND,REFUNDED,SIMULATED return linked to an AdventureWorks order line,synthetic_extension,1.0.0,BASELINE,20260728,2026-07-28T00:00:00.000Z
RET-001400,SO64969,3,SHP-018135,26459,222,4,1,100,RR-005,2013-09-17,2013-09-21,2013-09-22,1,1,34.99,33.94,REFUND,REFUNDED,SIMULATED return linked to an AdventureWorks order line,synthetic_extension,1.0.0,BASELINE,20260728,2026-07-28T00:00:00.000Z
RET-001401,SO64972,1,SHP-018138,11833,540,4,6,19,RR-003,2013-09-18,2013-09-24,2013-09-27,1,1,32.6,31.62,REFUND,REFUNDED,SIMULATED return linked to an AdventureWorks order line,synthetic_extension,1.0.0,BASELINE,20260728,2026-07-28T00:00:00.000Z
RET-001402,SO64972,2,SHP-018138,11833,529,4,6,19,RR-004,2013-09-17,2013-09-26,2013-09-30,1,1,3.99,3.87,REFUND,REFUNDED,SIMULATED return linked to an AdventureWorks order line,synthetic_extension,1.0.0,BASELINE,20260728,2026-07-28T00:00:00.000Z
RET-001403,SO64972,3,SHP-018138,11833,231,3,6,19,RR-002,2013-09-16,2013-09-20,2013-09-21,1,1,49.99,48.49,REFUND,REFUNDED,SIMULATED return linked to an AdventureWorks order line,synthetic_extension,1.0.0,BASELINE,20260728,2026-07-28T00:00:00.000Z
RET-001404,SO64985,1,SHP-018151,14004,485,4,4,100,RR-005,2013-09-20,2013-09-24,2013-09-25,1,1,21.98,21.32,REFUND,REFUNDED,SIMULATED return linked to an AdventureWorks order line,synthetic_extension,1.0.0,BASELINE,20260728,2026-07-28T00:00:00.000Z
RET-001405,SO64985,2,SHP-018151,14004,217,4,4,100,RR-006,2013-09-23,2013-09-26,2013-09-28,1,1,34.99,33.94,REFUND,REFUNDED,SIMULATED return linked to an AdventureWorks order line,synthetic_extension,1.0.0,BASELINE,20260728,2026-07-28T00:00:00.000Z
RET-001406,SO65000,5,SHP-018166,16678,234,3,6,19,RR-006,2013-09-12,2013-09-19,2013-09-21,1,1,49.99,48.49,REFUND,REFUNDED,SIMULATED return linked to an AdventureWorks order line,synthetic_extension,1.0.0,BASELINE,20260728,2026-07-28T00:00:00.000Z
RET-001407,SO65075,1,SHP-018241,26320,576,1,4,100,RR-006,2013-09-22,2013-09-29,2013-10-01,1,1,2384.07,2312.55,REFUND,REFUNDED,SIMULATED return linked to an AdventureWorks order line,synthetic_extension,1.0.0,BASELINE,20260728,2026-07-28T00:00:00.000Z
RET-001408,SO65075,2,SHP-018241,26320,482,3,4,100,RR-002,2013-09-19,2013-09-27,2013-09-28,1,1,8.99,8.72,REFUND,REFUNDED,SIMULATED return linked to an AdventureWorks order line,synthetic_extension,1.0.0,BASELINE,20260728,2026-07-28T00:00:00.000Z
RET-001409,SO65112,1,SHP-018276,19020,476,3,4,100,RR-006,2013-09-24,2013-10-01,2013-10-03,1,1,69.99,67.89,REFUND,REFUNDED,SIMULATED return linked to an AdventureWorks order line,synthetic_extension,1.0.0,BASELINE,20260728,2026-07-28T00:00:00.000Z
RET-001410,SO65112,2,SHP-018276,19020,490,3,4,100,RR-005,2013-09-21,2013-09-29,2013-09-30,1,1,53.99,52.37,REFUND,REFUNDED,SIMULATED return linked to an AdventureWorks order line,synthetic_extension,1.0.0,BASELINE,20260728,2026-07-28T00:00:00.000Z
RET-001411,SO65147,2,SHP-018311,26326,225,3,4,100,RR-002,2013-09-18,2013-09-24,2013-09-27,1,1,8.99,8.72,REFUND,REFUNDED,SIMULATED return linked to an AdventureWorks order line,synthetic_extension,1.0.0,BASELINE,20260728,2026-07-28T00:00:00.000Z
RET-001412,SO65337,1,SHP-018328,18160,359,1,10,98,RR-003,2013-09-27,2013-10-03,2013-10-06,1,1,2294.99,2226.14,REFUND,REFUNDED,SIMULATED return linked to an AdventureWorks order line,synthetic_extension,1.0.0,BASELINE,20260728,2026-07-28T00:00:00.000Z
RET-001413,SO65337,2,SHP-018328,18160,478,4,10,98,RR-004,2013-09-26,2013-10-05,2013-10-09,1,1,9.99,9.69,REFUND,REFUNDED,SIMULATED return linked to an AdventureWorks order line,synthetic_extension,1.0.0,BASELINE,20260728,2026-07-28T00:00:00.000Z
RET-001414,SO65348,3,SHP-018339,15008,225,3,6,19,RR-003,2013-09-17,2013-09-23,2013-09-26,1,1,8.99,8.72,REFUND,REFUNDED,SIMULATED return linked to an AdventureWorks order line,synthetic_extension,1.0.0,BASELINE,20260728,2026-07-28T00:00:00.000Z
RET-001415,SO65355,1,SHP-018346,22026,528,4,6,19,RR-003,2013-09-27,2013-10-07,2013-10-10,1,1,4.99,4.84,REFUND,REFUNDED,SIMULATED return linked to an AdventureWorks order line,synthetic_extension,1.0.0,BASELINE,20260728,2026-07-28T00:00:00.000Z
RET-001416,SO65355,2,SHP-018346,22026,222,4,6,19,RR-004,2013-09-26,2013-10-01,2013-10-05,1,1,34.99,33.94,REFUND,REFUNDED,SIMULATED return linked to an AdventureWorks order line,synthetic_extension,1.0.0,BASELINE,20260728,2026-07-28T00:00:00.000Z
RET-001417,SO65369,1,SHP-018360,15878,485,4,6,19,RR-006,2013-09-23,2013-09-26,2013-09-28,1,1,21.98,21.32,REFUND,REFUNDED,SIMULATED return linked to an AdventureWorks order line,synthetic_extension,1.0.0,BASELINE,20260728,2026-07-28T00:00:00.000Z
RET-001418,SO65369,2,SHP-018360,15878,487,4,6,19,RR-005,2013-09-20,2013-09-24,2013-09-25,1,1,54.99,53.34,REFUND,REFUNDED,SIMULATED return linked to an AdventureWorks order line,synthetic_extension,1.0.0,BASELINE,20260728,2026-07-28T00:00:00.000Z
RET-001419,SO65440,1,SHP-018431,24169,584,1,9,6,RR-006,2013-09-22,2013-09-25,2013-09-27,1,1,539.99,523.79,REFUND,REFUNDED,SIMULATED return linked to an AdventureWorks order line,synthetic_extension,1.0.0,BASELINE,20260728,2026-07-28T00:00:00.000Z
RET-001420,SO65440,2,SHP-018431,24169,479,4,9,6,RR-005,2013-09-19,2013-09-23,2013-09-24,1,1,8.99,8.72,REFUND,REFUNDED,SIMULATED return linked to an AdventureWorks order line,synthetic_extension,1.0.0,BASELINE,20260728,2026-07-28T00:00:00.000Z
RET-001421,SO65440,3,SHP-018431,24169,477,4,9,6,RR-004,2013-09-20,2013-09-29,2013-10-03,1,1,4.99,4.84,REFUND,REFUNDED,SIMULATED return linked to an AdventureWorks order line,synthetic_extension,1.0.0,BASELINE,20260728,2026-07-28T00:00:00.000Z
RET-001422,SO65499,1,SHP-018490,22373,564,1,6,19,RR-004,2013-09-29,2013-10-04,2013-10-08,1,1,2384.07,2312.55,REFUND,REFUNDED,SIMULATED return linked to an AdventureWorks order line,synthetic_extension,1.0.0,BASELINE,20260728,2026-07-28T00:00:00.000Z
RET-001423,SO65499,2,SHP-018490,22373,479,4,6,19,RR-003,2013-09-30,2013-10-10,2013-10-13,1,1,8.99,8.72,REFUND,REFUNDED,SIMULATED return linked to an AdventureWorks order line,synthetic_extension,1.0.0,BASELINE,20260728,2026-07-28T00:00:00.000Z
RET-001424,SO65499,3,SHP-018490,22373,477,4,6,19,RR-006,2013-10-01,2013-10-08,2013-10-10,1,1,4.99,4.84,REFUND,REFUNDED,SIMULATED return linked to an AdventureWorks order line,synthetic_extension,1.0.0,BASELINE,20260728,2026-07-28T00:00:00.000Z
RET-001425,SO65511,2,SHP-018502,17849,237,3,10,98,RR-006,2013-09-19,2013-09-26,2013-09-28,1,1,49.99,48.49,REFUND,REFUNDED,SIMULATED return linked to an AdventureWorks order line,synthetic_extension,1.0.0,BASELINE,20260728,2026-07-28T00:00:00.000Z
RET-001426,SO65511,3,SHP-018502,17849,467,3,10,98,RR-003,2013-09-18,2013-09-28,2013-10-01,1,1,24.49,23.76,REFUND,REFUNDED,SIMULATED return linked to an AdventureWorks order line,synthetic_extension,1.0.0,BASELINE,20260728,2026-07-28T00:00:00.000Z
RET-001427,SO65548,1,SHP-018539,27692,471,3,9,6,RR-002,2013-09-16,2013-09-26,2013-09-29,1,1,63.5,61.59,REFUND,REFUNDED,SIMULATED return linked to an AdventureWorks order line,synthetic_extension,1.0.0,BASELINE,20260728,2026-07-28T00:00:00.000Z
RET-001428,SO65581,1,SHP-018572,17265,477,4,4,100,RR-006,2013-09-18,2013-09-25,2013-09-27,1,1,4.99,4.84,REFUND,REFUNDED,SIMULATED return linked to an AdventureWorks order line,synthetic_extension,1.0.0,BASELINE,20260728,2026-07-28T00:00:00.000Z
RET-001429,SO65588,3,SHP-018579,14691,234,3,7,100,RR-002,2013-10-03,2013-10-07,2013-10-08,1,1,49.99,48.49,REFUND,REFUNDED,SIMULATED return linked to an AdventureWorks order line,synthetic_extension,1.0.0,BASELINE,20260728,2026-07-28T00:00:00.000Z
RET-001430,SO65600,1,SHP-018591,12558,478,4,8,100,RR-004,2013-10-01,2013-10-06,2013-10-10,1,1,9.99,9.69,REFUND,REFUNDED,SIMULATED return linked to an AdventureWorks order line,synthetic_extension,1.0.0,BASELINE,20260728,2026-07-28T00:00:00.000Z
RET-001431,SO65642,1,SHP-018633,11631,480,4,6,19,RR-006,2013-10-06,2013-10-09,2013-10-11,1,1,2.29,2.22,REFUND,REFUNDED,SIMULATED return linked to an AdventureWorks order line,synthetic_extension,1.0.0,BASELINE,20260728,2026-07-28T00:00:00.000Z
RET-001432,SO65644,1,SHP-018635,20756,535,4,6,19,RR-004,2013-09-28,2013-10-03,2013-10-07,1,1,24.99,24.24,REFUND,REFUNDED,SIMULATED return linked to an AdventureWorks order line,synthetic_extension,1.0.0,BASELINE,20260728,2026-07-28T00:00:00.000Z
RET-001433,SO65644,2,SHP-018635,20756,480,4,6,19,RR-003,2013-09-29,2013-10-09,2013-10-12,1,1,2.29,2.22,REFUND,REFUNDED,SIMULATED return linked to an AdventureWorks order line,synthetic_extension,1.0.0,BASELINE,20260728,2026-07-28T00:00:00.000Z
RET-001434,SO65662,1,SHP-018653,24082,530,4,7,100,RR-004,2013-09-22,2013-10-01,2013-10-05,1,1,4.99,4.84,REFUND,REFUNDED,SIMULATED return linked to an AdventureWorks order line,synthetic_extension,1.0.0,BASELINE,20260728,2026-07-28T00:00:00.000Z
RET-001435,SO65662,2,SHP-018653,24082,222,4,7,100,RR-003,2013-09-23,2013-09-29,2013-10-02,1,1,34.99,33.94,REFUND,REFUNDED,SIMULATED return linked to an AdventureWorks order line,synthetic_extension,1.0.0,BASELINE,20260728,2026-07-28T00:00:00.000Z
RET-001436,SO65720,1,SHP-018711,18065,485,4,6,19,RR-003,2013-09-23,2013-10-03,2013-10-06,1,1,21.98,21.32,REFUND,REFUNDED,SIMULATED return linked to an AdventureWorks order line,synthetic_extension,1.0.0,BASELINE,20260728,2026-07-28T00:00:00.000Z
RET-001437,SO65720,2,SHP-018711,18065,472,3,6,19,RR-004,2013-09-22,2013-09-27,2013-10-01,1,1,63.5,61.59,REFUND,REFUNDED,SIMULATED return linked to an AdventureWorks order line,synthetic_extension,1.0.0,BASELINE,20260728,2026-07-28T00:00:00.000Z
RET-001438,SO65739,4,SHP-018730,18080,484,4,4,100,RR-004,2013-09-22,2013-09-27,2013-10-01,1,1,7.95,7.71,REFUND,REFUNDED,SIMULATED return linked to an AdventureWorks order line,synthetic_extension,1.0.0,BASELINE,20260728,2026-07-28T00:00:00.000Z
RET-001439,SO65747,1,SHP-018738,18167,353,1,8,100,RR-006,2013-09-30,2013-10-07,2013-10-09,1,1,2319.99,2250.39,REFUND,REFUNDED,SIMULATED return linked to an AdventureWorks order line,synthetic_extension,1.0.0,BASELINE,20260728,2026-07-28T00:00:00.000Z
RET-001440,SO65771,3,SHP-018762,12897,231,3,4,100,RR-002,2013-09-28,2013-10-08,2013-10-11,1,1,49.99,48.49,REFUND,REFUNDED,SIMULATED return linked to an AdventureWorks order line,synthetic_extension,1.0.0,BASELINE,20260728,2026-07-28T00:00:00.000Z
RET-001441,SO65832,4,SHP-018823,15930,225,3,7,100,RR-001,2013-10-04,2013-10-09,2013-10-13,1,1,8.99,8.72,REFUND,REFUNDED,SIMULATED return linked to an AdventureWorks order line,synthetic_extension,1.0.0,BASELINE,20260728,2026-07-28T00:00:00.000Z
RET-001442,SO65846,1,SHP-018837,13061,467,3,4,100,RR-001,2013-10-04,2013-10-13,2013-10-17,1,1,24.49,23.76,REFUND,REFUNDED,SIMULATED return linked to an AdventureWorks order line,synthetic_extension,1.0.0,BASELINE,20260728,2026-07-28T00:00:00.000Z
RET-001443,SO65857,1,SHP-018848,21558,372,1,9,6,RR-006,2013-09-23,2013-09-26,2013-09-28,1,1,2443.35,2370.05,REFUND,REFUNDED,SIMULATED return linked to an AdventureWorks order line,synthetic_extension,1.0.0,BASELINE,20260728,2026-07-28T00:00:00.000Z
RET-001444,SO65882,1,SHP-018873,11215,231,3,6,19,RR-004,2013-10-04,2013-10-13,2013-10-17,1,1,49.99,48.49,REFUND,REFUNDED,SIMULATED return linked to an AdventureWorks order line,synthetic_extension,1.0.0,BASELINE,20260728,2026-07-28T00:00:00.000Z
RET-001445,SO65904,1,SHP-018895,28045,476,3,6,19,RR-002,2013-09-30,2013-10-06,2013-10-09,1,1,69.99,67.89,REFUND,REFUNDED,SIMULATED return linked to an AdventureWorks order line,synthetic_extension,1.0.0,BASELINE,20260728,2026-07-28T00:00:00.000Z
RET-001446,SO65904,2,SHP-018895,28045,228,3,6,19,RR-001,2013-09-29,2013-10-08,2013-10-12,1,1,49.99,48.49,REFUND,REFUNDED,SIMULATED return linked to an AdventureWorks order line,synthetic_extension,1.0.0,BASELINE,20260728,2026-07-28T00:00:00.000Z
RET-001447,SO65914,1,SHP-018905,19508,529,4,7,100,RR-004,2013-09-24,2013-10-03,2013-10-07,1,1,3.99,3.87,REFUND,REFUNDED,SIMULATED return linked to an AdventureWorks order line,synthetic_extension,1.0.0,BASELINE,20260728,2026-07-28T00:00:00.000Z
RET-001448,SO65914,2,SHP-018905,19508,480,4,7,100,RR-003,2013-09-25,2013-10-01,2013-10-04,1,1,2.29,2.22,REFUND,REFUNDED,SIMULATED return linked to an AdventureWorks order line,synthetic_extension,1.0.0,BASELINE,20260728,2026-07-28T00:00:00.000Z
RET-001449,SO65937,3,SHP-018928,17915,234,3,9,6,RR-002,2013-09-24,2013-10-04,2013-10-07,1,1,49.99,48.49,REFUND,REFUNDED,SIMULATED return linked to an AdventureWorks order line,synthetic_extension,1.0.0,BASELINE,20260728,2026-07-28T00:00:00.000Z
RET-001450,SO65937,4,SHP-018928,17915,225,3,9,6,RR-001,2013-09-27,2013-10-06,2013-10-10,1,1,8.99,8.72,REFUND,REFUNDED,SIMULATED return linked to an AdventureWorks order line,synthetic_extension,1.0.0,BASELINE,20260728,2026-07-28T00:00:00.000Z
RET-001451,SO65942,1,SHP-018933,18277,380,1,9,6,RR-005,2013-09-26,2013-09-30,2013-10-01,1,1,2443.35,2370.05,REFUND,REFUNDED,SIMULATED return linked to an AdventureWorks order line,synthetic_extension,1.0.0,BASELINE,20260728,2026-07-28T00:00:00.000Z
RET-001452,SO65942,4,SHP-018933,18277,217,4,9,6,RR-004,2013-09-23,2013-09-28,2013-10-02,1,1,34.99,33.94,REFUND,REFUNDED,SIMULATED return linked to an AdventureWorks order line,synthetic_extension,1.0.0,BASELINE,20260728,2026-07-28T00:00:00.000Z
RET-001453,SO65950,1,SHP-018941,18139,357,1,8,100,RR-004,2013-10-05,2013-10-14,2013-10-18,1,1,2319.99,2250.39,REFUND,REFUNDED,SIMULATED return linked to an AdventureWorks order line,synthetic_extension,1.0.0,BASELINE,20260728,2026-07-28T00:00:00.000Z
RET-001454,SO65950,2,SHP-018941,18139,485,4,8,100,RR-003,2013-10-06,2013-10-12,2013-10-15,1,1,21.98,21.32,REFUND,REFUNDED,SIMULATED return linked to an AdventureWorks order line,synthetic_extension,1.0.0,BASELINE,20260728,2026-07-28T00:00:00.000Z
RET-001455,SO65950,3,SHP-018941,18139,478,4,8,100,RR-006,2013-10-07,2013-10-10,2013-10-12,1,1,9.99,9.69,REFUND,REFUNDED,SIMULATED return linked to an AdventureWorks order line,synthetic_extension,1.0.0,BASELINE,20260728,2026-07-28T00:00:00.000Z
RET-001456,SO65979,2,SHP-018970,13863,228,3,4,100,RR-001,2013-09-30,2013-10-05,2013-10-09,1,1,49.99,48.49,REFUND,REFUNDED,SIMULATED return linked to an AdventureWorks order line,synthetic_extension,1.0.0,BASELINE,20260728,2026-07-28T00:00:00.000Z
RET-001457,SO65987,1,SHP-018978,23627,529,4,8,100,RR-004,2013-10-09,2013-10-14,2013-10-18,1,1,3.99,3.87,REFUND,REFUNDED,SIMULATED return linked to an AdventureWorks order line,synthetic_extension,1.0.0,BASELINE,20260728,2026-07-28T00:00:00.000Z
RET-001458,SO65987,2,SHP-018978,23627,217,4,8,100,RR-003,2013-10-10,2013-10-20,2013-10-23,1,1,34.99,33.94,REFUND,REFUNDED,SIMULATED return linked to an AdventureWorks order line,synthetic_extension,1.0.0,BASELINE,20260728,2026-07-28T00:00:00.000Z
RET-001459,SO66005,1,SHP-018996,11432,576,1,7,100,RR-006,2013-09-29,2013-10-02,2013-10-04,1,1,2384.07,2312.55,REFUND,REFUNDED,SIMULATED return linked to an AdventureWorks order line,synthetic_extension,1.0.0,BASELINE,20260728,2026-07-28T00:00:00.000Z
RET-001460,SO66005,2,SHP-018996,11432,222,4,7,100,RR-005,2013-09-26,2013-09-30,2013-10-01,1,1,34.99,33.94,REFUND,REFUNDED,SIMULATED return linked to an AdventureWorks order line,synthetic_extension,1.0.0,BASELINE,20260728,2026-07-28T00:00:00.000Z
RET-001461,SO66005,3,SHP-018996,11432,231,3,7,100,RR-001,2013-09-27,2013-10-06,2013-10-10,1,1,49.99,48.49,REFUND,REFUNDED,SIMULATED return linked to an AdventureWorks order line,synthetic_extension,1.0.0,BASELINE,20260728,2026-07-28T00:00:00.000Z
RET-001462,SO66020,1,SHP-019011,16205,359,1,7,100,RR-005,2013-10-06,2013-10-14,2013-10-15,1,1,2294.99,2226.14,REFUND,REFUNDED,SIMULATED return linked to an AdventureWorks order line,synthetic_extension,1.0.0,BASELINE,20260728,2026-07-28T00:00:00.000Z
RET-001463,SO66020,2,SHP-019011,16205,485,4,7,100,RR-006,2013-10-09,2013-10-16,2013-10-18,1,1,21.98,21.32,REFUND,REFUNDED,SIMULATED return linked to an AdventureWorks order line,synthetic_extension,1.0.0,BASELINE,20260728,2026-07-28T00:00:00.000Z
RET-001464,SO66021,4,SHP-019012,18183,484,4,8,100,RR-005,2013-10-09,2013-10-17,2013-10-18,1,1,7.95,7.71,REFUND,REFUNDED,SIMULATED return linked to an AdventureWorks order line,synthetic_extension,1.0.0,BASELINE,20260728,2026-07-28T00:00:00.000Z
RET-001465,SO66029,1,SHP-019020,13034,465,3,9,6,RR-001,2013-10-10,2013-10-19,2013-10-23,1,1,24.49,23.76,REFUND,REFUNDED,SIMULATED return linked to an AdventureWorks order line,synthetic_extension,1.0.0,BASELINE,20260728,2026-07-28T00:00:00.000Z
RET-001466,SO66029,2,SHP-019020,13034,222,4,9,6,RR-003,2013-10-11,2013-10-17,2013-10-20,1,1,34.99,33.94,REFUND,REFUNDED,SIMULATED return linked to an AdventureWorks order line,synthetic_extension,1.0.0,BASELINE,20260728,2026-07-28T00:00:00.000Z
RET-001467,SO66053,1,SHP-019044,16079,363,1,4,100,RR-003,2013-10-02,2013-10-08,2013-10-11,1,1,2294.99,2226.14,REFUND,REFUNDED,SIMULATED return linked to an AdventureWorks order line,synthetic_extension,1.0.0,BASELINE,20260728,2026-07-28T00:00:00.000Z
RET-001468,SO66053,2,SHP-019044,16079,485,4,4,100,RR-004,2013-10-01,2013-10-10,2013-10-14,1,1,21.98,21.32,REFUND,REFUNDED,SIMULATED return linked to an AdventureWorks order line,synthetic_extension,1.0.0,BASELINE,20260728,2026-07-28T00:00:00.000Z
RET-001469,SO66053,3,SHP-019044,16079,484,4,4,100,RR-005,2013-09-30,2013-10-04,2013-10-05,1,1,7.95,7.71,REFUND,REFUNDED,SIMULATED return linked to an AdventureWorks order line,synthetic_extension,1.0.0,BASELINE,20260728,2026-07-28T00:00:00.000Z
RET-001470,SO66055,3,SHP-019046,15952,237,3,1,100,RR-003,2013-10-07,2013-10-17,2013-10-20,1,1,49.99,48.49,REFUND,REFUNDED,SIMULATED return linked to an AdventureWorks order line,synthetic_extension,1.0.0,BASELINE,20260728,2026-07-28T00:00:00.000Z
RET-001471,SO66076,1,SHP-019067,11429,563,1,7,100,RR-004,2013-10-04,2013-10-13,2013-10-17,1,1,2384.07,2312.55,REFUND,REFUNDED,SIMULATED return linked to an AdventureWorks order line,synthetic_extension,1.0.0,BASELINE,20260728,2026-07-28T00:00:00.000Z
RET-001472,SO66076,4,SHP-019067,11429,222,4,7,100,RR-005,2013-09-29,2013-10-07,2013-10-08,1,1,34.99,33.94,REFUND,REFUNDED,SIMULATED return linked to an AdventureWorks order line,synthetic_extension,1.0.0,BASELINE,20260728,2026-07-28T00:00:00.000Z
RET-001473,SO66084,1,SHP-019075,22916,477,4,9,6,RR-003,2013-09-27,2013-10-07,2013-10-10,1,1,4.99,4.84,REFUND,REFUNDED,SIMULATED return linked to an AdventureWorks order line,synthetic_extension,1.0.0,BASELINE,20260728,2026-07-28T00:00:00.000Z
RET-001474,SO66084,2,SHP-019075,22916,491,3,9,6,RR-004,2013-09-26,2013-10-01,2013-10-05,1,1,53.99,52.37,REFUND,REFUNDED,SIMULATED return linked to an AdventureWorks order line,synthetic_extension,1.0.0,BASELINE,20260728,2026-07-28T00:00:00.000Z
RET-001475,SO66085,1,SHP-019076,19675,537,4,9,6,RR-006,2013-10-07,2013-10-10,2013-10-12,1,1,35,33.95,REFUND,REFUNDED,SIMULATED return linked to an AdventureWorks order line,synthetic_extension,1.0.0,BASELINE,20260728,2026-07-28T00:00:00.000Z
RET-001476,SO66085,3,SHP-019076,19675,486,4,9,6,RR-004,2013-10-05,2013-10-14,2013-10-18,1,1,159,154.23,REFUND,REFUNDED,SIMULATED return linked to an AdventureWorks order line,synthetic_extension,1.0.0,BASELINE,20260728,2026-07-28T00:00:00.000Z
RET-001477,SO66104,1,SHP-019095,23814,536,4,4,100,RR-006,2013-10-08,2013-10-11,2013-10-13,1,1,29.99,29.09,REFUND,REFUNDED,SIMULATED return linked to an AdventureWorks order line,synthetic_extension,1.0.0,BASELINE,20260728,2026-07-28T00:00:00.000Z
RET-001478,SO66111,1,SHP-019102,28157,528,4,6,19,RR-004,2013-09-27,2013-10-02,2013-10-06,1,1,4.99,4.84,REFUND,REFUNDED,SIMULATED return linked to an AdventureWorks order line,synthetic_extension,1.0.0,BASELINE,20260728,2026-07-28T00:00:00.000Z
RET-001479,SO66111,2,SHP-019102,28157,480,4,6,19,RR-003,2013-09-28,2013-10-08,2013-10-11,1,1,2.29,2.22,REFUND,REFUNDED,SIMULATED return linked to an AdventureWorks order line,synthetic_extension,1.0.0,BASELINE,20260728,2026-07-28T00:00:00.000Z
RET-001480,SO66126,2,SHP-019117,11269,528,4,4,100,RR-005,2013-10-04,2013-10-08,2013-10-09,1,1,4.99,4.84,REFUND,REFUNDED,SIMULATED return linked to an AdventureWorks order line,synthetic_extension,1.0.0,BASELINE,20260728,2026-07-28T00:00:00.000Z
RET-001481,SO66152,1,SHP-019143,11482,576,1,10,98,RR-003,2013-10-01,2013-10-11,2013-10-14,1,1,2384.07,2312.55,REFUND,REFUNDED,SIMULATED return linked to an AdventureWorks order line,synthetic_extension,1.0.0,BASELINE,20260728,2026-07-28T00:00:00.000Z
RET-001482,SO66152,2,SHP-019143,11482,541,4,10,98,RR-004,2013-09-30,2013-10-05,2013-10-09,1,1,28.99,28.12,REFUND,REFUNDED,SIMULATED return linked to an AdventureWorks order line,synthetic_extension,1.0.0,BASELINE,20260728,2026-07-28T00:00:00.000Z
RET-001483,SO66170,1,SHP-019161,19816,476,3,1,100,RR-002,2013-09-29,2013-10-05,2013-10-08,1,1,69.99,67.89,REFUND,REFUNDED,SIMULATED return linked to an AdventureWorks order line,synthetic_extension,1.0.0,BASELINE,20260728,2026-07-28T00:00:00.000Z
RET-001484,SO66170,2,SHP-019161,19816,490,3,1,100,RR-001,2013-09-28,2013-10-07,2013-10-11,1,1,53.99,52.37,REFUND,REFUNDED,SIMULATED return linked to an AdventureWorks order line,synthetic_extension,1.0.0,BASELINE,20260728,2026-07-28T00:00:00.000Z
RET-001485,SO66187,1,SHP-019178,17400,359,1,6,19,RR-005,2013-10-06,2013-10-14,2013-10-15,1,1,2294.99,2226.14,REFUND,REFUNDED,SIMULATED return linked to an AdventureWorks order line,synthetic_extension,1.0.0,BASELINE,20260728,2026-07-28T00:00:00.000Z
RET-001486,SO66187,2,SHP-019178,17400,485,4,6,19,RR-006,2013-10-09,2013-10-16,2013-10-18,1,1,21.98,21.32,REFUND,REFUNDED,SIMULATED return linked to an AdventureWorks order line,synthetic_extension,1.0.0,BASELINE,20260728,2026-07-28T00:00:00.000Z
RET-001487,SO66187,3,SHP-019178,17400,478,4,6,19,RR-003,2013-10-08,2013-10-18,2013-10-21,1,1,9.99,9.69,REFUND,REFUNDED,SIMULATED return linked to an AdventureWorks order line,synthetic_extension,1.0.0,BASELINE,20260728,2026-07-28T00:00:00.000Z
RET-001488,SO66187,4,SHP-019178,17400,477,4,6,19,RR-004,2013-10-11,2013-10-20,2013-10-24,1,1,4.99,4.84,REFUND,REFUNDED,SIMULATED return linked to an AdventureWorks order line,synthetic_extension,1.0.0,BASELINE,20260728,2026-07-28T00:00:00.000Z
RET-001489,SO66213,1,SHP-019204,11807,489,3,4,100,RR-002,2013-10-09,2013-10-13,2013-10-14,1,1,53.99,52.37,REFUND,REFUNDED,SIMULATED return linked to an AdventureWorks order line,synthetic_extension,1.0.0,BASELINE,20260728,2026-07-28T00:00:00.000Z
RET-001490,SO66233,2,SHP-019224,15813,482,3,4,100,RR-004,2013-09-24,2013-10-03,2013-10-07,1,1,8.99,8.72,REFUND,REFUNDED,SIMULATED return linked to an AdventureWorks order line,synthetic_extension,1.0.0,BASELINE,20260728,2026-07-28T00:00:00.000Z
RET-001491,SO66266,1,SHP-019257,24269,477,4,9,6,RR-005,2013-10-14,2013-10-22,2013-10-23,1,1,4.99,4.84,REFUND,REFUNDED,SIMULATED return linked to an AdventureWorks order line,synthetic_extension,1.0.0,BASELINE,20260728,2026-07-28T00:00:00.000Z
RET-001492,SO66266,2,SHP-019257,24269,478,4,9,6,RR-006,2013-09-29,2013-10-06,2013-10-08,1,1,9.99,9.69,REFUND,REFUNDED,SIMULATED return linked to an AdventureWorks order line,synthetic_extension,1.0.0,BASELINE,20260728,2026-07-28T00:00:00.000Z
RET-001493,SO66283,1,SHP-019274,18404,477,4,1,100,RR-006,2013-10-11,2013-10-18,2013-10-20,1,1,4.99,4.84,REFUND,REFUNDED,SIMULATED return linked to an AdventureWorks order line,synthetic_extension,1.0.0,BASELINE,20260728,2026-07-28T00:00:00.000Z
RET-001494,SO66285,1,SHP-019276,19166,474,3,4,100,RR-004,2013-10-07,2013-10-16,2013-10-20,1,1,69.99,67.89,REFUND,REFUNDED,SIMULATED return linked to an AdventureWorks order line,synthetic_extension,1.0.0,BASELINE,20260728,2026-07-28T00:00:00.000Z
RET-001495,SO66298,1,SHP-019289,14746,589,1,4,100,RR-006,2013-10-11,2013-10-18,2013-10-20,1,1,769.49,746.41,REFUND,REFUNDED,SIMULATED return linked to an AdventureWorks order line,synthetic_extension,1.0.0,BASELINE,20260728,2026-07-28T00:00:00.000Z
RET-001496,SO66298,2,SHP-019289,14746,474,3,4,100,RR-002,2013-10-08,2013-10-16,2013-10-17,1,1,69.99,67.89,REFUND,REFUNDED,SIMULATED return linked to an AdventureWorks order line,synthetic_extension,1.0.0,BASELINE,20260728,2026-07-28T00:00:00.000Z
RET-001497,SO66298,3,SHP-019289,14746,237,3,4,100,RR-001,2013-10-09,2013-10-14,2013-10-18,1,1,49.99,48.49,REFUND,REFUNDED,SIMULATED return linked to an AdventureWorks order line,synthetic_extension,1.0.0,BASELINE,20260728,2026-07-28T00:00:00.000Z
RET-001498,SO66303,2,SHP-019294,25831,489,3,9,6,RR-004,2013-09-27,2013-10-06,2013-10-10,1,1,53.99,52.37,REFUND,REFUNDED,SIMULATED return linked to an AdventureWorks order line,synthetic_extension,1.0.0,BASELINE,20260728,2026-07-28T00:00:00.000Z
RET-001499,SO66303,3,SHP-019294,25831,225,3,9,6,RR-005,2013-10-14,2013-10-18,2013-10-19,1,1,8.99,8.72,REFUND,REFUNDED,SIMULATED return linked to an AdventureWorks order line,synthetic_extension,1.0.0,BASELINE,20260728,2026-07-28T00:00:00.000Z
RET-001500,SO66319,2,SHP-019310,15208,475,3,9,6,RR-005,2013-10-12,2013-10-16,2013-10-17,1,1,69.99,67.89,REFUND,REFUNDED,SIMULATED return linked to an AdventureWorks order line,synthetic_extension,1.0.0,BASELINE,20260728,2026-07-28T00:00:00.000Z
RET-001501,SO66319,3,SHP-019310,15208,225,3,9,6,RR-004,2013-10-13,2013-10-22,2013-10-26,1,1,8.99,8.72,REFUND,REFUNDED,SIMULATED return linked to an AdventureWorks order line,synthetic_extension,1.0.0,BASELINE,20260728,2026-07-28T00:00:00.000Z
RET-001502,SO66319,4,SHP-019310,15208,491,3,9,6,RR-003,2013-10-10,2013-10-20,2013-10-23,1,1,53.99,52.37,REFUND,REFUNDED,SIMULATED return linked to an AdventureWorks order line,synthetic_extension,1.0.0,BASELINE,20260728,2026-07-28T00:00:00.000Z
RET-001503,SO66331,1,SHP-019322,24950,540,4,4,100,RR-004,2013-10-05,2013-10-10,2013-10-14,1,1,32.6,31.62,REFUND,REFUNDED,SIMULATED return linked to an AdventureWorks order line,synthetic_extension,1.0.0,BASELINE,20260728,2026-07-28T00:00:00.000Z
RET-001504,SO66331,2,SHP-019322,24950,529,4,4,100,RR-003,2013-10-06,2013-10-16,2013-10-19,1,1,3.99,3.87,REFUND,REFUNDED,SIMULATED return linked to an AdventureWorks order line,synthetic_extension,1.0.0,BASELINE,20260728,2026-07-28T00:00:00.000Z
RET-001505,SO66331,3,SHP-019322,24950,480,4,4,100,RR-006,2013-10-07,2013-10-14,2013-10-16,1,1,2.29,2.22,REFUND,REFUNDED,SIMULATED return linked to an AdventureWorks order line,synthetic_extension,1.0.0,BASELINE,20260728,2026-07-28T00:00:00.000Z
RET-001506,SO66347,3,SHP-019338,28381,225,3,8,100,RR-002,2013-10-11,2013-10-15,2013-10-16,1,1,8.99,8.72,REFUND,REFUNDED,SIMULATED return linked to an AdventureWorks order line,synthetic_extension,1.0.0,BASELINE,20260728,2026-07-28T00:00:00.000Z
RET-001507,SO66349,2,SHP-019340,17579,214,4,6,19,RR-006,2013-10-10,2013-10-17,2013-10-19,1,1,34.99,33.94,REFUND,REFUNDED,SIMULATED return linked to an AdventureWorks order line,synthetic_extension,1.0.0,BASELINE,20260728,2026-07-28T00:00:00.000Z
RET-001508,SO66366,1,SHP-019357,24052,584,1,8,100,RR-004,2013-10-03,2013-10-08,2013-10-12,1,1,539.99,523.79,REFUND,REFUNDED,SIMULATED return linked to an AdventureWorks order line,synthetic_extension,1.0.0,BASELINE,20260728,2026-07-28T00:00:00.000Z
RET-001509,SO66366,2,SHP-019357,24052,479,4,8,100,RR-003,2013-10-04,2013-10-14,2013-10-17,1,1,8.99,8.72,REFUND,REFUNDED,SIMULATED return linked to an AdventureWorks order line,synthetic_extension,1.0.0,BASELINE,20260728,2026-07-28T00:00:00.000Z
RET-001510,SO66386,1,SHP-019377,14328,528,4,6,19,RR-006,2013-10-02,2013-10-05,2013-10-07,1,1,4.99,4.84,REFUND,REFUNDED,SIMULATED return linked to an AdventureWorks order line,synthetic_extension,1.0.0,BASELINE,20260728,2026-07-28T00:00:00.000Z
RET-001511,SO66386,2,SHP-019377,14328,535,4,6,19,RR-005,2013-10-17,2013-10-21,2013-10-22,1,1,24.99,24.24,REFUND,REFUNDED,SIMULATED return linked to an AdventureWorks order line,synthetic_extension,1.0.0,BASELINE,20260728,2026-07-28T00:00:00.000Z
RET-001512,SO66386,3,SHP-019377,14328,465,3,6,19,RR-004,2013-10-18,2013-10-27,2013-10-31,1,1,24.49,23.76,REFUND,REFUNDED,SIMULATED return linked to an AdventureWorks order line,synthetic_extension,1.0.0,BASELINE,20260728,2026-07-28T00:00:00.000Z
RET-001513,SO66386,4,SHP-019377,14328,222,4,6,19,RR-003,2013-10-15,2013-10-25,2013-10-28,1,1,34.99,33.94,REFUND,REFUNDED,SIMULATED return linked to an AdventureWorks order line,synthetic_extension,1.0.0,BASELINE,20260728,2026-07-28T00:00:00.000Z
RET-001514,SO66394,1,SHP-019385,29213,477,4,6,19,RR-003,2013-10-06,2013-10-12,2013-10-15,1,1,4.99,4.84,REFUND,REFUNDED,SIMULATED return linked to an AdventureWorks order line,synthetic_extension,1.0.0,BASELINE,20260728,2026-07-28T00:00:00.000Z
RET-001515,SO66394,2,SHP-019385,29213,473,3,6,19,RR-004,2013-10-05,2013-10-14,2013-10-18,1,1,63.5,61.59,REFUND,REFUNDED,SIMULATED return linked to an AdventureWorks order line,synthetic_extension,1.0.0,BASELINE,20260728,2026-07-28T00:00:00.000Z
RET-001516,SO66418,4,SHP-019409,21560,471,3,9,6,RR-005,2013-10-17,2013-10-21,2013-10-22,1,1,63.5,61.59,REFUND,REFUNDED,SIMULATED return linked to an AdventureWorks order line,synthetic_extension,1.0.0,BASELINE,20260728,2026-07-28T00:00:00.000Z
RET-001517,SO66423,1,SHP-019414,26703,562,1,1,100,RR-006,2013-10-01,2013-10-08,2013-10-10,1,1,2384.07,2312.55,REFUND,REFUNDED,SIMULATED return linked to an AdventureWorks order line,synthetic_extension,1.0.0,BASELINE,20260728,2026-07-28T00:00:00.000Z
RET-001518,SO66423,2,SHP-019414,26703,214,4,1,100,RR-005,2013-10-16,2013-10-24,2013-10-25,1,1,34.99,33.94,REFUND,REFUNDED,SIMULATED return linked to an AdventureWorks order line,synthetic_extension,1.0.0,BASELINE,20260728,2026-07-28T00:00:00.000Z
RET-001519,SO66439,1,SHP-019430,26428,475,3,9,6,RR-002,2013-10-17,2013-10-23,2013-10-26,1,1,69.99,67.89,REFUND,REFUNDED,SIMULATED return linked to an AdventureWorks order line,synthetic_extension,1.0.0,BASELINE,20260728,2026-07-28T00:00:00.000Z
RET-001520,SO66443,1,SHP-019434,13792,353,1,10,98,RR-004,2013-10-11,2013-10-16,2013-10-20,1,1,2319.99,2250.39,REFUND,REFUNDED,SIMULATED return linked to an AdventureWorks order line,synthetic_extension,1.0.0,BASELINE,20260728,2026-07-28T00:00:00.000Z
RET-001521,SO66443,2,SHP-019434,13792,537,4,10,98,RR-003,2013-10-12,2013-10-22,2013-10-25,1,1,35,33.95,REFUND,REFUNDED,SIMULATED return linked to an AdventureWorks order line,synthetic_extension,1.0.0,BASELINE,20260728,2026-07-28T00:00:00.000Z
RET-001522,SO66454,1,SHP-019445,24524,540,4,4,100,RR-004,2013-10-04,2013-10-09,2013-10-13,1,1,32.6,31.62,REFUND,REFUNDED,SIMULATED return linked to an AdventureWorks order line,synthetic_extension,1.0.0,BASELINE,20260728,2026-07-28T00:00:00.000Z
RET-001523,SO66454,2,SHP-019445,24524,480,4,4,100,RR-003,2013-10-05,2013-10-15,2013-10-18,1,1,2.29,2.22,REFUND,REFUNDED,SIMULATED return linked to an AdventureWorks order line,synthetic_extension,1.0.0,BASELINE,20260728,2026-07-28T00:00:00.000Z
RET-001524,SO66460,2,SHP-019451,13466,490,3,6,19,RR-001,2013-10-18,2013-10-25,2013-10-27,1,1,53.99,52.37,REFUND,REFUNDED,SIMULATED return linked to an AdventureWorks order line,synthetic_extension,1.0.0,BASELINE,20260728,2026-07-28T00:00:00.000Z
RET-001525,SO66460,3,SHP-019451,13466,467,3,6,19,RR-002,2013-10-17,2013-10-27,2013-10-30,1,1,24.49,23.76,REFUND,REFUNDED,SIMULATED return linked to an AdventureWorks order line,synthetic_extension,1.0.0,BASELINE,20260728,2026-07-28T00:00:00.000Z
RET-001526,SO66478,5,SHP-019469,15873,225,3,4,100,RR-001,2013-10-10,2013-10-17,2013-10-19,1,1,8.99,8.72,REFUND,REFUNDED,SIMULATED return linked to an AdventureWorks order line,synthetic_extension,1.0.0,BASELINE,20260728,2026-07-28T00:00:00.000Z
RET-001527,SO66496,2,SHP-019487,20847,225,3,8,100,RR-005,2013-10-04,2013-10-08,2013-10-09,1,1,8.99,8.72,REFUND,REFUNDED,SIMULATED return linked to an AdventureWorks order line,synthetic_extension,1.0.0,BASELINE,20260728,2026-07-28T00:00:00.000Z
RET-001528,SO66504,1,SHP-019495,24833,583,1,7,100,RR-006,2013-10-10,2013-10-17,2013-10-19,1,1,1700.99,1649.96,REFUND,REFUNDED,SIMULATED return linked to an AdventureWorks order line,synthetic_extension,1.0.0,BASELINE,20260728,2026-07-28T00:00:00.000Z
RET-001529,SO66545,1,SHP-019536,16589,564,1,10,98,RR-003,2013-10-06,2013-10-16,2013-10-19,1,1,2384.07,2312.55,REFUND,REFUNDED,SIMULATED return linked to an AdventureWorks order line,synthetic_extension,1.0.0,BASELINE,20260728,2026-07-28T00:00:00.000Z
RET-001530,SO66545,2,SHP-019536,16589,217,4,10,98,RR-004,2013-10-05,2013-10-10,2013-10-14,1,1,34.99,33.94,REFUND,REFUNDED,SIMULATED return linked to an AdventureWorks order line,synthetic_extension,1.0.0,BASELINE,20260728,2026-07-28T00:00:00.000Z
RET-001531,SO66561,2,SHP-019552,18052,217,4,4,100,RR-006,2013-10-13,2013-10-16,2013-10-18,1,1,34.99,33.94,REFUND,REFUNDED,SIMULATED return linked to an AdventureWorks order line,synthetic_extension,1.0.0,BASELINE,20260728,2026-07-28T00:00:00.000Z
RET-001532,SO66566,1,SHP-019557,12680,575,1,9,6,RR-006,2013-10-16,2013-10-19,2013-10-21,1,1,2384.07,2312.55,REFUND,REFUNDED,SIMULATED return linked to an AdventureWorks order line,synthetic_extension,1.0.0,BASELINE,20260728,2026-07-28T00:00:00.000Z
RET-001533,SO66566,2,SHP-019557,12680,479,4,9,6,RR-005,2013-10-13,2013-10-17,2013-10-18,1,1,8.99,8.72,REFUND,REFUNDED,SIMULATED return linked to an AdventureWorks order line,synthetic_extension,1.0.0,BASELINE,20260728,2026-07-28T00:00:00.000Z
RET-001534,SO66566,3,SHP-019557,12680,477,4,9,6,RR-004,2013-10-14,2013-10-23,2013-10-27,1,1,4.99,4.84,REFUND,REFUNDED,SIMULATED return linked to an AdventureWorks order line,synthetic_extension,1.0.0,BASELINE,20260728,2026-07-28T00:00:00.000Z
RET-001535,SO66566,4,SHP-019557,12680,488,3,9,6,RR-003,2013-10-11,2013-10-21,2013-10-24,1,1,53.99,52.37,REFUND,REFUNDED,SIMULATED return linked to an AdventureWorks order line,synthetic_extension,1.0.0,BASELINE,20260728,2026-07-28T00:00:00.000Z
RET-001536,SO66566,5,SHP-019557,12680,225,3,9,6,RR-006,2013-10-12,2013-10-19,2013-10-21,1,1,8.99,8.72,REFUND,REFUNDED,SIMULATED return linked to an AdventureWorks order line,synthetic_extension,1.0.0,BASELINE,20260728,2026-07-28T00:00:00.000Z
RET-001537,SO66642,1,SHP-019633,11138,529,4,4,100,RR-003,2013-10-14,2013-10-20,2013-10-23,1,1,3.99,3.87,REFUND,REFUNDED,SIMULATED return linked to an AdventureWorks order line,synthetic_extension,1.0.0,BASELINE,20260728,2026-07-28T00:00:00.000Z
RET-001538,SO66642,2,SHP-019633,11138,222,4,4,100,RR-004,2013-10-13,2013-10-22,2013-10-26,1,1,34.99,33.94,REFUND,REFUNDED,SIMULATED return linked to an AdventureWorks order line,synthetic_extension,1.0.0,BASELINE,20260728,2026-07-28T00:00:00.000Z
RET-001539,SO66653,1,SHP-019644,15070,595,1,7,100,RR-005,2013-10-18,2013-10-22,2013-10-23,1,1,564.99,548.04,REFUND,REFUNDED,SIMULATED return linked to an AdventureWorks order line,synthetic_extension,1.0.0,BASELINE,20260728,2026-07-28T00:00:00.000Z
RET-001540,SO66653,2,SHP-019644,15070,485,4,7,100,RR-006,2013-10-21,2013-10-24,2013-10-26,1,1,21.98,21.32,REFUND,REFUNDED,SIMULATED return linked to an AdventureWorks order line,synthetic_extension,1.0.0,BASELINE,20260728,2026-07-28T00:00:00.000Z
RET-001541,SO66653,3,SHP-019644,15070,480,4,7,100,RR-003,2013-10-20,2013-10-26,2013-10-29,1,1,2.29,2.22,REFUND,REFUNDED,SIMULATED return linked to an AdventureWorks order line,synthetic_extension,1.0.0,BASELINE,20260728,2026-07-28T00:00:00.000Z
RET-001542,SO66672,1,SHP-019663,12401,529,4,8,100,RR-006,2013-10-12,2013-10-19,2013-10-21,1,1,3.99,3.87,REFUND,REFUNDED,SIMULATED return linked to an AdventureWorks order line,synthetic_extension,1.0.0,BASELINE,20260728,2026-07-28T00:00:00.000Z
RET-001543,SO66672,2,SHP-019663,12401,540,4,8,100,RR-005,2013-10-09,2013-10-17,2013-10-18,1,1,32.6,31.62,REFUND,REFUNDED,SIMULATED return linked to an AdventureWorks order line,synthetic_extension,1.0.0,BASELINE,20260728,2026-07-28T00:00:00.000Z
RET-001544,SO66673,2,SHP-019664,16555,539,4,7,100,RR-004,2013-10-13,2013-10-22,2013-10-26,1,1,24.99,24.24,REFUND,REFUNDED,SIMULATED return linked to an AdventureWorks order line,synthetic_extension,1.0.0,BASELINE,20260728,2026-07-28T00:00:00.000Z
RET-001545,SO66673,3,SHP-019664,16555,480,4,7,100,RR-005,2013-10-12,2013-10-16,2013-10-17,1,1,2.29,2.22,REFUND,REFUNDED,SIMULATED return linked to an AdventureWorks order line,synthetic_extension,1.0.0,BASELINE,20260728,2026-07-28T00:00:00.000Z
RET-001546,SO66694,1,SHP-019685,24213,382,1,10,98,RR-006,2013-10-18,2013-10-25,2013-10-27,1,1,1120.49,1086.88,REFUND,REFUNDED,SIMULATED return linked to an AdventureWorks order line,synthetic_extension,1.0.0,BASELINE,20260728,2026-07-28T00:00:00.000Z
RET-001547,SO66694,2,SHP-019685,24213,222,4,10,98,RR-005,2013-10-15,2013-10-23,2013-10-24,1,1,34.99,33.94,REFUND,REFUNDED,SIMULATED return linked to an AdventureWorks order line,synthetic_extension,1.0.0,BASELINE,20260728,2026-07-28T00:00:00.000Z
RET-001548,SO66694,3,SHP-019685,24213,231,3,10,98,RR-001,2013-10-16,2013-10-21,2013-10-25,1,1,49.99,48.49,REFUND,REFUNDED,SIMULATED return linked to an AdventureWorks order line,synthetic_extension,1.0.0,BASELINE,20260728,2026-07-28T00:00:00.000Z
RET-001549,SO66694,4,SHP-019685,24213,482,3,10,98,RR-002,2013-10-21,2013-10-27,2013-10-30,1,1,8.99,8.72,REFUND,REFUNDED,SIMULATED return linked to an AdventureWorks order line,synthetic_extension,1.0.0,BASELINE,20260728,2026-07-28T00:00:00.000Z
RET-001550,SO66717,1,SHP-019708,22047,477,4,4,100,RR-004,2013-10-20,2013-10-29,2013-11-02,1,1,4.99,4.84,REFUND,REFUNDED,SIMULATED return linked to an AdventureWorks order line,synthetic_extension,1.0.0,BASELINE,20260728,2026-07-28T00:00:00.000Z
RET-001551,SO66717,2,SHP-019708,22047,478,4,4,100,RR-003,2013-10-21,2013-10-27,2013-10-30,1,1,9.99,9.69,REFUND,REFUNDED,SIMULATED return linked to an AdventureWorks order line,synthetic_extension,1.0.0,BASELINE,20260728,2026-07-28T00:00:00.000Z
RET-001552,SO66717,3,SHP-019708,22047,225,3,4,100,RR-001,2013-10-04,2013-10-07,2013-10-09,1,1,8.99,8.72,REFUND,REFUNDED,SIMULATED return linked to an AdventureWorks order line,synthetic_extension,1.0.0,BASELINE,20260728,2026-07-28T00:00:00.000Z
RET-001553,SO66733,2,SHP-019724,16933,237,3,10,98,RR-002,2013-10-18,2013-10-22,2013-10-23,1,1,49.99,48.49,REFUND,REFUNDED,SIMULATED return linked to an AdventureWorks order line,synthetic_extension,1.0.0,BASELINE,20260728,2026-07-28T00:00:00.000Z
RET-001554,SO66734,1,SHP-019725,12488,225,3,7,100,RR-002,2013-10-19,2013-10-23,2013-10-24,1,1,8.99,8.72,REFUND,REFUNDED,SIMULATED return linked to an AdventureWorks order line,synthetic_extension,1.0.0,BASELINE,20260728,2026-07-28T00:00:00.000Z
RET-001555,SO66735,3,SHP-019726,19841,467,3,4,100,RR-001,2013-10-18,2013-10-25,2013-10-27,1,1,24.49,23.76,REFUND,REFUNDED,SIMULATED return linked to an AdventureWorks order line,synthetic_extension,1.0.0,BASELINE,20260728,2026-07-28T00:00:00.000Z
RET-001556,SO66754,2,SHP-019745,26641,225,3,4,100,RR-001,2013-10-07,2013-10-16,2013-10-20,1,1,8.99,8.72,REFUND,REFUNDED,SIMULATED return linked to an AdventureWorks order line,synthetic_extension,1.0.0,BASELINE,20260728,2026-07-28T00:00:00.000Z
RET-001557,SO66836,1,SHP-019827,19092,480,4,9,6,RR-004,2013-10-09,2013-10-14,2013-10-18,1,1,2.29,2.22,REFUND,REFUNDED,SIMULATED return linked to an AdventureWorks order line,synthetic_extension,1.0.0,BASELINE,20260728,2026-07-28T00:00:00.000Z
RET-001558,SO66861,1,SHP-019852,13762,537,4,6,19,RR-004,2013-10-17,2013-10-22,2013-10-26,1,1,35,33.95,REFUND,REFUNDED,SIMULATED return linked to an AdventureWorks order line,synthetic_extension,1.0.0,BASELINE,20260728,2026-07-28T00:00:00.000Z
RET-001559,SO66861,2,SHP-019852,13762,528,4,6,19,RR-003,2013-10-18,2013-10-28,2013-10-31,1,1,4.99,4.84,REFUND,REFUNDED,SIMULATED return linked to an AdventureWorks order line,synthetic_extension,1.0.0,BASELINE,20260728,2026-07-28T00:00:00.000Z
RET-001560,SO66861,4,SHP-019852,13762,225,3,6,19,RR-005,2013-10-20,2013-10-24,2013-10-25,1,1,8.99,8.72,REFUND,REFUNDED,SIMULATED return linked to an AdventureWorks order line,synthetic_extension,1.0.0,BASELINE,20260728,2026-07-28T00:00:00.000Z
RET-001561,SO66909,1,SHP-019900,15174,485,4,4,100,RR-003,2013-10-20,2013-10-26,2013-10-29,1,1,21.98,21.32,REFUND,REFUNDED,SIMULATED return linked to an AdventureWorks order line,synthetic_extension,1.0.0,BASELINE,20260728,2026-07-28T00:00:00.000Z
RET-001562,SO66909,4,SHP-019900,15174,487,4,4,100,RR-006,2013-10-17,2013-10-24,2013-10-26,1,1,54.99,53.34,REFUND,REFUNDED,SIMULATED return linked to an AdventureWorks order line,synthetic_extension,1.0.0,BASELINE,20260728,2026-07-28T00:00:00.000Z
RET-001563,SO66909,5,SHP-019900,15174,484,4,4,100,RR-003,2013-10-16,2013-10-26,2013-10-29,1,1,7.95,7.71,REFUND,REFUNDED,SIMULATED return linked to an AdventureWorks order line,synthetic_extension,1.0.0,BASELINE,20260728,2026-07-28T00:00:00.000Z
RET-001564,SO66910,1,SHP-019901,19074,535,4,7,100,RR-005,2013-10-26,2013-10-30,2013-10-31,1,1,24.99,24.24,REFUND,REFUNDED,SIMULATED return linked to an AdventureWorks order line,synthetic_extension,1.0.0,BASELINE,20260728,2026-07-28T00:00:00.000Z
RET-001565,SO66910,2,SHP-019901,19074,528,4,7,100,RR-006,2013-10-11,2013-10-14,2013-10-16,1,1,4.99,4.84,REFUND,REFUNDED,SIMULATED return linked to an AdventureWorks order line,synthetic_extension,1.0.0,BASELINE,20260728,2026-07-28T00:00:00.000Z
RET-001566,SO66924,1,SHP-019915,15436,582,1,9,6,RR-004,2013-10-16,2013-10-25,2013-10-29,1,1,1700.99,1649.96,REFUND,REFUNDED,SIMULATED return linked to an AdventureWorks order line,synthetic_extension,1.0.0,BASELINE,20260728,2026-07-28T00:00:00.000Z
RET-001567,SO66952,3,SHP-019943,13845,225,3,10,98,RR-005,2013-10-20,2013-10-28,2013-10-29,1,1,8.99,8.72,REFUND,REFUNDED,SIMULATED return linked to an AdventureWorks order line,synthetic_extension,1.0.0,BASELINE,20260728,2026-07-28T00:00:00.000Z
RET-001568,SO66953,4,SHP-019944,16533,472,3,7,100,RR-003,2013-10-26,2013-11-05,2013-11-08,1,1,63.5,61.59,REFUND,REFUNDED,SIMULATED return linked to an AdventureWorks order line,synthetic_extension,1.0.0,BASELINE,20260728,2026-07-28T00:00:00.000Z
RET-001569,SO66960,1,SHP-019951,28637,539,4,4,100,RR-004,2013-10-16,2013-10-25,2013-10-29,1,1,24.99,24.24,REFUND,REFUNDED,SIMULATED return linked to an AdventureWorks order line,synthetic_extension,1.0.0,BASELINE,20260728,2026-07-28T00:00:00.000Z
RET-001570,SO66960,2,SHP-019951,28637,529,4,4,100,RR-003,2013-10-17,2013-10-23,2013-10-26,1,1,3.99,3.87,REFUND,REFUNDED,SIMULATED return linked to an AdventureWorks order line,synthetic_extension,1.0.0,BASELINE,20260728,2026-07-28T00:00:00.000Z
RET-001571,SO66960,3,SHP-019951,28637,480,4,4,100,RR-006,2013-10-18,2013-10-21,2013-10-23,1,1,2.29,2.22,REFUND,REFUNDED,SIMULATED return linked to an AdventureWorks order line,synthetic_extension,1.0.0,BASELINE,20260728,2026-07-28T00:00:00.000Z
RET-001572,SO67007,3,SHP-019998,23159,225,3,4,100,RR-002,2013-10-25,2013-10-29,2013-10-30,1,1,8.99,8.72,REFUND,REFUNDED,SIMULATED return linked to an AdventureWorks order line,synthetic_extension,1.0.0,BASELINE,20260728,2026-07-28T00:00:00.000Z
RET-001573,SO67012,1,SHP-020003,22663,606,1,7,100,RR-005,2013-10-19,2013-10-23,2013-10-24,1,1,539.99,523.79,REFUND,REFUNDED,SIMULATED return linked to an AdventureWorks order line,synthetic_extension,1.0.0,BASELINE,20260728,2026-07-28T00:00:00.000Z
RET-001574,SO67043,1,SHP-020034,16901,477,4,4,100,RR-003,2013-10-13,2013-10-19,2013-10-22,1,1,4.99,4.84,REFUND,REFUNDED,SIMULATED return linked to an AdventureWorks order line,synthetic_extension,1.0.0,BASELINE,20260728,2026-07-28T00:00:00.000Z
RET-001575,SO67080,1,SHP-020071,12350,563,1,9,6,RR-004,2013-10-24,2013-11-02,2013-11-06,1,1,2384.07,2312.55,REFUND,REFUNDED,SIMULATED return linked to an AdventureWorks order line,synthetic_extension,1.0.0,BASELINE,20260728,2026-07-28T00:00:00.000Z
RET-001576,SO67080,2,SHP-020071,12350,477,4,9,6,RR-003,2013-10-25,2013-10-31,2013-11-03,1,1,4.99,4.84,REFUND,REFUNDED,SIMULATED return linked to an AdventureWorks order line,synthetic_extension,1.0.0,BASELINE,20260728,2026-07-28T00:00:00.000Z
RET-001577,SO67080,3,SHP-020071,12350,479,4,9,6,RR-006,2013-10-26,2013-10-29,2013-10-31,1,1,8.99,8.72,REFUND,REFUNDED,SIMULATED return linked to an AdventureWorks order line,synthetic_extension,1.0.0,BASELINE,20260728,2026-07-28T00:00:00.000Z
RET-001578,SO67086,1,SHP-020077,13628,529,4,9,6,RR-006,2013-10-27,2013-11-03,2013-11-05,1,1,3.99,3.87,REFUND,REFUNDED,SIMULATED return linked to an AdventureWorks order line,synthetic_extension,1.0.0,BASELINE,20260728,2026-07-28T00:00:00.000Z
RET-001579,SO67086,2,SHP-020077,13628,222,4,9,6,RR-005,2013-10-24,2013-11-01,2013-11-02,1,1,34.99,33.94,REFUND,REFUNDED,SIMULATED return linked to an AdventureWorks order line,synthetic_extension,1.0.0,BASELINE,20260728,2026-07-28T00:00:00.000Z
RET-001580,SO67116,2,SHP-020107,22563,225,3,8,100,RR-003,2013-11-03,2013-11-13,2013-11-16,1,1,8.99,8.72,REFUND,REFUNDED,SIMULATED return linked to an AdventureWorks order line,synthetic_extension,1.0.0,BASELINE,20260728,2026-07-28T00:00:00.000Z
RET-001581,SO67127,1,SHP-020118,15984,353,1,4,100,RR-004,2013-10-12,2013-10-21,2013-10-25,1,1,2319.99,2250.39,REFUND,REFUNDED,SIMULATED return linked to an AdventureWorks order line,synthetic_extension,1.0.0,BASELINE,20260728,2026-07-28T00:00:00.000Z
RET-001582,SO67127,2,SHP-020118,15984,485,4,4,100,RR-003,2013-10-13,2013-10-19,2013-10-22,1,1,21.98,21.32,REFUND,REFUNDED,SIMULATED return linked to an AdventureWorks order line,synthetic_extension,1.0.0,BASELINE,20260728,2026-07-28T00:00:00.000Z
RET-001583,SO67131,1,SHP-020122,25832,386,1,9,6,RR-005,2013-10-15,2013-10-23,2013-10-24,1,1,1120.49,1086.88,REFUND,REFUNDED,SIMULATED return linked to an AdventureWorks order line,synthetic_extension,1.0.0,BASELINE,20260728,2026-07-28T00:00:00.000Z
RET-001584,SO67131,2,SHP-020122,25832,539,4,9,6,RR-006,2013-10-18,2013-10-25,2013-10-27,1,1,24.99,24.24,REFUND,REFUNDED,SIMULATED return linked to an AdventureWorks order line,synthetic_extension,1.0.0,BASELINE,20260728,2026-07-28T00:00:00.000Z
RET-001585,SO67131,3,SHP-020122,25832,529,4,9,6,RR-003,2013-10-17,2013-10-27,2013-10-30,1,1,3.99,3.87,REFUND,REFUNDED,SIMULATED return linked to an AdventureWorks order line,synthetic_extension,1.0.0,BASELINE,20260728,2026-07-28T00:00:00.000Z
RET-001586,SO67131,4,SHP-020122,25832,480,4,9,6,RR-004,2013-10-20,2013-10-29,2013-11-02,1,1,2.29,2.22,REFUND,REFUNDED,SIMULATED return linked to an AdventureWorks order line,synthetic_extension,1.0.0,BASELINE,20260728,2026-07-28T00:00:00.000Z
RET-001587,SO67172,1,SHP-020163,21539,536,4,7,100,RR-006,2013-10-30,2013-11-06,2013-11-08,1,1,29.99,29.09,REFUND,REFUNDED,SIMULATED return linked to an AdventureWorks order line,synthetic_extension,1.0.0,BASELINE,20260728,2026-07-28T00:00:00.000Z
RET-001588,SO67201,1,SHP-020192,29455,567,1,9,6,RR-003,2013-10-22,2013-11-01,2013-11-04,1,1,742.35,720.08,REFUND,REFUNDED,SIMULATED return linked to an AdventureWorks order line,synthetic_extension,1.0.0,BASELINE,20260728,2026-07-28T00:00:00.000Z
RET-001589,SO67201,2,SHP-020192,29455,225,3,9,6,RR-001,2013-10-21,2013-10-26,2013-10-30,1,1,8.99,8.72,REFUND,REFUNDED,SIMULATED return linked to an AdventureWorks order line,synthetic_extension,1.0.0,BASELINE,20260728,2026-07-28T00:00:00.000Z
RET-001590,SO67242,1,SHP-020230,15540,355,1,4,100,RR-004,2013-10-12,2013-10-17,2013-10-21,1,1,2319.99,2250.39,REFUND,REFUNDED,SIMULATED return linked to an AdventureWorks order line,synthetic_extension,1.0.0,BASELINE,20260728,2026-07-28T00:00:00.000Z
RET-001591,SO67242,2,SHP-020230,15540,485,4,4,100,RR-003,2013-10-13,2013-10-23,2013-10-26,1,1,21.98,21.32,REFUND,REFUNDED,SIMULATED return linked to an AdventureWorks order line,synthetic_extension,1.0.0,BASELINE,20260728,2026-07-28T00:00:00.000Z
RET-001592,SO67254,2,SHP-020242,23186,481,3,4,100,RR-001,2013-10-24,2013-10-31,2013-11-02,1,1,8.99,8.72,REFUND,REFUNDED,SIMULATED return linked to an AdventureWorks order line,synthetic_extension,1.0.0,BASELINE,20260728,2026-07-28T00:00:00.000Z
RET-001593,SO67353,4,SHP-020250,17317,237,3,9,6,RR-006,2013-10-13,2013-10-16,2013-10-18,1,1,49.99,48.49,REFUND,REFUNDED,SIMULATED return linked to an AdventureWorks order line,synthetic_extension,1.0.0,BASELINE,20260728,2026-07-28T00:00:00.000Z
RET-001594,SO67402,2,SHP-020299,18551,225,3,1,100,RR-002,2013-10-12,2013-10-20,2013-10-21,1,1,8.99,8.72,REFUND,REFUNDED,SIMULATED return linked to an AdventureWorks order line,synthetic_extension,1.0.0,BASELINE,20260728,2026-07-28T00:00:00.000Z
RET-001595,SO67423,1,SHP-020320,16481,485,4,9,6,RR-005,2013-10-17,2013-10-21,2013-10-22,1,1,21.98,21.32,REFUND,REFUNDED,SIMULATED return linked to an AdventureWorks order line,synthetic_extension,1.0.0,BASELINE,20260728,2026-07-28T00:00:00.000Z
RET-001596,SO67423,2,SHP-020320,16481,478,4,9,6,RR-006,2013-10-20,2013-10-23,2013-10-25,1,1,9.99,9.69,REFUND,REFUNDED,SIMULATED return linked to an AdventureWorks order line,synthetic_extension,1.0.0,BASELINE,20260728,2026-07-28T00:00:00.000Z
RET-001597,SO67423,3,SHP-020320,16481,477,4,9,6,RR-003,2013-10-19,2013-10-25,2013-10-28,1,1,4.99,4.84,REFUND,REFUNDED,SIMULATED return linked to an AdventureWorks order line,synthetic_extension,1.0.0,BASELINE,20260728,2026-07-28T00:00:00.000Z
RET-001598,SO67440,2,SHP-020337,16838,482,3,4,100,RR-003,2013-10-14,2013-10-20,2013-10-23,1,1,8.99,8.72,REFUND,REFUNDED,SIMULATED return linked to an AdventureWorks order line,synthetic_extension,1.0.0,BASELINE,20260728,2026-07-28T00:00:00.000Z
RET-001599,SO67441,1,SHP-020338,15855,528,4,4,100,RR-005,2013-10-31,2013-11-08,2013-11-09,1,1,4.99,4.84,REFUND,REFUNDED,SIMULATED return linked to an AdventureWorks order line,synthetic_extension,1.0.0,BASELINE,20260728,2026-07-28T00:00:00.000Z
RET-001600,SO67465,1,SHP-020362,21571,374,1,9,6,RR-003,2013-10-21,2013-10-27,2013-10-30,1,1,2443.35,2370.05,REFUND,REFUNDED,SIMULATED return linked to an AdventureWorks order line,synthetic_extension,1.0.0,BASELINE,20260728,2026-07-28T00:00:00.000Z
RET-001601,SO67494,1,SHP-020391,17066,231,3,9,6,RR-002,2013-10-18,2013-10-24,2013-10-27,1,1,49.99,48.49,REFUND,REFUNDED,SIMULATED return linked to an AdventureWorks order line,synthetic_extension,1.0.0,SCN_RET_CLOTHING_SIZE_SPIKE,20260728,2026-07-28T00:00:00.000Z
RET-001602,SO67494,2,SHP-020391,17066,465,3,9,6,RR-001,2013-10-17,2013-10-26,2013-10-30,1,1,24.49,23.76,REFUND,REFUNDED,SIMULATED return linked to an AdventureWorks order line,synthetic_extension,1.0.0,SCN_RET_CLOTHING_SIZE_SPIKE,20260728,2026-07-28T00:00:00.000Z
RET-001603,SO67528,1,SHP-020425,20176,536,4,8,100,RR-003,2013-10-25,2013-11-04,2013-11-07,1,1,29.99,29.09,REFUND,REFUNDED,SIMULATED return linked to an AdventureWorks order line,synthetic_extension,1.0.0,BASELINE,20260728,2026-07-28T00:00:00.000Z
RET-001604,SO67528,2,SHP-020425,20176,480,4,8,100,RR-004,2013-10-24,2013-10-29,2013-11-02,1,1,2.29,2.22,REFUND,REFUNDED,SIMULATED return linked to an AdventureWorks order line,synthetic_extension,1.0.0,BASELINE,20260728,2026-07-28T00:00:00.000Z
RET-001605,SO67538,4,SHP-020435,12363,237,3,6,19,RR-005,2013-10-27,2013-10-31,2013-11-01,1,1,49.99,48.49,REFUND,REFUNDED,SIMULATED return linked to an AdventureWorks order line,synthetic_extension,1.0.0,BASELINE,20260728,2026-07-28T00:00:00.000Z
RET-001606,SO67538,5,SHP-020435,12363,225,3,6,19,RR-004,2013-10-28,2013-11-06,2013-11-10,1,1,8.99,8.72,REFUND,REFUNDED,SIMULATED return linked to an AdventureWorks order line,synthetic_extension,1.0.0,BASELINE,20260728,2026-07-28T00:00:00.000Z
RET-001607,SO67545,2,SHP-020442,14902,475,3,4,100,RR-002,2013-10-18,2013-10-28,2013-10-31,1,1,69.99,67.89,REFUND,REFUNDED,SIMULATED return linked to an AdventureWorks order line,synthetic_extension,1.0.0,SCN_RET_CLOTHING_SIZE_SPIKE,20260728,2026-07-28T00:00:00.000Z
RET-001608,SO67556,4,SHP-020453,24252,225,3,9,6,RR-002,2013-10-25,2013-10-29,2013-10-30,1,1,8.99,8.72,REFUND,REFUNDED,SIMULATED return linked to an AdventureWorks order line,synthetic_extension,1.0.0,SCN_RET_CLOTHING_SIZE_SPIKE,20260728,2026-07-28T00:00:00.000Z
RET-001609,SO67557,1,SHP-020454,21878,378,1,9,6,RR-005,2013-11-01,2013-11-05,2013-11-06,1,1,2443.35,2370.05,REFUND,REFUNDED,SIMULATED return linked to an AdventureWorks order line,synthetic_extension,1.0.0,BASELINE,20260728,2026-07-28T00:00:00.000Z
RET-001610,SO67568,3,SHP-020465,18318,465,3,1,100,RR-002,2013-10-26,2013-10-30,2013-10-31,1,1,24.49,23.76,REFUND,REFUNDED,SIMULATED return linked to an AdventureWorks order line,synthetic_extension,1.0.0,SCN_RET_CLOTHING_SIZE_SPIKE,20260728,2026-07-28T00:00:00.000Z
RET-001611,SO67569,4,SHP-020466,24182,225,3,8,100,RR-003,2013-10-25,2013-10-31,2013-11-03,1,1,8.99,8.72,REFUND,REFUNDED,SIMULATED return linked to an AdventureWorks order line,synthetic_extension,1.0.0,BASELINE,20260728,2026-07-28T00:00:00.000Z
RET-001612,SO67571,1,SHP-020468,16298,574,1,8,100,RR-005,2013-10-20,2013-10-28,2013-10-29,1,1,2384.07,2312.55,REFUND,REFUNDED,SIMULATED return linked to an AdventureWorks order line,synthetic_extension,1.0.0,BASELINE,20260728,2026-07-28T00:00:00.000Z
RET-001613,SO67571,2,SHP-020468,16298,541,4,8,100,RR-006,2013-10-23,2013-10-30,2013-11-01,1,1,28.99,28.12,REFUND,REFUNDED,SIMULATED return linked to an AdventureWorks order line,synthetic_extension,1.0.0,BASELINE,20260728,2026-07-28T00:00:00.000Z
RET-001614,SO67571,3,SHP-020468,16298,530,4,8,100,RR-003,2013-10-22,2013-11-01,2013-11-04,1,1,4.99,4.84,REFUND,REFUNDED,SIMULATED return linked to an AdventureWorks order line,synthetic_extension,1.0.0,BASELINE,20260728,2026-07-28T00:00:00.000Z
RET-001615,SO67578,1,SHP-020475,26742,476,3,9,6,RR-001,2013-10-17,2013-10-26,2013-10-30,1,1,69.99,67.89,REFUND,REFUNDED,SIMULATED return linked to an AdventureWorks order line,synthetic_extension,1.0.0,SCN_RET_CLOTHING_SIZE_SPIKE,20260728,2026-07-28T00:00:00.000Z
RET-001616,SO67591,3,SHP-020488,26780,490,3,4,100,RR-002,2013-10-19,2013-10-23,2013-10-24,1,1,53.99,52.37,REFUND,REFUNDED,SIMULATED return linked to an AdventureWorks order line,synthetic_extension,1.0.0,SCN_RET_CLOTHING_SIZE_SPIKE,20260728,2026-07-28T00:00:00.000Z
RET-001617,SO67594,2,SHP-020491,23812,528,4,4,100,RR-005,2013-10-16,2013-10-20,2013-10-21,1,1,4.99,4.84,REFUND,REFUNDED,SIMULATED return linked to an AdventureWorks order line,synthetic_extension,1.0.0,BASELINE,20260728,2026-07-28T00:00:00.000Z
RET-001618,SO67594,3,SHP-020491,23812,222,4,4,100,RR-004,2013-10-17,2013-10-26,2013-10-30,1,1,34.99,33.94,REFUND,REFUNDED,SIMULATED return linked to an AdventureWorks order line,synthetic_extension,1.0.0,BASELINE,20260728,2026-07-28T00:00:00.000Z
RET-001619,SO67604,1,SHP-020501,13386,485,4,1,100,RR-006,2013-11-01,2013-11-04,2013-11-06,1,1,21.98,21.32,REFUND,REFUNDED,SIMULATED return linked to an AdventureWorks order line,synthetic_extension,1.0.0,BASELINE,20260728,2026-07-28T00:00:00.000Z
RET-001620,SO67604,2,SHP-020501,13386,490,3,1,100,RR-002,2013-10-29,2013-11-02,2013-11-03,1,1,53.99,52.37,REFUND,REFUNDED,SIMULATED return linked to an AdventureWorks order line,synthetic_extension,1.0.0,SCN_RET_CLOTHING_SIZE_SPIKE,20260728,2026-07-28T00:00:00.000Z
RET-001621,SO67604,3,SHP-020501,13386,225,3,1,100,RR-001,2013-10-30,2013-11-08,2013-11-12,1,1,8.99,8.72,REFUND,REFUNDED,SIMULATED return linked to an AdventureWorks order line,synthetic_extension,1.0.0,SCN_RET_CLOTHING_SIZE_SPIKE,20260728,2026-07-28T00:00:00.000Z
RET-001622,SO67611,1,SHP-020508,12303,538,4,10,98,RR-004,2013-11-04,2013-11-09,2013-11-13,1,1,21.49,20.85,REFUND,REFUNDED,SIMULATED return linked to an AdventureWorks order line,synthetic_extension,1.0.0,BASELINE,20260728,2026-07-28T00:00:00.000Z
RET-001623,SO67614,4,SHP-020511,16649,225,3,6,19,RR-001,2013-10-24,2013-11-02,2013-11-06,1,1,8.99,8.72,REFUND,REFUNDED,SIMULATED return linked to an AdventureWorks order line,synthetic_extension,1.0.0,SCN_RET_CLOTHING_SIZE_SPIKE,20260728,2026-07-28T00:00:00.000Z
RET-001624,SO67630,4,SHP-020527,15589,217,4,9,6,RR-006,2013-11-01,2013-11-04,2013-11-06,1,1,34.99,33.94,REFUND,REFUNDED,SIMULATED return linked to an AdventureWorks order line,synthetic_extension,1.0.0,BASELINE,20260728,2026-07-28T00:00:00.000Z
RET-001625,SO67631,2,SHP-020528,15362,482,3,6,19,RR-002,2013-10-28,2013-11-01,2013-11-02,1,1,8.99,8.72,REFUND,REFUNDED,SIMULATED return linked to an AdventureWorks order line,synthetic_extension,1.0.0,SCN_RET_CLOTHING_SIZE_SPIKE,20260728,2026-07-28T00:00:00.000Z
RET-001626,SO67637,2,SHP-020534,18501,228,3,1,100,RR-002,2013-10-29,2013-11-08,2013-11-11,1,1,49.99,48.49,REFUND,REFUNDED,SIMULATED return linked to an AdventureWorks order line,synthetic_extension,1.0.0,SCN_RET_CLOTHING_SIZE_SPIKE,20260728,2026-07-28T00:00:00.000Z
RET-001627,SO67647,2,SHP-020544,20224,225,3,9,6,RR-001,2013-10-27,2013-10-30,2013-11-01,1,1,8.99,8.72,REFUND,REFUNDED,SIMULATED return linked to an AdventureWorks order line,synthetic_extension,1.0.0,SCN_RET_CLOTHING_SIZE_SPIKE,20260728,2026-07-28T00:00:00.000Z
RET-001628,SO67650,1,SHP-020547,11806,488,3,4,100,RR-005,2013-10-23,2013-10-31,2013-11-01,1,1,53.99,52.37,REFUND,REFUNDED,SIMULATED return linked to an AdventureWorks order line,synthetic_extension,1.0.0,BASELINE,20260728,2026-07-28T00:00:00.000Z
RET-001629,SO67655,2,SHP-020552,11784,538,4,6,19,RR-003,2013-10-25,2013-11-04,2013-11-07,1,1,21.49,20.85,REFUND,REFUNDED,SIMULATED return linked to an AdventureWorks order line,synthetic_extension,1.0.0,BASELINE,20260728,2026-07-28T00:00:00.000Z
RET-001630,SO67658,1,SHP-020555,27012,530,4,1,100,RR-005,2013-10-26,2013-11-03,2013-11-04,1,1,4.99,4.84,REFUND,REFUNDED,SIMULATED return linked to an AdventureWorks order line,synthetic_extension,1.0.0,BASELINE,20260728,2026-07-28T00:00:00.000Z
RET-001631,SO67659,3,SHP-020556,24510,465,3,1,100,RR-001,2013-10-31,2013-11-03,2013-11-05,1,1,24.49,23.76,REFUND,REFUNDED,SIMULATED return linked to an AdventureWorks order line,synthetic_extension,1.0.0,SCN_RET_CLOTHING_SIZE_SPIKE,20260728,2026-07-28T00:00:00.000Z
RET-001632,SO67666,3,SHP-020563,23327,231,3,4,100,RR-001,2013-10-19,2013-10-24,2013-10-28,1,1,49.99,48.49,REFUND,REFUNDED,SIMULATED return linked to an AdventureWorks order line,synthetic_extension,1.0.0,SCN_RET_CLOTHING_SIZE_SPIKE,20260728,2026-07-28T00:00:00.000Z
RET-001633,SO67666,4,SHP-020563,23327,225,3,4,100,RR-002,2013-10-24,2013-10-30,2013-11-02,1,1,8.99,8.72,REFUND,REFUNDED,SIMULATED return linked to an AdventureWorks order line,synthetic_extension,1.0.0,SCN_RET_CLOTHING_SIZE_SPIKE,20260728,2026-07-28T00:00:00.000Z
RET-001634,SO67667,1,SHP-020564,19846,475,3,1,100,RR-002,2013-10-16,2013-10-22,2013-10-25,1,1,69.99,67.89,REFUND,REFUNDED,SIMULATED return linked to an AdventureWorks order line,synthetic_extension,1.0.0,SCN_RET_CLOTHING_SIZE_SPIKE,20260728,2026-07-28T00:00:00.000Z
RET-001635,SO67672,4,SHP-020569,17106,225,3,7,100,RR-001,2013-10-23,2013-10-28,2013-11-01,1,1,8.99,8.72,REFUND,REFUNDED,SIMULATED return linked to an AdventureWorks order line,synthetic_extension,1.0.0,SCN_RET_CLOTHING_SIZE_SPIKE,20260728,2026-07-28T00:00:00.000Z
RET-001636,SO67678,2,SHP-020575,21007,488,3,8,100,RR-004,2013-10-29,2013-11-07,2013-11-11,1,1,53.99,52.37,REFUND,REFUNDED,SIMULATED return linked to an AdventureWorks order line,synthetic_extension,1.0.0,BASELINE,20260728,2026-07-28T00:00:00.000Z
RET-001637,SO67679,1,SHP-020576,24562,529,4,8,100,RR-006,2013-10-26,2013-11-02,2013-11-04,1,1,3.99,3.87,REFUND,REFUNDED,SIMULATED return linked to an AdventureWorks order line,synthetic_extension,1.0.0,BASELINE,20260728,2026-07-28T00:00:00.000Z
RET-001638,SO67686,2,SHP-020583,24303,489,3,9,6,RR-002,2013-10-25,2013-10-31,2013-11-03,1,1,53.99,52.37,REFUND,REFUNDED,SIMULATED return linked to an AdventureWorks order line,synthetic_extension,1.0.0,SCN_RET_CLOTHING_SIZE_SPIKE,20260728,2026-07-28T00:00:00.000Z
RET-001639,SO67686,3,SHP-020583,24303,225,3,9,6,RR-001,2013-10-26,2013-10-29,2013-10-31,1,1,8.99,8.72,REFUND,REFUNDED,SIMULATED return linked to an AdventureWorks order line,synthetic_extension,1.0.0,SCN_RET_CLOTHING_SIZE_SPIKE,20260728,2026-07-28T00:00:00.000Z
RET-001640,SO67696,2,SHP-020593,12703,225,3,9,6,RR-004,2013-11-02,2013-11-07,2013-11-11,1,1,8.99,8.72,REFUND,REFUNDED,SIMULATED return linked to an AdventureWorks order line,synthetic_extension,1.0.0,BASELINE,20260728,2026-07-28T00:00:00.000Z
RET-001641,SO67700,1,SHP-020597,26149,476,3,9,6,RR-002,2013-10-31,2013-11-06,2013-11-09,1,1,69.99,67.89,REFUND,REFUNDED,SIMULATED return linked to an AdventureWorks order line,synthetic_extension,1.0.0,SCN_RET_CLOTHING_SIZE_SPIKE,20260728,2026-07-28T00:00:00.000Z
RET-001642,SO67700,2,SHP-020597,26149,481,3,9,6,RR-001,2013-10-30,2013-11-08,2013-11-12,1,1,8.99,8.72,REFUND,REFUNDED,SIMULATED return linked to an AdventureWorks order line,synthetic_extension,1.0.0,SCN_RET_CLOTHING_SIZE_SPIKE,20260728,2026-07-28T00:00:00.000Z
RET-001643,SO67709,1,SHP-020606,26246,535,4,4,100,RR-006,2013-10-21,2013-10-28,2013-10-30,1,1,24.99,24.24,REFUND,REFUNDED,SIMULATED return linked to an AdventureWorks order line,synthetic_extension,1.0.0,BASELINE,20260728,2026-07-28T00:00:00.000Z
RET-001644,SO67709,2,SHP-020606,26246,480,4,4,100,RR-005,2013-10-18,2013-10-26,2013-10-27,1,1,2.29,2.22,REFUND,REFUNDED,SIMULATED return linked to an AdventureWorks order line,synthetic_extension,1.0.0,BASELINE,20260728,2026-07-28T00:00:00.000Z
RET-001645,SO67712,4,SHP-020609,13474,231,3,6,19,RR-002,2013-10-26,2013-11-05,2013-11-08,1,1,49.99,48.49,REFUND,REFUNDED,SIMULATED return linked to an AdventureWorks order line,synthetic_extension,1.0.0,SCN_RET_CLOTHING_SIZE_SPIKE,20260728,2026-07-28T00:00:00.000Z
RET-001646,SO67718,1,SHP-020615,20020,475,3,4,100,RR-001,2013-10-22,2013-10-31,2013-11-04,1,1,69.99,67.89,REFUND,REFUNDED,SIMULATED return linked to an AdventureWorks order line,synthetic_extension,1.0.0,SCN_RET_CLOTHING_SIZE_SPIKE,20260728,2026-07-28T00:00:00.000Z
RET-001647,SO67718,2,SHP-020615,20020,225,3,4,100,RR-002,2013-10-23,2013-10-29,2013-11-01,1,1,8.99,8.72,REFUND,REFUNDED,SIMULATED return linked to an AdventureWorks order line,synthetic_extension,1.0.0,SCN_RET_CLOTHING_SIZE_SPIKE,20260728,2026-07-28T00:00:00.000Z
RET-001648,SO67721,2,SHP-020618,24625,225,3,6,19,RR-002,2013-10-28,2013-11-03,2013-11-06,1,1,8.99,8.72,REFUND,REFUNDED,SIMULATED return linked to an AdventureWorks order line,synthetic_extension,1.0.0,SCN_RET_CLOTHING_SIZE_SPIKE,20260728,2026-07-28T00:00:00.000Z
RET-001649,SO67724,4,SHP-020621,20881,225,3,10,98,RR-001,2013-11-04,2013-11-09,2013-11-13,1,1,8.99,8.72,REFUND,REFUNDED,SIMULATED return linked to an AdventureWorks order line,synthetic_extension,1.0.0,SCN_RET_CLOTHING_SIZE_SPIKE,20260728,2026-07-28T00:00:00.000Z
RET-001650,SO67733,2,SHP-020630,14893,474,3,6,19,RR-001,2013-11-05,2013-11-12,2013-11-14,1,1,69.99,67.89,REFUND,REFUNDED,SIMULATED return linked to an AdventureWorks order line,synthetic_extension,1.0.0,SCN_RET_CLOTHING_SIZE_SPIKE,20260728,2026-07-28T00:00:00.000Z
RET-001651,SO67746,3,SHP-020643,26566,490,3,9,6,RR-002,2013-10-29,2013-11-04,2013-11-07,1,1,53.99,52.37,REFUND,REFUNDED,SIMULATED return linked to an AdventureWorks order line,synthetic_extension,1.0.0,SCN_RET_CLOTHING_SIZE_SPIKE,20260728,2026-07-28T00:00:00.000Z
RET-001652,SO67746,4,SHP-020643,26566,465,3,9,6,RR-001,2013-10-24,2013-10-29,2013-11-02,1,1,24.49,23.76,REFUND,REFUNDED,SIMULATED return linked to an AdventureWorks order line,synthetic_extension,1.0.0,SCN_RET_CLOTHING_SIZE_SPIKE,20260728,2026-07-28T00:00:00.000Z
RET-001653,SO67751,3,SHP-020648,27294,231,3,4,100,RR-002,2013-11-02,2013-11-08,2013-11-11,1,1,49.99,48.49,REFUND,REFUNDED,SIMULATED return linked to an AdventureWorks order line,synthetic_extension,1.0.0,SCN_RET_CLOTHING_SIZE_SPIKE,20260728,2026-07-28T00:00:00.000Z
RET-001654,SO67771,1,SHP-020668,26671,475,3,9,6,RR-003,2013-10-30,2013-11-05,2013-11-08,1,1,69.99,67.89,REFUND,REFUNDED,SIMULATED return linked to an AdventureWorks order line,synthetic_extension,1.0.0,BASELINE,20260728,2026-07-28T00:00:00.000Z
RET-001655,SO67778,2,SHP-020675,14155,483,4,10,98,RR-005,2013-11-14,2013-11-22,2013-11-23,1,1,120,116.4,REFUND,REFUNDED,SIMULATED return linked to an AdventureWorks order line,synthetic_extension,1.0.0,BASELINE,20260728,2026-07-28T00:00:00.000Z
RET-001656,SO67784,1,SHP-020681,11844,231,3,4,100,RR-002,2013-11-03,2013-11-13,2013-11-16,1,1,49.99,48.49,REFUND,REFUNDED,SIMULATED return linked to an AdventureWorks order line,synthetic_extension,1.0.0,SCN_RET_CLOTHING_SIZE_SPIKE,20260728,2026-07-28T00:00:00.000Z
RET-001657,SO67787,1,SHP-020684,26255,541,4,1,100,RR-004,2013-10-22,2013-10-31,2013-11-04,1,1,28.99,28.12,REFUND,REFUNDED,SIMULATED return linked to an AdventureWorks order line,synthetic_extension,1.0.0,BASELINE,20260728,2026-07-28T00:00:00.000Z
RET-001658,SO67787,2,SHP-020684,26255,530,4,1,100,RR-003,2013-10-23,2013-10-29,2013-11-01,1,1,4.99,4.84,REFUND,REFUNDED,SIMULATED return linked to an AdventureWorks order line,synthetic_extension,1.0.0,BASELINE,20260728,2026-07-28T00:00:00.000Z
RET-001659,SO67795,1,SHP-020692,18913,225,3,4,100,RR-005,2013-11-04,2013-11-08,2013-11-09,1,1,8.99,8.72,REFUND,REFUNDED,SIMULATED return linked to an AdventureWorks order line,synthetic_extension,1.0.0,BASELINE,20260728,2026-07-28T00:00:00.000Z
RET-001660,SO67795,2,SHP-020692,18913,476,3,4,100,RR-006,2013-10-20,2013-10-23,2013-10-25,1,1,69.99,67.89,REFUND,REFUNDED,SIMULATED return linked to an AdventureWorks order line,synthetic_extension,1.0.0,BASELINE,20260728,2026-07-28T00:00:00.000Z
RET-001661,SO67799,1,SHP-020696,29259,225,3,6,19,RR-002,2013-11-03,2013-11-11,2013-11-12,1,1,8.99,8.72,REFUND,REFUNDED,SIMULATED return linked to an AdventureWorks order line,synthetic_extension,1.0.0,SCN_RET_CLOTHING_SIZE_SPIKE,20260728,2026-07-28T00:00:00.000Z
RET-001662,SO67801,1,SHP-020698,14542,475,3,10,98,RR-002,2013-11-08,2013-11-16,2013-11-17,1,1,69.99,67.89,REFUND,REFUNDED,SIMULATED return linked to an AdventureWorks order line,synthetic_extension,1.0.0,SCN_RET_CLOTHING_SIZE_SPIKE,20260728,2026-07-28T00:00:00.000Z
RET-001663,SO67801,2,SHP-020698,14542,225,3,10,98,RR-001,2013-10-28,2013-11-04,2013-11-06,1,1,8.99,8.72,REFUND,REFUNDED,SIMULATED return linked to an AdventureWorks order line,synthetic_extension,1.0.0,SCN_RET_CLOTHING_SIZE_SPIKE,20260728,2026-07-28T00:00:00.000Z
RET-001664,SO67825,5,SHP-020722,17922,491,3,9,6,RR-002,2013-10-28,2013-11-07,2013-11-10,1,1,53.99,52.37,REFUND,REFUNDED,SIMULATED return linked to an AdventureWorks order line,synthetic_extension,1.0.0,SCN_RET_CLOTHING_SIZE_SPIKE,20260728,2026-07-28T00:00:00.000Z
RET-001665,SO67850,3,SHP-020747,14702,222,4,10,98,RR-005,2013-10-21,2013-10-29,2013-10-30,1,1,34.99,33.94,REFUND,REFUNDED,SIMULATED return linked to an AdventureWorks order line,synthetic_extension,1.0.0,BASELINE,20260728,2026-07-28T00:00:00.000Z
RET-001666,SO67850,4,SHP-020747,14702,225,3,10,98,RR-001,2013-10-28,2013-10-31,2013-11-02,1,1,8.99,8.72,REFUND,REFUNDED,SIMULATED return linked to an AdventureWorks order line,synthetic_extension,1.0.0,SCN_RET_CLOTHING_SIZE_SPIKE,20260728,2026-07-28T00:00:00.000Z
RET-001667,SO67857,3,SHP-020754,24765,225,3,1,100,RR-001,2013-11-02,2013-11-09,2013-11-11,1,1,8.99,8.72,REFUND,REFUNDED,SIMULATED return linked to an AdventureWorks order line,synthetic_extension,1.0.0,SCN_RET_CLOTHING_SIZE_SPIKE,20260728,2026-07-28T00:00:00.000Z
RET-001668,SO67857,4,SHP-020754,24765,490,3,1,100,RR-002,2013-11-03,2013-11-07,2013-11-08,1,1,53.99,52.37,REFUND,REFUNDED,SIMULATED return linked to an AdventureWorks order line,synthetic_extension,1.0.0,SCN_RET_CLOTHING_SIZE_SPIKE,20260728,2026-07-28T00:00:00.000Z
RET-001669,SO67872,1,SHP-020769,20557,528,4,10,98,RR-003,2013-11-13,2013-11-19,2013-11-22,1,1,4.99,4.84,REFUND,REFUNDED,SIMULATED return linked to an AdventureWorks order line,synthetic_extension,1.0.0,BASELINE,20260728,2026-07-28T00:00:00.000Z
RET-001670,SO67872,2,SHP-020769,20557,535,4,10,98,RR-004,2013-11-12,2013-11-21,2013-11-25,1,1,24.99,24.24,REFUND,REFUNDED,SIMULATED return linked to an AdventureWorks order line,synthetic_extension,1.0.0,BASELINE,20260728,2026-07-28T00:00:00.000Z
RET-001671,SO67872,3,SHP-020769,20557,222,4,10,98,RR-005,2013-11-11,2013-11-15,2013-11-16,1,1,34.99,33.94,REFUND,REFUNDED,SIMULATED return linked to an AdventureWorks order line,synthetic_extension,1.0.0,BASELINE,20260728,2026-07-28T00:00:00.000Z
RET-001672,SO67873,3,SHP-020770,12862,234,3,7,100,RR-001,2013-10-29,2013-11-03,2013-11-07,1,1,49.99,48.49,REFUND,REFUNDED,SIMULATED return linked to an AdventureWorks order line,synthetic_extension,1.0.0,SCN_RET_CLOTHING_SIZE_SPIKE,20260728,2026-07-28T00:00:00.000Z
RET-001673,SO67878,1,SHP-020775,13294,485,4,1,100,RR-005,2013-11-04,2013-11-08,2013-11-09,1,1,21.98,21.32,REFUND,REFUNDED,SIMULATED return linked to an AdventureWorks order line,synthetic_extension,1.0.0,BASELINE,20260728,2026-07-28T00:00:00.000Z
RET-001674,SO67878,2,SHP-020775,13294,478,4,1,100,RR-006,2013-10-20,2013-10-23,2013-10-25,1,1,9.99,9.69,REFUND,REFUNDED,SIMULATED return linked to an AdventureWorks order line,synthetic_extension,1.0.0,BASELINE,20260728,2026-07-28T00:00:00.000Z
RET-001675,SO67878,3,SHP-020775,13294,477,4,1,100,RR-003,2013-11-06,2013-11-12,2013-11-15,1,1,4.99,4.84,REFUND,REFUNDED,SIMULATED return linked to an AdventureWorks order line,synthetic_extension,1.0.0,BASELINE,20260728,2026-07-28T00:00:00.000Z
RET-001676,SO67915,1,SHP-020812,12106,535,4,6,19,RR-003,2013-10-22,2013-10-28,2013-10-31,1,1,24.99,24.24,REFUND,REFUNDED,SIMULATED return linked to an AdventureWorks order line,synthetic_extension,1.0.0,BASELINE,20260728,2026-07-28T00:00:00.000Z
RET-001677,SO67949,4,SHP-020846,23478,217,4,1,100,RR-005,2013-10-22,2013-10-26,2013-10-27,1,1,34.99,33.94,REFUND,REFUNDED,SIMULATED return linked to an AdventureWorks order line,synthetic_extension,1.0.0,BASELINE,20260728,2026-07-28T00:00:00.000Z
RET-001678,SO67953,3,SHP-020850,18414,465,3,1,100,RR-002,2013-11-05,2013-11-11,2013-11-14,1,1,24.49,23.76,REFUND,REFUNDED,SIMULATED return linked to an AdventureWorks order line,synthetic_extension,1.0.0,SCN_RET_CLOTHING_SIZE_SPIKE,20260728,2026-07-28T00:00:00.000Z
RET-001679,SO67983,4,SHP-020880,26453,225,3,1,100,RR-002,2013-10-31,2013-11-10,2013-11-13,1,1,8.99,8.72,REFUND,REFUNDED,SIMULATED return linked to an AdventureWorks order line,synthetic_extension,1.0.0,SCN_RET_CLOTHING_SIZE_SPIKE,20260728,2026-07-28T00:00:00.000Z
RET-001680,SO67996,2,SHP-020893,23229,463,3,8,100,RR-002,2013-11-07,2013-11-17,2013-11-20,1,1,24.49,23.76,REFUND,REFUNDED,SIMULATED return linked to an AdventureWorks order line,synthetic_extension,1.0.0,SCN_RET_CLOTHING_SIZE_SPIKE,20260728,2026-07-28T00:00:00.000Z
RET-001681,SO68000,2,SHP-020897,24070,541,4,7,100,RR-006,2013-10-28,2013-10-31,2013-11-02,1,1,28.99,28.12,REFUND,REFUNDED,SIMULATED return linked to an AdventureWorks order line,synthetic_extension,1.0.0,BASELINE,20260728,2026-07-28T00:00:00.000Z
RET-001682,SO68000,3,SHP-020897,24070,480,4,7,100,RR-003,2013-10-27,2013-11-02,2013-11-05,1,1,2.29,2.22,REFUND,REFUNDED,SIMULATED return linked to an AdventureWorks order line,synthetic_extension,1.0.0,BASELINE,20260728,2026-07-28T00:00:00.000Z
RET-001683,SO68001,3,SHP-020898,24076,225,3,7,100,RR-001,2013-10-27,2013-11-03,2013-11-05,1,1,8.99,8.72,REFUND,REFUNDED,SIMULATED return linked to an AdventureWorks order line,synthetic_extension,1.0.0,SCN_RET_CLOTHING_SIZE_SPIKE,20260728,2026-07-28T00:00:00.000Z
RET-001684,SO68007,2,SHP-020904,12619,541,4,10,98,RR-005,2013-11-07,2013-11-11,2013-11-12,1,1,28.99,28.12,REFUND,REFUNDED,SIMULATED return linked to an AdventureWorks order line,synthetic_extension,1.0.0,BASELINE,20260728,2026-07-28T00:00:00.000Z
RET-001685,SO68007,3,SHP-020904,12619,530,4,10,98,RR-004,2013-11-08,2013-11-17,2013-11-21,1,1,4.99,4.84,REFUND,REFUNDED,SIMULATED return linked to an AdventureWorks order line,synthetic_extension,1.0.0,BASELINE,20260728,2026-07-28T00:00:00.000Z
RET-001686,SO68007,4,SHP-020904,12619,487,4,10,98,RR-003,2013-11-05,2013-11-15,2013-11-18,1,1,54.99,53.34,REFUND,REFUNDED,SIMULATED return linked to an AdventureWorks order line,synthetic_extension,1.0.0,BASELINE,20260728,2026-07-28T00:00:00.000Z
RET-001687,SO68015,3,SHP-020912,21944,488,3,9,6,RR-005,2013-11-04,2013-11-12,2013-11-13,1,1,53.99,52.37,REFUND,REFUNDED,SIMULATED return linked to an AdventureWorks order line,synthetic_extension,1.0.0,BASELINE,20260728,2026-07-28T00:00:00.000Z
RET-001688,SO68023,1,SHP-020920,28563,390,1,8,100,RR-004,2013-11-04,2013-11-13,2013-11-17,1,1,1120.49,1086.88,REFUND,REFUNDED,SIMULATED return linked to an AdventureWorks order line,synthetic_extension,1.0.0,BASELINE,20260728,2026-07-28T00:00:00.000Z
RET-001689,SO68023,2,SHP-020920,28563,477,4,8,100,RR-003,2013-11-05,2013-11-11,2013-11-14,1,1,4.99,4.84,REFUND,REFUNDED,SIMULATED return linked to an AdventureWorks order line,synthetic_extension,1.0.0,BASELINE,20260728,2026-07-28T00:00:00.000Z
RET-001690,SO68023,3,SHP-020920,28563,479,4,8,100,RR-006,2013-11-06,2013-11-09,2013-11-11,1,1,8.99,8.72,REFUND,REFUNDED,SIMULATED return linked to an AdventureWorks order line,synthetic_extension,1.0.0,BASELINE,20260728,2026-07-28T00:00:00.000Z
RET-001691,SO68023,4,SHP-020920,28563,471,3,8,100,RR-002,2013-11-17,2013-11-25,2013-11-26,1,1,63.5,61.59,REFUND,REFUNDED,SIMULATED return linked to an AdventureWorks order line,synthetic_extension,1.0.0,SCN_RET_CLOTHING_SIZE_SPIKE,20260728,2026-07-28T00:00:00.000Z
RET-001692,SO68046,1,SHP-020943,15950,528,4,1,100,RR-003,2013-11-03,2013-11-09,2013-11-12,1,1,4.99,4.84,REFUND,REFUNDED,SIMULATED return linked to an AdventureWorks order line,synthetic_extension,1.0.0,BASELINE,20260728,2026-07-28T00:00:00.000Z
RET-001693,SO68046,2,SHP-020943,15950,480,4,1,100,RR-004,2013-11-02,2013-11-11,2013-11-15,1,1,2.29,2.22,REFUND,REFUNDED,SIMULATED return linked to an AdventureWorks order line,synthetic_extension,1.0.0,BASELINE,20260728,2026-07-28T00:00:00.000Z
RET-001694,SO68057,2,SHP-020954,12476,480,4,10,98,RR-006,2013-11-11,2013-11-14,2013-11-16,1,1,2.29,2.22,REFUND,REFUNDED,SIMULATED return linked to an AdventureWorks order line,synthetic_extension,1.0.0,BASELINE,20260728,2026-07-28T00:00:00.000Z
RET-001695,SO68070,2,SHP-020967,11372,476,3,9,6,RR-002,2013-10-27,2013-11-02,2013-11-05,1,1,69.99,67.89,REFUND,REFUNDED,SIMULATED return linked to an AdventureWorks order line,synthetic_extension,1.0.0,SCN_RET_CLOTHING_SIZE_SPIKE,20260728,2026-07-28T00:00:00.000Z
RET-001696,SO68110,5,SHP-021007,24634,482,3,1,100,RR-002,2013-10-23,2013-10-29,2013-11-01,1,1,8.99,8.72,REFUND,REFUNDED,SIMULATED return linked to an AdventureWorks order line,synthetic_extension,1.0.0,SCN_RET_CLOTHING_SIZE_SPIKE,20260728,2026-07-28T00:00:00.000Z
RET-001697,SO68119,3,SHP-021016,15814,489,3,4,100,RR-001,2013-10-30,2013-11-08,2013-11-12,1,1,53.99,52.37,REFUND,REFUNDED,SIMULATED return linked to an AdventureWorks order line,synthetic_extension,1.0.0,SCN_RET_CLOTHING_SIZE_SPIKE,20260728,2026-07-28T00:00:00.000Z
RET-001698,SO68126,1,SHP-021023,13604,541,4,10,98,RR-004,2013-11-18,2013-11-27,2013-12-01,1,1,28.99,28.12,REFUND,REFUNDED,SIMULATED return linked to an AdventureWorks order line,synthetic_extension,1.0.0,BASELINE,20260728,2026-07-28T00:00:00.000Z
RET-001699,SO68126,2,SHP-021023,13604,530,4,10,98,RR-003,2013-11-19,2013-11-25,2013-11-28,1,1,4.99,4.84,REFUND,REFUNDED,SIMULATED return linked to an AdventureWorks order line,synthetic_extension,1.0.0,BASELINE,20260728,2026-07-28T00:00:00.000Z
RET-001700,SO68126,3,SHP-021023,13604,479,4,10,98,RR-006,2013-11-02,2013-11-05,2013-11-07,1,1,8.99,8.72,REFUND,REFUNDED,SIMULATED return linked to an AdventureWorks order line,synthetic_extension,1.0.0,BASELINE,20260728,2026-07-28T00:00:00.000Z
RET-001701,SO68126,4,SHP-021023,13604,477,4,10,98,RR-005,2013-11-13,2013-11-21,2013-11-22,1,1,4.99,4.84,REFUND,REFUNDED,SIMULATED return linked to an AdventureWorks order line,synthetic_extension,1.0.0,BASELINE,20260728,2026-07-28T00:00:00.000Z
RET-001702,SO68126,6,SHP-021023,13604,231,3,10,98,RR-003,2013-11-15,2013-11-25,2013-11-28,1,1,49.99,48.49,REFUND,REFUNDED,SIMULATED return linked to an AdventureWorks order line,synthetic_extension,1.0.0,BASELINE,20260728,2026-07-28T00:00:00.000Z
RET-001703,SO68130,1,SHP-021027,16839,361,1,4,100,RR-005,2013-10-31,2013-11-04,2013-11-05,1,1,2294.99,2226.14,REFUND,REFUNDED,SIMULATED return linked to an AdventureWorks order line,synthetic_extension,1.0.0,BASELINE,20260728,2026-07-28T00:00:00.000Z
RET-001704,SO68131,3,SHP-021028,15283,237,3,6,19,RR-001,2013-10-27,2013-11-03,2013-11-05,1,1,49.99,48.49,REFUND,REFUNDED,SIMULATED return linked to an AdventureWorks order line,synthetic_extension,1.0.0,SCN_RET_CLOTHING_SIZE_SPIKE,20260728,2026-07-28T00:00:00.000Z
RET-001705,SO68131,4,SHP-021028,15283,467,3,6,19,RR-002,2013-10-28,2013-11-01,2013-11-02,1,1,24.49,23.76,REFUND,REFUNDED,SIMULATED return linked to an AdventureWorks order line,synthetic_extension,1.0.0,SCN_RET_CLOTHING_SIZE_SPIKE,20260728,2026-07-28T00:00:00.000Z
RET-001706,SO68143,1,SHP-021040,20209,390,1,6,19,RR-003,2013-10-27,2013-11-06,2013-11-09,1,1,1120.49,1086.88,REFUND,REFUNDED,SIMULATED return linked to an AdventureWorks order line,synthetic_extension,1.0.0,BASELINE,20260728,2026-07-28T00:00:00.000Z
RET-001707,SO68143,2,SHP-021040,20209,479,4,6,19,RR-004,2013-10-26,2013-10-31,2013-11-04,1,1,8.99,8.72,REFUND,REFUNDED,SIMULATED return linked to an AdventureWorks order line,synthetic_extension,1.0.0,BASELINE,20260728,2026-07-28T00:00:00.000Z
RET-001708,SO68143,3,SHP-021040,20209,477,4,6,19,RR-005,2013-10-25,2013-11-02,2013-11-03,1,1,4.99,4.84,REFUND,REFUNDED,SIMULATED return linked to an AdventureWorks order line,synthetic_extension,1.0.0,BASELINE,20260728,2026-07-28T00:00:00.000Z
RET-001709,SO68143,5,SHP-021040,20209,237,3,6,19,RR-002,2013-10-31,2013-11-06,2013-11-09,1,1,49.99,48.49,REFUND,REFUNDED,SIMULATED return linked to an AdventureWorks order line,synthetic_extension,1.0.0,SCN_RET_CLOTHING_SIZE_SPIKE,20260728,2026-07-28T00:00:00.000Z
RET-001710,SO68145,2,SHP-021042,18371,490,3,1,100,RR-006,2013-11-07,2013-11-10,2013-11-12,1,1,53.99,52.37,REFUND,REFUNDED,SIMULATED return linked to an AdventureWorks order line,synthetic_extension,1.0.0,BASELINE,20260728,2026-07-28T00:00:00.000Z
RET-001711,SO68159,2,SHP-021056,16417,234,3,10,98,RR-002,2013-11-16,2013-11-24,2013-11-25,1,1,49.99,48.49,REFUND,REFUNDED,SIMULATED return linked to an AdventureWorks order line,synthetic_extension,1.0.0,SCN_RET_CLOTHING_SIZE_SPIKE,20260728,2026-07-28T00:00:00.000Z
RET-001712,SO68163,2,SHP-021060,17963,237,3,8,100,RR-001,2013-11-09,2013-11-16,2013-11-18,1,1,49.99,48.49,REFUND,REFUNDED,SIMULATED return linked to an AdventureWorks order line,synthetic_extension,1.0.0,SCN_RET_CLOTHING_SIZE_SPIKE,20260728,2026-07-28T00:00:00.000Z
RET-001713,SO68185,1,SHP-021082,12513,237,3,10,98,RR-002,2013-10-30,2013-11-07,2013-11-08,1,1,49.99,48.49,REFUND,REFUNDED,SIMULATED return linked to an AdventureWorks order line,synthetic_extension,1.0.0,SCN_RET_CLOTHING_SIZE_SPIKE,20260728,2026-07-28T00:00:00.000Z
RET-001714,SO68185,2,SHP-021082,12513,225,3,10,98,RR-001,2013-11-02,2013-11-09,2013-11-11,1,1,8.99,8.72,REFUND,REFUNDED,SIMULATED return linked to an AdventureWorks order line,synthetic_extension,1.0.0,SCN_RET_CLOTHING_SIZE_SPIKE,20260728,2026-07-28T00:00:00.000Z
RET-001715,SO68193,2,SHP-021090,21329,237,3,4,100,RR-002,2013-11-09,2013-11-15,2013-11-18,1,1,49.99,48.49,REFUND,REFUNDED,SIMULATED return linked to an AdventureWorks order line,synthetic_extension,1.0.0,SCN_RET_CLOTHING_SIZE_SPIKE,20260728,2026-07-28T00:00:00.000Z
RET-001716,SO68193,3,SHP-021090,21329,225,3,4,100,RR-001,2013-10-23,2013-10-26,2013-10-28,1,1,8.99,8.72,REFUND,REFUNDED,SIMULATED return linked to an AdventureWorks order line,synthetic_extension,1.0.0,SCN_RET_CLOTHING_SIZE_SPIKE,20260728,2026-07-28T00:00:00.000Z
RET-001717,SO68197,2,SHP-021094,11412,225,3,8,100,RR-002,2013-10-27,2013-11-06,2013-11-09,1,1,8.99,8.72,REFUND,REFUNDED,SIMULATED return linked to an AdventureWorks order line,synthetic_extension,1.0.0,SCN_RET_CLOTHING_SIZE_SPIKE,20260728,2026-07-28T00:00:00.000Z
RET-001718,SO68207,1,SHP-021104,29023,539,4,1,100,RR-004,2013-10-25,2013-11-03,2013-11-07,1,1,24.99,24.24,REFUND,REFUNDED,SIMULATED return linked to an AdventureWorks order line,synthetic_extension,1.0.0,BASELINE,20260728,2026-07-28T00:00:00.000Z
RET-001719,SO68224,1,SHP-021121,27643,528,4,6,19,RR-005,2013-11-02,2013-11-06,2013-11-07,1,1,4.99,4.84,REFUND,REFUNDED,SIMULATED return linked to an AdventureWorks order line,synthetic_extension,1.0.0,BASELINE,20260728,2026-07-28T00:00:00.000Z
RET-001720,SO68224,2,SHP-021121,27643,231,3,6,19,RR-001,2013-11-05,2013-11-08,2013-11-10,1,1,49.99,48.49,REFUND,REFUNDED,SIMULATED return linked to an AdventureWorks order line,synthetic_extension,1.0.0,SCN_RET_CLOTHING_SIZE_SPIKE,20260728,2026-07-28T00:00:00.000Z
RET-001721,SO68225,2,SHP-021122,20479,471,3,6,19,RR-002,2013-11-03,2013-11-13,2013-11-16,1,1,63.5,61.59,REFUND,REFUNDED,SIMULATED return linked to an AdventureWorks order line,synthetic_extension,1.0.0,SCN_RET_CLOTHING_SIZE_SPIKE,20260728,2026-07-28T00:00:00.000Z
RET-001722,SO68237,2,SHP-021134,16213,234,3,6,19,RR-001,2013-11-11,2013-11-14,2013-11-16,1,1,49.99,48.49,REFUND,REFUNDED,SIMULATED return linked to an AdventureWorks order line,synthetic_extension,1.0.0,SCN_RET_CLOTHING_SIZE_SPIKE,20260728,2026-07-28T00:00:00.000Z
RET-001723,SO68248,5,SHP-021145,16478,491,3,4,100,RR-002,2013-11-10,2013-11-16,2013-11-19,1,1,53.99,52.37,REFUND,REFUNDED,SIMULATED return linked to an AdventureWorks order line,synthetic_extension,1.0.0,SCN_RET_CLOTHING_SIZE_SPIKE,20260728,2026-07-28T00:00:00.000Z
RET-001724,SO68267,2,SHP-021164,11711,471,3,6,19,RR-005,2013-11-16,2013-11-20,2013-11-21,1,1,63.5,61.59,REFUND,REFUNDED,SIMULATED return linked to an AdventureWorks order line,synthetic_extension,1.0.0,BASELINE,20260728,2026-07-28T00:00:00.000Z
RET-001725,SO68273,1,SHP-021170,28137,530,4,9,6,RR-005,2013-11-03,2013-11-07,2013-11-08,1,1,4.99,4.84,REFUND,REFUNDED,SIMULATED return linked to an AdventureWorks order line,synthetic_extension,1.0.0,BASELINE,20260728,2026-07-28T00:00:00.000Z
RET-001726,SO68273,2,SHP-021170,28137,480,4,9,6,RR-006,2013-11-06,2013-11-09,2013-11-11,1,1,2.29,2.22,REFUND,REFUNDED,SIMULATED return linked to an AdventureWorks order line,synthetic_extension,1.0.0,BASELINE,20260728,2026-07-28T00:00:00.000Z
RET-001727,SO68280,1,SHP-021177,19028,363,1,7,100,RR-003,2013-11-14,2013-11-20,2013-11-23,1,1,2294.99,2226.14,REFUND,REFUNDED,SIMULATED return linked to an AdventureWorks order line,synthetic_extension,1.0.0,BASELINE,20260728,2026-07-28T00:00:00.000Z
RET-001728,SO68280,2,SHP-021177,19028,477,4,7,100,RR-004,2013-11-13,2013-11-22,2013-11-26,1,1,4.99,4.84,REFUND,REFUNDED,SIMULATED return linked to an AdventureWorks order line,synthetic_extension,1.0.0,BASELINE,20260728,2026-07-28T00:00:00.000Z
RET-001729,SO68280,3,SHP-021177,19028,478,4,7,100,RR-005,2013-11-12,2013-11-16,2013-11-17,1,1,9.99,9.69,REFUND,REFUNDED,SIMULATED return linked to an AdventureWorks order line,synthetic_extension,1.0.0,BASELINE,20260728,2026-07-28T00:00:00.000Z
RET-001730,SO68280,4,SHP-021177,19028,488,3,7,100,RR-001,2013-11-11,2013-11-18,2013-11-20,1,1,53.99,52.37,REFUND,REFUNDED,SIMULATED return linked to an AdventureWorks order line,synthetic_extension,1.0.0,SCN_RET_CLOTHING_SIZE_SPIKE,20260728,2026-07-28T00:00:00.000Z
RET-001731,SO68294,4,SHP-021191,23062,237,3,1,100,RR-002,2013-11-13,2013-11-17,2013-11-18,1,1,49.99,48.49,REFUND,REFUNDED,SIMULATED return linked to an AdventureWorks order line,synthetic_extension,1.0.0,SCN_RET_CLOTHING_SIZE_SPIKE,20260728,2026-07-28T00:00:00.000Z
RET-001732,SO68298,3,SHP-021195,22184,480,4,4,100,RR-006,2013-10-30,2013-11-02,2013-11-04,1,1,2.29,2.22,REFUND,REFUNDED,SIMULATED return linked to an AdventureWorks order line,synthetic_extension,1.0.0,BASELINE,20260728,2026-07-28T00:00:00.000Z
RET-001733,SO68300,1,SHP-021197,19699,474,3,1,100,RR-001,2013-10-27,2013-11-03,2013-11-05,1,1,69.99,67.89,REFUND,REFUNDED,SIMULATED return linked to an AdventureWorks order line,synthetic_extension,1.0.0,SCN_RET_CLOTHING_SIZE_SPIKE,20260728,2026-07-28T00:00:00.000Z
RET-001734,SO68305,3,SHP-021202,14466,473,3,1,100,RR-002,2013-10-30,2013-11-07,2013-11-08,1,1,63.5,61.59,REFUND,REFUNDED,SIMULATED return linked to an AdventureWorks order line,synthetic_extension,1.0.0,SCN_RET_CLOTHING_SIZE_SPIKE,20260728,2026-07-28T00:00:00.000Z
RET-001735,SO68308,1,SHP-021205,21123,225,3,7,100,RR-001,2013-11-19,2013-11-26,2013-11-28,1,1,8.99,8.72,REFUND,REFUNDED,SIMULATED return linked to an AdventureWorks order line,synthetic_extension,1.0.0,SCN_RET_CLOTHING_SIZE_SPIKE,20260728,2026-07-28T00:00:00.000Z
RET-001736,SO68308,2,SHP-021205,21123,538,4,7,100,RR-005,2013-11-16,2013-11-24,2013-11-25,1,1,21.49,20.85,REFUND,REFUNDED,SIMULATED return linked to an AdventureWorks order line,synthetic_extension,1.0.0,BASELINE,20260728,2026-07-28T00:00:00.000Z
RET-001737,SO68316,1,SHP-021213,26996,530,4,8,100,RR-003,2013-11-14,2013-11-24,2013-11-27,1,1,4.99,4.84,REFUND,REFUNDED,SIMULATED return linked to an AdventureWorks order line,synthetic_extension,1.0.0,BASELINE,20260728,2026-07-28T00:00:00.000Z
RET-001738,SO68316,2,SHP-021213,26996,480,4,8,100,RR-004,2013-11-13,2013-11-18,2013-11-22,1,1,2.29,2.22,REFUND,REFUNDED,SIMULATED return linked to an AdventureWorks order line,synthetic_extension,1.0.0,BASELINE,20260728,2026-07-28T00:00:00.000Z
RET-001739,SO68318,3,SHP-021215,12888,467,3,1,100,RR-002,2013-10-26,2013-11-01,2013-11-04,1,1,24.49,23.76,REFUND,REFUNDED,SIMULATED return linked to an AdventureWorks order line,synthetic_extension,1.0.0,SCN_RET_CLOTHING_SIZE_SPIKE,20260728,2026-07-28T00:00:00.000Z
RET-001740,SO68335,2,SHP-021232,21401,488,3,1,100,RR-002,2013-11-01,2013-11-09,2013-11-10,1,1,53.99,52.37,REFUND,REFUNDED,SIMULATED return linked to an AdventureWorks order line,synthetic_extension,1.0.0,SCN_RET_CLOTHING_SIZE_SPIKE,20260728,2026-07-28T00:00:00.000Z
RET-001741,SO68341,1,SHP-021238,14326,571,1,9,6,RR-003,2013-11-01,2013-11-11,2013-11-14,1,1,742.35,720.08,REFUND,REFUNDED,SIMULATED return linked to an AdventureWorks order line,synthetic_extension,1.0.0,BASELINE,20260728,2026-07-28T00:00:00.000Z
RET-001742,SO68341,2,SHP-021238,14326,479,4,9,6,RR-004,2013-10-31,2013-11-05,2013-11-09,1,1,8.99,8.72,REFUND,REFUNDED,SIMULATED return linked to an AdventureWorks order line,synthetic_extension,1.0.0,BASELINE,20260728,2026-07-28T00:00:00.000Z
RET-001743,SO68341,3,SHP-021238,14326,477,4,9,6,RR-005,2013-10-30,2013-11-07,2013-11-08,1,1,4.99,4.84,REFUND,REFUNDED,SIMULATED return linked to an AdventureWorks order line,synthetic_extension,1.0.0,BASELINE,20260728,2026-07-28T00:00:00.000Z
RET-001744,SO68341,4,SHP-021238,14326,225,3,9,6,RR-001,2013-11-06,2013-11-09,2013-11-11,1,1,8.99,8.72,REFUND,REFUNDED,SIMULATED return linked to an AdventureWorks order line,synthetic_extension,1.0.0,SCN_RET_CLOTHING_SIZE_SPIKE,20260728,2026-07-28T00:00:00.000Z
RET-001745,SO68365,1,SHP-021262,15416,528,4,1,100,RR-005,2013-11-12,2013-11-16,2013-11-17,1,1,4.99,4.84,REFUND,REFUNDED,SIMULATED return linked to an AdventureWorks order line,synthetic_extension,1.0.0,BASELINE,20260728,2026-07-28T00:00:00.000Z
RET-001746,SO68374,4,SHP-021271,11177,491,3,4,100,RR-001,2013-11-13,2013-11-16,2013-11-18,1,1,53.99,52.37,REFUND,REFUNDED,SIMULATED return linked to an AdventureWorks order line,synthetic_extension,1.0.0,SCN_RET_CLOTHING_SIZE_SPIKE,20260728,2026-07-28T00:00:00.000Z
RET-001747,SO68380,2,SHP-021277,16087,537,4,4,100,RR-005,2013-11-14,2013-11-22,2013-11-23,1,1,35,33.95,REFUND,REFUNDED,SIMULATED return linked to an AdventureWorks order line,synthetic_extension,1.0.0,BASELINE,20260728,2026-07-28T00:00:00.000Z
RET-001748,SO68380,3,SHP-021277,16087,528,4,4,100,RR-004,2013-10-28,2013-11-02,2013-11-06,1,1,4.99,4.84,REFUND,REFUNDED,SIMULATED return linked to an AdventureWorks order line,synthetic_extension,1.0.0,BASELINE,20260728,2026-07-28T00:00:00.000Z
RET-001749,SO68388,1,SHP-021285,21562,380,1,9,6,RR-006,2013-11-06,2013-11-13,2013-11-15,1,1,2443.35,2370.05,REFUND,REFUNDED,SIMULATED return linked to an AdventureWorks order line,synthetic_extension,1.0.0,BASELINE,20260728,2026-07-28T00:00:00.000Z
RET-001750,SO68398,2,SHP-021295,22520,231,3,10,98,RR-001,2013-11-06,2013-11-09,2013-11-11,1,1,49.99,48.49,REFUND,REFUNDED,SIMULATED return linked to an AdventureWorks order line,synthetic_extension,1.0.0,SCN_RET_CLOTHING_SIZE_SPIKE,20260728,2026-07-28T00:00:00.000Z
RET-001751,SO68398,3,SHP-021295,22520,465,3,10,98,RR-002,2013-11-23,2013-11-29,2013-12-02,1,1,24.49,23.76,REFUND,REFUNDED,SIMULATED return linked to an AdventureWorks order line,synthetic_extension,1.0.0,SCN_RET_CLOTHING_SIZE_SPIKE,20260728,2026-07-28T00:00:00.000Z
RET-001752,SO68399,2,SHP-021296,22461,488,3,10,98,RR-002,2013-11-17,2013-11-27,2013-11-30,1,1,53.99,52.37,REFUND,REFUNDED,SIMULATED return linked to an AdventureWorks order line,synthetic_extension,1.0.0,SCN_RET_CLOTHING_SIZE_SPIKE,20260728,2026-07-28T00:00:00.000Z
RET-001753,SO68406,1,SHP-021303,16729,479,4,9,6,RR-003,2013-11-09,2013-11-15,2013-11-18,1,1,8.99,8.72,REFUND,REFUNDED,SIMULATED return linked to an AdventureWorks order line,synthetic_extension,1.0.0,BASELINE,20260728,2026-07-28T00:00:00.000Z
RET-001754,SO68431,3,SHP-021328,15102,465,3,10,98,RR-002,2013-11-18,2013-11-28,2013-12-01,1,1,24.49,23.76,REFUND,REFUNDED,SIMULATED return linked to an AdventureWorks order line,synthetic_extension,1.0.0,SCN_RET_CLOTHING_SIZE_SPIKE,20260728,2026-07-28T00:00:00.000Z
RET-001755,SO68439,1,SHP-021336,12396,234,3,8,100,RR-002,2013-11-12,2013-11-20,2013-11-21,1,1,49.99,48.49,REFUND,REFUNDED,SIMULATED return linked to an AdventureWorks order line,synthetic_extension,1.0.0,SCN_RET_CLOTHING_SIZE_SPIKE,20260728,2026-07-28T00:00:00.000Z
RET-001756,SO68440,2,SHP-021337,16090,528,4,6,19,RR-006,2013-10-31,2013-11-03,2013-11-05,1,1,4.99,4.84,REFUND,REFUNDED,SIMULATED return linked to an AdventureWorks order line,synthetic_extension,1.0.0,BASELINE,20260728,2026-07-28T00:00:00.000Z
RET-001757,SO68440,3,SHP-021337,16090,535,4,6,19,RR-003,2013-11-17,2013-11-23,2013-11-26,1,1,24.99,24.24,REFUND,REFUNDED,SIMULATED return linked to an AdventureWorks order line,synthetic_extension,1.0.0,BASELINE,20260728,2026-07-28T00:00:00.000Z
RET-001758,SO68441,3,SHP-021338,16852,473,3,4,100,RR-001,2013-11-02,2013-11-09,2013-11-11,1,1,63.5,61.59,REFUND,REFUNDED,SIMULATED return linked to an AdventureWorks order line,synthetic_extension,1.0.0,SCN_RET_CLOTHING_SIZE_SPIKE,20260728,2026-07-28T00:00:00.000Z
RET-001759,SO68442,2,SHP-021339,15188,475,3,1,100,RR-001,2013-11-04,2013-11-13,2013-11-17,1,1,69.99,67.89,REFUND,REFUNDED,SIMULATED return linked to an AdventureWorks order line,synthetic_extension,1.0.0,SCN_RET_CLOTHING_SIZE_SPIKE,20260728,2026-07-28T00:00:00.000Z
RET-001760,SO68442,3,SHP-021339,15188,225,3,1,100,RR-002,2013-11-03,2013-11-07,2013-11-08,1,1,8.99,8.72,REFUND,REFUNDED,SIMULATED return linked to an AdventureWorks order line,synthetic_extension,1.0.0,SCN_RET_CLOTHING_SIZE_SPIKE,20260728,2026-07-28T00:00:00.000Z
RET-001761,SO68458,1,SHP-021355,19769,604,1,4,100,RR-006,2013-11-09,2013-11-16,2013-11-18,1,1,539.99,523.79,REFUND,REFUNDED,SIMULATED return linked to an AdventureWorks order line,synthetic_extension,1.0.0,BASELINE,20260728,2026-07-28T00:00:00.000Z
RET-001762,SO68460,2,SHP-021357,21388,231,3,1,100,RR-001,2013-11-10,2013-11-15,2013-11-19,1,1,49.99,48.49,REFUND,REFUNDED,SIMULATED return linked to an AdventureWorks order line,synthetic_extension,1.0.0,SCN_RET_CLOTHING_SIZE_SPIKE,20260728,2026-07-28T00:00:00.000Z
RET-001763,SO68460,3,SHP-021357,21388,225,3,1,100,RR-002,2013-11-09,2013-11-17,2013-11-18,1,1,8.99,8.72,REFUND,REFUNDED,SIMULATED return linked to an AdventureWorks order line,synthetic_extension,1.0.0,SCN_RET_CLOTHING_SIZE_SPIKE,20260728,2026-07-28T00:00:00.000Z
RET-001764,SO68468,1,SHP-021365,11026,567,1,9,6,RR-003,2013-11-05,2013-11-15,2013-11-18,1,1,742.35,720.08,REFUND,REFUNDED,SIMULATED return linked to an AdventureWorks order line,synthetic_extension,1.0.0,BASELINE,20260728,2026-07-28T00:00:00.000Z
RET-001765,SO68468,2,SHP-021365,11026,541,4,9,6,RR-004,2013-11-04,2013-11-09,2013-11-13,1,1,28.99,28.12,REFUND,REFUNDED,SIMULATED return linked to an AdventureWorks order line,synthetic_extension,1.0.0,BASELINE,20260728,2026-07-28T00:00:00.000Z
RET-001766,SO68468,3,SHP-021365,11026,530,4,9,6,RR-005,2013-11-03,2013-11-11,2013-11-12,1,1,4.99,4.84,REFUND,REFUNDED,SIMULATED return linked to an AdventureWorks order line,synthetic_extension,1.0.0,BASELINE,20260728,2026-07-28T00:00:00.000Z
RET-001767,SO68483,1,SHP-021380,14779,588,1,7,100,RR-006,2013-11-18,2013-11-21,2013-11-23,1,1,769.49,746.41,REFUND,REFUNDED,SIMULATED return linked to an AdventureWorks order line,synthetic_extension,1.0.0,BASELINE,20260728,2026-07-28T00:00:00.000Z
RET-001768,SO68483,2,SHP-021380,14779,231,3,7,100,RR-002,2013-11-15,2013-11-19,2013-11-20,1,1,49.99,48.49,REFUND,REFUNDED,SIMULATED return linked to an AdventureWorks order line,synthetic_extension,1.0.0,SCN_RET_CLOTHING_SIZE_SPIKE,20260728,2026-07-28T00:00:00.000Z
RET-001769,SO68484,2,SHP-021381,11501,538,4,6,19,RR-006,2013-11-13,2013-11-16,2013-11-18,1,1,21.49,20.85,REFUND,REFUNDED,SIMULATED return linked to an AdventureWorks order line,synthetic_extension,1.0.0,BASELINE,20260728,2026-07-28T00:00:00.000Z
RET-001770,SO68491,2,SHP-021388,20397,471,3,4,100,RR-001,2013-11-09,2013-11-14,2013-11-18,1,1,63.5,61.59,REFUND,REFUNDED,SIMULATED return linked to an AdventureWorks order line,synthetic_extension,1.0.0,SCN_RET_CLOTHING_SIZE_SPIKE,20260728,2026-07-28T00:00:00.000Z
RET-001771,SO68507,2,SHP-021404,16855,228,3,6,19,RR-001,2013-11-03,2013-11-12,2013-11-16,1,1,49.99,48.49,REFUND,REFUNDED,SIMULATED return linked to an AdventureWorks order line,synthetic_extension,1.0.0,SCN_RET_CLOTHING_SIZE_SPIKE,20260728,2026-07-28T00:00:00.000Z
RET-001772,SO68510,1,SHP-021407,16872,353,1,4,100,RR-003,2013-11-10,2013-11-16,2013-11-19,1,1,2319.99,2250.39,REFUND,REFUNDED,SIMULATED return linked to an AdventureWorks order line,synthetic_extension,1.0.0,BASELINE,20260728,2026-07-28T00:00:00.000Z
RET-001773,SO68511,3,SHP-021408,16756,491,3,1,100,RR-001,2013-11-05,2013-11-10,2013-11-14,1,1,53.99,52.37,REFUND,REFUNDED,SIMULATED return linked to an AdventureWorks order line,synthetic_extension,1.0.0,SCN_RET_CLOTHING_SIZE_SPIKE,20260728,2026-07-28T00:00:00.000Z
RET-001774,SO68523,3,SHP-021420,15601,473,3,9,6,RR-002,2013-11-16,2013-11-26,2013-11-29,1,1,63.5,61.59,REFUND,REFUNDED,SIMULATED return linked to an AdventureWorks order line,synthetic_extension,1.0.0,SCN_RET_CLOTHING_SIZE_SPIKE,20260728,2026-07-28T00:00:00.000Z
RET-001775,SO68534,3,SHP-021431,16448,225,3,8,100,RR-002,2013-11-25,2013-12-01,2013-12-04,1,1,8.99,8.72,REFUND,REFUNDED,SIMULATED return linked to an AdventureWorks order line,synthetic_extension,1.0.0,SCN_RET_CLOTHING_SIZE_SPIKE,20260728,2026-07-28T00:00:00.000Z
RET-001776,SO68538,3,SHP-021435,11147,465,3,9,6,RR-002,2013-11-14,2013-11-24,2013-11-27,1,1,24.49,23.76,REFUND,REFUNDED,SIMULATED return linked to an AdventureWorks order line,synthetic_extension,1.0.0,SCN_RET_CLOTHING_SIZE_SPIKE,20260728,2026-07-28T00:00:00.000Z
RET-001777,SO68550,5,SHP-021447,17114,225,3,8,100,RR-002,2013-11-15,2013-11-21,2013-11-24,1,1,8.99,8.72,REFUND,REFUNDED,SIMULATED return linked to an AdventureWorks order line,synthetic_extension,1.0.0,SCN_RET_CLOTHING_SIZE_SPIKE,20260728,2026-07-28T00:00:00.000Z
RET-001778,SO68553,1,SHP-021450,21681,590,1,8,100,RR-004,2013-11-09,2013-11-18,2013-11-22,1,1,769.49,746.41,REFUND,REFUNDED,SIMULATED return linked to an AdventureWorks order line,synthetic_extension,1.0.0,BASELINE,20260728,2026-07-28T00:00:00.000Z
RET-001779,SO68553,2,SHP-021450,21681,485,4,8,100,RR-003,2013-11-10,2013-11-16,2013-11-19,1,1,21.98,21.32,REFUND,REFUNDED,SIMULATED return linked to an AdventureWorks order line,synthetic_extension,1.0.0,BASELINE,20260728,2026-07-28T00:00:00.000Z
RET-001780,SO68553,3,SHP-021450,21681,484,4,8,100,RR-006,2013-11-11,2013-11-14,2013-11-16,1,1,7.95,7.71,REFUND,REFUNDED,SIMULATED return linked to an AdventureWorks order line,synthetic_extension,1.0.0,BASELINE,20260728,2026-07-28T00:00:00.000Z
RET-001781,SO68571,1,SHP-021468,18587,476,3,1,100,RR-001,2013-11-05,2013-11-10,2013-11-14,1,1,69.99,67.89,REFUND,REFUNDED,SIMULATED return linked to an AdventureWorks order line,synthetic_extension,1.0.0,SCN_RET_CLOTHING_SIZE_SPIKE,20260728,2026-07-28T00:00:00.000Z
RET-001782,SO68581,3,SHP-021478,19379,228,3,10,98,RR-002,2013-11-11,2013-11-21,2013-11-24,1,1,49.99,48.49,REFUND,REFUNDED,SIMULATED return linked to an AdventureWorks order line,synthetic_extension,1.0.0,SCN_RET_CLOTHING_SIZE_SPIKE,20260728,2026-07-28T00:00:00.000Z
RET-001783,SO68581,4,SHP-021478,19379,465,3,10,98,RR-001,2013-11-14,2013-11-23,2013-11-27,1,1,24.49,23.76,REFUND,REFUNDED,SIMULATED return linked to an AdventureWorks order line,synthetic_extension,1.0.0,SCN_RET_CLOTHING_SIZE_SPIKE,20260728,2026-07-28T00:00:00.000Z
RET-001784,SO68597,1,SHP-021494,16859,363,1,1,100,RR-004,2013-11-15,2013-11-24,2013-11-28,1,1,2294.99,2226.14,REFUND,REFUNDED,SIMULATED return linked to an AdventureWorks order line,synthetic_extension,1.0.0,BASELINE,20260728,2026-07-28T00:00:00.000Z
RET-001785,SO68597,2,SHP-021494,16859,485,4,1,100,RR-003,2013-11-16,2013-11-22,2013-11-25,1,1,21.98,21.32,REFUND,REFUNDED,SIMULATED return linked to an AdventureWorks order line,synthetic_extension,1.0.0,BASELINE,20260728,2026-07-28T00:00:00.000Z
RET-001786,SO68597,3,SHP-021494,16859,471,3,1,100,RR-001,2013-10-30,2013-11-02,2013-11-04,1,1,63.5,61.59,REFUND,REFUNDED,SIMULATED return linked to an AdventureWorks order line,synthetic_extension,1.0.0,SCN_RET_CLOTHING_SIZE_SPIKE,20260728,2026-07-28T00:00:00.000Z
RET-001787,SO68647,1,SHP-021544,18938,475,3,4,100,RR-001,2013-11-09,2013-11-18,2013-11-22,1,1,69.99,67.89,REFUND,REFUNDED,SIMULATED return linked to an AdventureWorks order line,synthetic_extension,1.0.0,SCN_RET_CLOTHING_SIZE_SPIKE,20260728,2026-07-28T00:00:00.000Z
RET-001788,SO68660,4,SHP-021557,11251,225,3,6,19,RR-004,2013-11-15,2013-11-24,2013-11-28,1,1,8.99,8.72,REFUND,REFUNDED,SIMULATED return linked to an AdventureWorks order line,synthetic_extension,1.0.0,BASELINE,20260728,2026-07-28T00:00:00.000Z
RET-001789,SO68665,1,SHP-021562,24283,581,1,9,6,RR-004,2013-11-12,2013-11-17,2013-11-21,1,1,1700.99,1649.96,REFUND,REFUNDED,SIMULATED return linked to an AdventureWorks order line,synthetic_extension,1.0.0,BASELINE,20260728,2026-07-28T00:00:00.000Z
RET-001790,SO68665,2,SHP-021562,24283,539,4,9,6,RR-003,2013-11-13,2013-11-23,2013-11-26,1,1,24.99,24.24,REFUND,REFUNDED,SIMULATED return linked to an AdventureWorks order line,synthetic_extension,1.0.0,BASELINE,20260728,2026-07-28T00:00:00.000Z
RET-001791,SO68665,3,SHP-021562,24283,529,4,9,6,RR-006,2013-11-14,2013-11-21,2013-11-23,1,1,3.99,3.87,REFUND,REFUNDED,SIMULATED return linked to an AdventureWorks order line,synthetic_extension,1.0.0,BASELINE,20260728,2026-07-28T00:00:00.000Z
RET-001792,SO68668,3,SHP-021565,25344,465,3,1,100,RR-002,2013-11-14,2013-11-24,2013-11-27,1,1,24.49,23.76,REFUND,REFUNDED,SIMULATED return linked to an AdventureWorks order line,synthetic_extension,1.0.0,SCN_RET_CLOTHING_SIZE_SPIKE,20260728,2026-07-28T00:00:00.000Z
RET-001793,SO68670,1,SHP-021567,23462,605,1,1,100,RR-006,2013-11-11,2013-11-14,2013-11-16,1,1,539.99,523.79,REFUND,REFUNDED,SIMULATED return linked to an AdventureWorks order line,synthetic_extension,1.0.0,BASELINE,20260728,2026-07-28T00:00:00.000Z
RET-001794,SO68670,2,SHP-021567,23462,529,4,1,100,RR-005,2013-11-08,2013-11-12,2013-11-13,1,1,3.99,3.87,REFUND,REFUNDED,SIMULATED return linked to an AdventureWorks order line,synthetic_extension,1.0.0,BASELINE,20260728,2026-07-28T00:00:00.000Z
RET-001795,SO68670,3,SHP-021567,23462,538,4,1,100,RR-004,2013-11-09,2013-11-18,2013-11-22,1,1,21.49,20.85,REFUND,REFUNDED,SIMULATED return linked to an AdventureWorks order line,synthetic_extension,1.0.0,BASELINE,20260728,2026-07-28T00:00:00.000Z
RET-001796,SO68670,4,SHP-021567,23462,480,4,1,100,RR-003,2013-11-06,2013-11-16,2013-11-19,1,1,2.29,2.22,REFUND,REFUNDED,SIMULATED return linked to an AdventureWorks order line,synthetic_extension,1.0.0,BASELINE,20260728,2026-07-28T00:00:00.000Z
RET-001797,SO68671,2,SHP-021568,23471,538,4,4,100,RR-004,2013-11-06,2013-11-11,2013-11-15,1,1,21.49,20.85,REFUND,REFUNDED,SIMULATED return linked to an AdventureWorks order line,synthetic_extension,1.0.0,BASELINE,20260728,2026-07-28T00:00:00.000Z
RET-001798,SO68671,3,SHP-021568,23471,529,4,4,100,RR-005,2013-11-05,2013-11-13,2013-11-14,1,1,3.99,3.87,REFUND,REFUNDED,SIMULATED return linked to an AdventureWorks order line,synthetic_extension,1.0.0,BASELINE,20260728,2026-07-28T00:00:00.000Z
RET-001799,SO68671,4,SHP-021568,23471,217,4,4,100,RR-006,2013-11-12,2013-11-15,2013-11-17,1,1,34.99,33.94,REFUND,REFUNDED,SIMULATED return linked to an AdventureWorks order line,synthetic_extension,1.0.0,BASELINE,20260728,2026-07-28T00:00:00.000Z
RET-001800,SO68676,4,SHP-021573,16203,225,3,7,100,RR-002,2013-11-03,2013-11-07,2013-11-08,1,1,8.99,8.72,REFUND,REFUNDED,SIMULATED return linked to an AdventureWorks order line,synthetic_extension,1.0.0,SCN_RET_CLOTHING_SIZE_SPIKE,20260728,2026-07-28T00:00:00.000Z
RET-001801,SO68676,5,SHP-021573,16203,488,3,7,100,RR-001,2013-11-04,2013-11-13,2013-11-17,1,1,53.99,52.37,REFUND,REFUNDED,SIMULATED return linked to an AdventureWorks order line,synthetic_extension,1.0.0,SCN_RET_CLOTHING_SIZE_SPIKE,20260728,2026-07-28T00:00:00.000Z
RET-001802,SO68688,1,SHP-021585,18625,600,1,10,98,RR-003,2013-11-05,2013-11-15,2013-11-18,1,1,539.99,523.79,REFUND,REFUNDED,SIMULATED return linked to an AdventureWorks order line,synthetic_extension,1.0.0,BASELINE,20260728,2026-07-28T00:00:00.000Z
RET-001803,SO68688,2,SHP-021585,18625,535,4,10,98,RR-004,2013-11-04,2013-11-09,2013-11-13,1,1,24.99,24.24,REFUND,REFUNDED,SIMULATED return linked to an AdventureWorks order line,synthetic_extension,1.0.0,BASELINE,20260728,2026-07-28T00:00:00.000Z
RET-001804,SO68688,3,SHP-021585,18625,528,4,10,98,RR-005,2013-11-03,2013-11-11,2013-11-12,1,1,4.99,4.84,REFUND,REFUNDED,SIMULATED return linked to an AdventureWorks order line,synthetic_extension,1.0.0,BASELINE,20260728,2026-07-28T00:00:00.000Z
RET-001805,SO68695,1,SHP-021592,11784,535,4,6,19,RR-005,2013-11-09,2013-11-17,2013-11-18,1,1,24.99,24.24,REFUND,REFUNDED,SIMULATED return linked to an AdventureWorks order line,synthetic_extension,1.0.0,BASELINE,20260728,2026-07-28T00:00:00.000Z
RET-001806,SO68695,2,SHP-021592,11784,528,4,6,19,RR-006,2013-11-12,2013-11-19,2013-11-21,1,1,4.99,4.84,REFUND,REFUNDED,SIMULATED return linked to an AdventureWorks order line,synthetic_extension,1.0.0,BASELINE,20260728,2026-07-28T00:00:00.000Z
RET-001807,SO68695,3,SHP-021592,11784,480,4,6,19,RR-003,2013-11-11,2013-11-21,2013-11-24,1,1,2.29,2.22,REFUND,REFUNDED,SIMULATED return linked to an AdventureWorks order line,synthetic_extension,1.0.0,BASELINE,20260728,2026-07-28T00:00:00.000Z
RET-001808,SO68700,1,SHP-021597,12936,476,3,6,19,RR-001,2013-11-15,2013-11-18,2013-11-20,1,1,69.99,67.89,REFUND,REFUNDED,SIMULATED return linked to an AdventureWorks order line,synthetic_extension,1.0.0,SCN_RET_CLOTHING_SIZE_SPIKE,20260728,2026-07-28T00:00:00.000Z
RET-001809,SO68700,2,SHP-021597,12936,488,3,6,19,RR-002,2013-11-12,2013-11-16,2013-11-17,1,1,53.99,52.37,REFUND,REFUNDED,SIMULATED return linked to an AdventureWorks order line,synthetic_extension,1.0.0,SCN_RET_CLOTHING_SIZE_SPIKE,20260728,2026-07-28T00:00:00.000Z
RET-001810,SO68713,1,SHP-021610,13535,478,4,10,98,RR-006,2013-11-15,2013-11-18,2013-11-20,1,1,9.99,9.69,REFUND,REFUNDED,SIMULATED return linked to an AdventureWorks order line,synthetic_extension,1.0.0,BASELINE,20260728,2026-07-28T00:00:00.000Z
RET-001811,SO68728,1,SHP-021625,27427,564,1,4,100,RR-004,2013-11-17,2013-11-26,2013-11-30,1,1,2384.07,2312.55,REFUND,REFUNDED,SIMULATED return linked to an AdventureWorks order line,synthetic_extension,1.0.0,BASELINE,20260728,2026-07-28T00:00:00.000Z
RET-001812,SO68728,2,SHP-021625,27427,217,4,4,100,RR-003,2013-11-18,2013-11-24,2013-11-27,1,1,34.99,33.94,REFUND,REFUNDED,SIMULATED return linked to an AdventureWorks order line,synthetic_extension,1.0.0,BASELINE,20260728,2026-07-28T00:00:00.000Z
RET-001813,SO68732,2,SHP-021629,18344,237,3,4,100,RR-006,2013-11-17,2013-11-20,2013-11-22,1,1,49.99,48.49,REFUND,REFUNDED,SIMULATED return linked to an AdventureWorks order line,synthetic_extension,1.0.0,BASELINE,20260728,2026-07-28T00:00:00.000Z
RET-001814,SO68732,3,SHP-021629,18344,225,3,4,100,RR-003,2013-11-16,2013-11-22,2013-11-25,1,1,8.99,8.72,REFUND,REFUNDED,SIMULATED return linked to an AdventureWorks order line,synthetic_extension,1.0.0,BASELINE,20260728,2026-07-28T00:00:00.000Z
RET-001815,SO68747,2,SHP-021644,17960,231,3,10,98,RR-001,2013-11-19,2013-11-26,2013-11-28,1,1,49.99,48.49,REFUND,REFUNDED,SIMULATED return linked to an AdventureWorks order line,synthetic_extension,1.0.0,SCN_RET_CLOTHING_SIZE_SPIKE,20260728,2026-07-28T00:00:00.000Z
RET-001816,SO68766,3,SHP-021663,15741,234,3,4,100,RR-001,2013-11-06,2013-11-15,2013-11-19,1,1,49.99,48.49,REFUND,REFUNDED,SIMULATED return linked to an AdventureWorks order line,synthetic_extension,1.0.0,SCN_RET_CLOTHING_SIZE_SPIKE,20260728,2026-07-28T00:00:00.000Z
RET-001817,SO68774,1,SHP-021671,24719,541,4,8,100,RR-003,2013-11-21,2013-11-27,2013-11-30,1,1,28.99,28.12,REFUND,REFUNDED,SIMULATED return linked to an AdventureWorks order line,synthetic_extension,1.0.0,BASELINE,20260728,2026-07-28T00:00:00.000Z
RET-001818,SO68774,2,SHP-021671,24719,530,4,8,100,RR-004,2013-11-20,2013-11-29,2013-12-03,1,1,4.99,4.84,REFUND,REFUNDED,SIMULATED return linked to an AdventureWorks order line,synthetic_extension,1.0.0,BASELINE,20260728,2026-07-28T00:00:00.000Z
RET-001819,SO68774,3,SHP-021671,24719,222,4,8,100,RR-005,2013-11-15,2013-11-19,2013-11-20,1,1,34.99,33.94,REFUND,REFUNDED,SIMULATED return linked to an AdventureWorks order line,synthetic_extension,1.0.0,BASELINE,20260728,2026-07-28T00:00:00.000Z
RET-001820,SO68814,2,SHP-021711,17072,467,3,9,6,RR-002,2013-11-14,2013-11-18,2013-11-19,1,1,24.49,23.76,REFUND,REFUNDED,SIMULATED return linked to an AdventureWorks order line,synthetic_extension,1.0.0,SCN_RET_CLOTHING_SIZE_SPIKE,20260728,2026-07-28T00:00:00.000Z
RET-001821,SO68815,4,SHP-021712,14073,491,3,9,6,RR-001,2013-11-10,2013-11-13,2013-11-15,1,1,53.99,52.37,REFUND,REFUNDED,SIMULATED return linked to an AdventureWorks order line,synthetic_extension,1.0.0,SCN_RET_CLOTHING_SIZE_SPIKE,20260728,2026-07-28T00:00:00.000Z
RET-001822,SO68826,3,SHP-021723,25461,231,3,7,100,RR-002,2013-11-13,2013-11-19,2013-11-22,1,1,49.99,48.49,REFUND,REFUNDED,SIMULATED return linked to an AdventureWorks order line,synthetic_extension,1.0.0,SCN_RET_CLOTHING_SIZE_SPIKE,20260728,2026-07-28T00:00:00.000Z
RET-001823,SO68832,3,SHP-021729,25201,465,3,4,100,RR-001,2013-11-02,2013-11-07,2013-11-11,1,1,24.49,23.76,REFUND,REFUNDED,SIMULATED return linked to an AdventureWorks order line,synthetic_extension,1.0.0,SCN_RET_CLOTHING_SIZE_SPIKE,20260728,2026-07-28T00:00:00.000Z
RET-001824,SO68833,1,SHP-021730,11200,535,4,6,19,RR-003,2013-11-11,2013-11-17,2013-11-20,1,1,24.99,24.24,REFUND,REFUNDED,SIMULATED return linked to an AdventureWorks order line,synthetic_extension,1.0.0,BASELINE,20260728,2026-07-28T00:00:00.000Z
RET-001825,SO68839,1,SHP-021736,19754,476,3,1,100,RR-002,2013-11-06,2013-11-10,2013-11-11,1,1,69.99,67.89,REFUND,REFUNDED,SIMULATED return linked to an AdventureWorks order line,synthetic_extension,1.0.0,SCN_RET_CLOTHING_SIZE_SPIKE,20260728,2026-07-28T00:00:00.000Z
RET-001826,SO68839,2,SHP-021736,19754,225,3,1,100,RR-001,2013-11-09,2013-11-12,2013-11-14,1,1,8.99,8.72,REFUND,REFUNDED,SIMULATED return linked to an AdventureWorks order line,synthetic_extension,1.0.0,SCN_RET_CLOTHING_SIZE_SPIKE,20260728,2026-07-28T00:00:00.000Z
RET-001827,SO68842,1,SHP-021739,20338,476,3,4,100,RR-002,2013-11-09,2013-11-19,2013-11-22,1,1,69.99,67.89,REFUND,REFUNDED,SIMULATED return linked to an AdventureWorks order line,synthetic_extension,1.0.0,SCN_RET_CLOTHING_SIZE_SPIKE,20260728,2026-07-28T00:00:00.000Z
RET-001828,SO68842,2,SHP-021739,20338,488,3,4,100,RR-001,2013-11-08,2013-11-13,2013-11-17,1,1,53.99,52.37,REFUND,REFUNDED,SIMULATED return linked to an AdventureWorks order line,synthetic_extension,1.0.0,SCN_RET_CLOTHING_SIZE_SPIKE,20260728,2026-07-28T00:00:00.000Z
RET-001829,SO68856,1,SHP-021753,14879,588,1,4,100,RR-004,2013-11-04,2013-11-09,2013-11-13,1,1,769.49,746.41,REFUND,REFUNDED,SIMULATED return linked to an AdventureWorks order line,synthetic_extension,1.0.0,BASELINE,20260728,2026-07-28T00:00:00.000Z
RET-001830,SO68856,2,SHP-021753,14879,475,3,4,100,RR-002,2013-11-05,2013-11-15,2013-11-18,1,1,69.99,67.89,REFUND,REFUNDED,SIMULATED return linked to an AdventureWorks order line,synthetic_extension,1.0.0,SCN_RET_CLOTHING_SIZE_SPIKE,20260728,2026-07-28T00:00:00.000Z
RET-001831,SO68856,3,SHP-021753,14879,228,3,4,100,RR-001,2013-11-06,2013-11-13,2013-11-15,1,1,49.99,48.49,REFUND,REFUNDED,SIMULATED return linked to an AdventureWorks order line,synthetic_extension,1.0.0,SCN_RET_CLOTHING_SIZE_SPIKE,20260728,2026-07-28T00:00:00.000Z
RET-001832,SO68856,4,SHP-021753,14879,465,3,4,100,RR-002,2013-11-07,2013-11-11,2013-11-12,1,1,24.49,23.76,REFUND,REFUNDED,SIMULATED return linked to an AdventureWorks order line,synthetic_extension,1.0.0,SCN_RET_CLOTHING_SIZE_SPIKE,20260728,2026-07-28T00:00:00.000Z
RET-001833,SO68872,1,SHP-021769,29276,225,3,1,100,RR-001,2013-11-02,2013-11-05,2013-11-07,1,1,8.99,8.72,REFUND,REFUNDED,SIMULATED return linked to an AdventureWorks order line,synthetic_extension,1.0.0,SCN_RET_CLOTHING_SIZE_SPIKE,20260728,2026-07-28T00:00:00.000Z
RET-001834,SO68895,2,SHP-021792,13042,467,3,9,6,RR-001,2013-11-11,2013-11-16,2013-11-20,1,1,24.49,23.76,REFUND,REFUNDED,SIMULATED return linked to an AdventureWorks order line,synthetic_extension,1.0.0,SCN_RET_CLOTHING_SIZE_SPIKE,20260728,2026-07-28T00:00:00.000Z
RET-001835,SO68902,4,SHP-021799,26733,465,3,1,100,RR-002,2013-11-12,2013-11-18,2013-11-21,1,1,24.49,23.76,REFUND,REFUNDED,SIMULATED return linked to an AdventureWorks order line,synthetic_extension,1.0.0,SCN_RET_CLOTHING_SIZE_SPIKE,20260728,2026-07-28T00:00:00.000Z
RET-001836,SO68924,1,SHP-021821,13087,353,1,1,100,RR-006,2013-11-17,2013-11-20,2013-11-22,1,1,2319.99,2250.39,REFUND,REFUNDED,SIMULATED return linked to an AdventureWorks order line,synthetic_extension,1.0.0,BASELINE,20260728,2026-07-28T00:00:00.000Z
RET-001837,SO68924,2,SHP-021821,13087,537,4,1,100,RR-005,2013-11-14,2013-11-18,2013-11-19,1,1,35,33.95,REFUND,REFUNDED,SIMULATED return linked to an AdventureWorks order line,synthetic_extension,1.0.0,BASELINE,20260728,2026-07-28T00:00:00.000Z
RET-001838,SO68924,3,SHP-021821,13087,528,4,1,100,RR-004,2013-11-15,2013-11-24,2013-11-28,1,1,4.99,4.84,REFUND,REFUNDED,SIMULATED return linked to an AdventureWorks order line,synthetic_extension,1.0.0,BASELINE,20260728,2026-07-28T00:00:00.000Z
RET-001839,SO68931,3,SHP-021828,15221,463,3,9,6,RR-001,2013-11-16,2013-11-23,2013-11-25,1,1,24.49,23.76,REFUND,REFUNDED,SIMULATED return linked to an AdventureWorks order line,synthetic_extension,1.0.0,SCN_RET_CLOTHING_SIZE_SPIKE,20260728,2026-07-28T00:00:00.000Z
RET-001840,SO68931,4,SHP-021828,15221,222,4,9,6,RR-005,2013-11-17,2013-11-21,2013-11-22,1,1,34.99,33.94,REFUND,REFUNDED,SIMULATED return linked to an AdventureWorks order line,synthetic_extension,1.0.0,BASELINE,20260728,2026-07-28T00:00:00.000Z
RET-001841,SO68944,2,SHP-021841,18430,234,3,1,100,RR-002,2013-11-16,2013-11-26,2013-11-29,1,1,49.99,48.49,REFUND,REFUNDED,SIMULATED return linked to an AdventureWorks order line,synthetic_extension,1.0.0,SCN_RET_CLOTHING_SIZE_SPIKE,20260728,2026-07-28T00:00:00.000Z
RET-001842,SO68944,3,SHP-021841,18430,463,3,1,100,RR-001,2013-11-17,2013-11-24,2013-11-26,1,1,24.49,23.76,REFUND,REFUNDED,SIMULATED return linked to an AdventureWorks order line,synthetic_extension,1.0.0,SCN_RET_CLOTHING_SIZE_SPIKE,20260728,2026-07-28T00:00:00.000Z
RET-001843,SO68945,1,SHP-021842,25301,384,1,10,98,RR-005,2013-11-19,2013-11-23,2013-11-24,1,1,1120.49,1086.88,REFUND,REFUNDED,SIMULATED return linked to an AdventureWorks order line,synthetic_extension,1.0.0,BASELINE,20260728,2026-07-28T00:00:00.000Z
RET-001844,SO68945,2,SHP-021842,25301,234,3,10,98,RR-001,2013-11-22,2013-11-25,2013-11-27,1,1,49.99,48.49,REFUND,REFUNDED,SIMULATED return linked to an AdventureWorks order line,synthetic_extension,1.0.0,SCN_RET_CLOTHING_SIZE_SPIKE,20260728,2026-07-28T00:00:00.000Z
RET-001845,SO68950,1,SHP-021847,17192,575,1,10,98,RR-003,2013-11-17,2013-11-23,2013-11-26,1,1,2384.07,2312.55,REFUND,REFUNDED,SIMULATED return linked to an AdventureWorks order line,synthetic_extension,1.0.0,BASELINE,20260728,2026-07-28T00:00:00.000Z
RET-001846,SO68950,2,SHP-021847,17192,214,4,10,98,RR-004,2013-11-16,2013-11-25,2013-11-29,1,1,34.99,33.94,REFUND,REFUNDED,SIMULATED return linked to an AdventureWorks order line,synthetic_extension,1.0.0,BASELINE,20260728,2026-07-28T00:00:00.000Z
RET-001847,SO68972,2,SHP-021869,23519,477,4,4,100,RR-004,2013-11-06,2013-11-11,2013-11-15,1,1,4.99,4.84,REFUND,REFUNDED,SIMULATED return linked to an AdventureWorks order line,synthetic_extension,1.0.0,BASELINE,20260728,2026-07-28T00:00:00.000Z
RET-001848,SO68972,3,SHP-021869,23519,225,3,4,100,RR-002,2013-11-05,2013-11-13,2013-11-14,1,1,8.99,8.72,REFUND,REFUNDED,SIMULATED return linked to an AdventureWorks order line,synthetic_extension,1.0.0,SCN_RET_CLOTHING_SIZE_SPIKE,20260728,2026-07-28T00:00:00.000Z
RET-001849,SO68973,3,SHP-021870,23260,489,3,1,100,RR-001,2013-11-14,2013-11-23,2013-11-27,1,1,53.99,52.37,REFUND,REFUNDED,SIMULATED return linked to an AdventureWorks order line,synthetic_extension,1.0.0,SCN_RET_CLOTHING_SIZE_SPIKE,20260728,2026-07-28T00:00:00.000Z
RET-001850,SO68973,4,SHP-021870,23260,465,3,1,100,RR-002,2013-11-11,2013-11-21,2013-11-24,1,1,24.49,23.76,REFUND,REFUNDED,SIMULATED return linked to an AdventureWorks order line,synthetic_extension,1.0.0,SCN_RET_CLOTHING_SIZE_SPIKE,20260728,2026-07-28T00:00:00.000Z
RET-001851,SO68992,1,SHP-021889,11566,467,3,7,100,RR-002,2013-11-18,2013-11-26,2013-11-27,1,1,24.49,23.76,REFUND,REFUNDED,SIMULATED return linked to an AdventureWorks order line,synthetic_extension,1.0.0,SCN_RET_CLOTHING_SIZE_SPIKE,20260728,2026-07-28T00:00:00.000Z
RET-001852,SO69000,2,SHP-021897,26138,488,3,9,6,RR-005,2013-11-18,2013-11-26,2013-11-27,1,1,53.99,52.37,REFUND,REFUNDED,SIMULATED return linked to an AdventureWorks order line,synthetic_extension,1.0.0,BASELINE,20260728,2026-07-28T00:00:00.000Z
RET-001853,SO69026,1,SHP-021923,27869,564,1,9,6,RR-006,2013-11-19,2013-11-22,2013-11-24,1,1,2384.07,2312.55,REFUND,REFUNDED,SIMULATED return linked to an AdventureWorks order line,synthetic_extension,1.0.0,BASELINE,20260728,2026-07-28T00:00:00.000Z
RET-001854,SO69026,2,SHP-021923,27869,488,3,9,6,RR-002,2013-11-16,2013-11-20,2013-11-21,1,1,53.99,52.37,REFUND,REFUNDED,SIMULATED return linked to an AdventureWorks order line,synthetic_extension,1.0.0,SCN_RET_CLOTHING_SIZE_SPIKE,20260728,2026-07-28T00:00:00.000Z
RET-001855,SO69026,3,SHP-021923,27869,467,3,9,6,RR-001,2013-11-17,2013-11-26,2013-11-30,1,1,24.49,23.76,REFUND,REFUNDED,SIMULATED return linked to an AdventureWorks order line,synthetic_extension,1.0.0,SCN_RET_CLOTHING_SIZE_SPIKE,20260728,2026-07-28T00:00:00.000Z
RET-001856,SO69027,2,SHP-021924,14060,465,3,9,6,RR-001,2013-11-19,2013-11-24,2013-11-28,1,1,24.49,23.76,REFUND,REFUNDED,SIMULATED return linked to an AdventureWorks order line,synthetic_extension,1.0.0,SCN_RET_CLOTHING_SIZE_SPIKE,20260728,2026-07-28T00:00:00.000Z
RET-001857,SO69037,1,SHP-021934,26526,535,4,4,100,RR-004,2013-11-06,2013-11-11,2013-11-15,1,1,24.99,24.24,REFUND,REFUNDED,SIMULATED return linked to an AdventureWorks order line,synthetic_extension,1.0.0,BASELINE,20260728,2026-07-28T00:00:00.000Z
RET-001858,SO69037,2,SHP-021934,26526,528,4,4,100,RR-003,2013-11-07,2013-11-17,2013-11-20,1,1,4.99,4.84,REFUND,REFUNDED,SIMULATED return linked to an AdventureWorks order line,synthetic_extension,1.0.0,BASELINE,20260728,2026-07-28T00:00:00.000Z
RET-001859,SO69037,3,SHP-021934,26526,484,4,4,100,RR-006,2013-11-08,2013-11-15,2013-11-17,1,1,7.95,7.71,REFUND,REFUNDED,SIMULATED return linked to an AdventureWorks order line,synthetic_extension,1.0.0,BASELINE,20260728,2026-07-28T00:00:00.000Z
RET-001860,SO69042,3,SHP-021939,15378,225,3,6,19,RR-006,2013-11-10,2013-11-13,2013-11-15,1,1,8.99,8.72,REFUND,REFUNDED,SIMULATED return linked to an AdventureWorks order line,synthetic_extension,1.0.0,BASELINE,20260728,2026-07-28T00:00:00.000Z
RET-001861,SO69058,2,SHP-021955,14914,475,3,4,100,RR-001,2013-11-11,2013-11-18,2013-11-20,1,1,69.99,67.89,REFUND,REFUNDED,SIMULATED return linked to an AdventureWorks order line,synthetic_extension,1.0.0,SCN_RET_CLOTHING_SIZE_SPIKE,20260728,2026-07-28T00:00:00.000Z
RET-001862,SO69058,3,SHP-021955,14914,488,3,4,100,RR-002,2013-11-10,2013-11-20,2013-11-23,1,1,53.99,52.37,REFUND,REFUNDED,SIMULATED return linked to an AdventureWorks order line,synthetic_extension,1.0.0,SCN_RET_CLOTHING_SIZE_SPIKE,20260728,2026-07-28T00:00:00.000Z
RET-001863,SO69081,2,SHP-021978,21356,489,3,4,100,RR-001,2013-11-07,2013-11-16,2013-11-20,1,1,53.99,52.37,REFUND,REFUNDED,SIMULATED return linked to an AdventureWorks order line,synthetic_extension,1.0.0,SCN_RET_CLOTHING_SIZE_SPIKE,20260728,2026-07-28T00:00:00.000Z
RET-001864,SO69082,3,SHP-021979,17558,465,3,6,19,RR-001,2013-11-14,2013-11-21,2013-11-23,1,1,24.49,23.76,REFUND,REFUNDED,SIMULATED return linked to an AdventureWorks order line,synthetic_extension,1.0.0,SCN_RET_CLOTHING_SIZE_SPIKE,20260728,2026-07-28T00:00:00.000Z
RET-001865,SO69089,1,SHP-021986,12700,564,1,9,6,RR-003,2013-11-12,2013-11-18,2013-11-21,1,1,2384.07,2312.55,REFUND,REFUNDED,SIMULATED return linked to an AdventureWorks order line,synthetic_extension,1.0.0,BASELINE,20260728,2026-07-28T00:00:00.000Z
RET-001866,SO69095,2,SHP-021992,14797,237,3,8,100,RR-002,2013-11-22,2013-11-28,2013-12-01,1,1,49.99,48.49,REFUND,REFUNDED,SIMULATED return linked to an AdventureWorks order line,synthetic_extension,1.0.0,SCN_RET_CLOTHING_SIZE_SPIKE,20260728,2026-07-28T00:00:00.000Z
RET-001867,SO69098,4,SHP-021995,19033,228,3,7,100,RR-001,2013-11-25,2013-11-30,2013-12-04,1,1,49.99,48.49,REFUND,REFUNDED,SIMULATED return linked to an AdventureWorks order line,synthetic_extension,1.0.0,SCN_RET_CLOTHING_SIZE_SPIKE,20260728,2026-07-28T00:00:00.000Z
RET-001868,SO69106,1,SHP-022003,11228,480,4,4,100,RR-005,2013-11-18,2013-11-26,2013-11-27,1,1,2.29,2.22,REFUND,REFUNDED,SIMULATED return linked to an AdventureWorks order line,synthetic_extension,1.0.0,BASELINE,20260728,2026-07-28T00:00:00.000Z
RET-001869,SO69111,1,SHP-022008,11185,475,3,6,19,RR-002,2013-11-15,2013-11-23,2013-11-24,1,1,69.99,67.89,REFUND,REFUNDED,SIMULATED return linked to an AdventureWorks order line,synthetic_extension,1.0.0,SCN_RET_CLOTHING_SIZE_SPIKE,20260728,2026-07-28T00:00:00.000Z
RET-001870,SO69111,2,SHP-022008,11185,491,3,6,19,RR-001,2013-11-18,2013-11-25,2013-11-27,1,1,53.99,52.37,REFUND,REFUNDED,SIMULATED return linked to an AdventureWorks order line,synthetic_extension,1.0.0,SCN_RET_CLOTHING_SIZE_SPIKE,20260728,2026-07-28T00:00:00.000Z
RET-001871,SO69124,1,SHP-022021,13944,537,4,6,19,RR-005,2013-11-27,2013-12-01,2013-12-02,1,1,35,33.95,REFUND,REFUNDED,SIMULATED return linked to an AdventureWorks order line,synthetic_extension,1.0.0,BASELINE,20260728,2026-07-28T00:00:00.000Z
RET-001872,SO69124,3,SHP-022021,13944,480,4,6,19,RR-003,2013-11-11,2013-11-17,2013-11-20,1,1,2.29,2.22,REFUND,REFUNDED,SIMULATED return linked to an AdventureWorks order line,synthetic_extension,1.0.0,BASELINE,20260728,2026-07-28T00:00:00.000Z
RET-001873,SO69146,4,SHP-022043,27455,473,3,1,100,RR-001,2013-11-16,2013-11-21,2013-11-25,1,1,63.5,61.59,REFUND,REFUNDED,SIMULATED return linked to an AdventureWorks order line,synthetic_extension,1.0.0,SCN_RET_CLOTHING_SIZE_SPIKE,20260728,2026-07-28T00:00:00.000Z
RET-001874,SO69147,2,SHP-022044,27116,225,3,1,100,RR-002,2013-11-23,2013-12-03,2013-12-06,1,1,8.99,8.72,REFUND,REFUNDED,SIMULATED return linked to an AdventureWorks order line,synthetic_extension,1.0.0,SCN_RET_CLOTHING_SIZE_SPIKE,20260728,2026-07-28T00:00:00.000Z
RET-001875,SO69152,4,SHP-022049,23726,225,3,1,100,RR-002,2013-11-20,2013-11-26,2013-11-29,1,1,8.99,8.72,REFUND,REFUNDED,SIMULATED return linked to an AdventureWorks order line,synthetic_extension,1.0.0,SCN_RET_CLOTHING_SIZE_SPIKE,20260728,2026-07-28T00:00:00.000Z
RET-001876,SO69165,2,SHP-022062,18290,491,3,9,6,RR-002,2013-11-15,2013-11-21,2013-11-24,1,1,53.99,52.37,REFUND,REFUNDED,SIMULATED return linked to an AdventureWorks order line,synthetic_extension,1.0.0,SCN_RET_CLOTHING_SIZE_SPIKE,20260728,2026-07-28T00:00:00.000Z
RET-001877,SO69188,1,SHP-022085,20383,476,3,1,100,RR-002,2013-11-11,2013-11-17,2013-11-20,1,1,69.99,67.89,REFUND,REFUNDED,SIMULATED return linked to an AdventureWorks order line,synthetic_extension,1.0.0,SCN_RET_CLOTHING_SIZE_SPIKE,20260728,2026-07-28T00:00:00.000Z
RET-001878,SO69188,2,SHP-022085,20383,465,3,1,100,RR-001,2013-11-24,2013-12-03,2013-12-07,1,1,24.49,23.76,REFUND,REFUNDED,SIMULATED return linked to an AdventureWorks order line,synthetic_extension,1.0.0,SCN_RET_CLOTHING_SIZE_SPIKE,20260728,2026-07-28T00:00:00.000Z
RET-001879,SO69189,1,SHP-022086,19755,476,3,1,100,RR-001,2013-11-15,2013-11-22,2013-11-24,1,1,69.99,67.89,REFUND,REFUNDED,SIMULATED return linked to an AdventureWorks order line,synthetic_extension,1.0.0,SCN_RET_CLOTHING_SIZE_SPIKE,20260728,2026-07-28T00:00:00.000Z
RET-001880,SO69198,1,SHP-022095,21096,477,4,8,100,RR-004,2013-12-02,2013-12-11,2013-12-15,1,1,4.99,4.84,REFUND,REFUNDED,SIMULATED return linked to an AdventureWorks order line,synthetic_extension,1.0.0,BASELINE,20260728,2026-07-28T00:00:00.000Z
RET-001881,SO69198,2,SHP-022095,21096,225,3,8,100,RR-002,2013-12-03,2013-12-09,2013-12-12,1,1,8.99,8.72,REFUND,REFUNDED,SIMULATED return linked to an AdventureWorks order line,synthetic_extension,1.0.0,SCN_RET_CLOTHING_SIZE_SPIKE,20260728,2026-07-28T00:00:00.000Z
RET-001882,SO69221,1,SHP-022118,27139,579,1,8,100,RR-003,2013-12-03,2013-12-09,2013-12-12,1,1,1214.85,1178.4,REFUND,REFUNDED,SIMULATED return linked to an AdventureWorks order line,synthetic_extension,1.0.0,BASELINE,20260728,2026-07-28T00:00:00.000Z
RET-001883,SO69221,2,SHP-022118,27139,479,4,8,100,RR-004,2013-12-02,2013-12-11,2013-12-15,1,1,8.99,8.72,REFUND,REFUNDED,SIMULATED return linked to an AdventureWorks order line,synthetic_extension,1.0.0,BASELINE,20260728,2026-07-28T00:00:00.000Z
RET-001884,SO69221,3,SHP-022118,27139,477,4,8,100,RR-005,2013-12-01,2013-12-05,2013-12-06,1,1,4.99,4.84,REFUND,REFUNDED,SIMULATED return linked to an AdventureWorks order line,synthetic_extension,1.0.0,BASELINE,20260728,2026-07-28T00:00:00.000Z
RET-001885,SO69221,4,SHP-022118,27139,488,3,8,100,RR-006,2013-11-30,2013-12-07,2013-12-09,1,1,53.99,52.37,REFUND,REFUNDED,SIMULATED return linked to an AdventureWorks order line,synthetic_extension,1.0.0,BASELINE,20260728,2026-07-28T00:00:00.000Z
RET-001886,SO69226,4,SHP-022123,21567,234,3,9,6,RR-002,2013-11-17,2013-11-25,2013-11-26,1,1,49.99,48.49,REFUND,REFUNDED,SIMULATED return linked to an AdventureWorks order line,synthetic_extension,1.0.0,SCN_RET_CLOTHING_SIZE_SPIKE,20260728,2026-07-28T00:00:00.000Z
RET-001887,SO69227,4,SHP-022124,26633,488,3,4,100,RR-001,2013-11-25,2013-12-04,2013-12-08,1,1,53.99,52.37,REFUND,REFUNDED,SIMULATED return linked to an AdventureWorks order line,synthetic_extension,1.0.0,SCN_RET_CLOTHING_SIZE_SPIKE,20260728,2026-07-28T00:00:00.000Z
RET-001888,SO69227,5,SHP-022124,26633,467,3,4,100,RR-002,2013-11-24,2013-11-28,2013-11-29,1,1,24.49,23.76,REFUND,REFUNDED,SIMULATED return linked to an AdventureWorks order line,synthetic_extension,1.0.0,SCN_RET_CLOTHING_SIZE_SPIKE,20260728,2026-07-28T00:00:00.000Z
RET-001889,SO69242,2,SHP-022139,14236,491,3,9,6,RR-002,2013-11-27,2013-12-01,2013-12-02,1,1,53.99,52.37,REFUND,REFUNDED,SIMULATED return linked to an AdventureWorks order line,synthetic_extension,1.0.0,SCN_RET_CLOTHING_SIZE_SPIKE,20260728,2026-07-28T00:00:00.000Z
RET-001890,SO69243,3,SHP-022140,11472,467,3,9,6,RR-002,2013-11-24,2013-12-02,2013-12-03,1,1,24.49,23.76,REFUND,REFUNDED,SIMULATED return linked to an AdventureWorks order line,synthetic_extension,1.0.0,SCN_RET_CLOTHING_SIZE_SPIKE,20260728,2026-07-28T00:00:00.000Z
RET-001891,SO69245,1,SHP-022142,12932,225,3,4,100,RR-002,2013-11-27,2013-12-01,2013-12-02,1,1,8.99,8.72,REFUND,REFUNDED,SIMULATED return linked to an AdventureWorks order line,synthetic_extension,1.0.0,SCN_RET_CLOTHING_SIZE_SPIKE,20260728,2026-07-28T00:00:00.000Z
RET-001892,SO69255,3,SHP-022152,17811,237,3,8,100,RR-001,2013-12-01,2013-12-10,2013-12-14,1,1,49.99,48.49,REFUND,REFUNDED,SIMULATED return linked to an AdventureWorks order line,synthetic_extension,1.0.0,SCN_RET_CLOTHING_SIZE_SPIKE,20260728,2026-07-28T00:00:00.000Z
RET-001893,SO69267,1,SHP-022164,15244,478,4,6,19,RR-005,2013-11-19,2013-11-23,2013-11-24,1,1,9.99,9.69,REFUND,REFUNDED,SIMULATED return linked to an AdventureWorks order line,synthetic_extension,1.0.0,BASELINE,20260728,2026-07-28T00:00:00.000Z
RET-001894,SO69267,2,SHP-022164,15244,477,4,6,19,RR-006,2013-11-22,2013-11-25,2013-11-27,1,1,4.99,4.84,REFUND,REFUNDED,SIMULATED return linked to an AdventureWorks order line,synthetic_extension,1.0.0,BASELINE,20260728,2026-07-28T00:00:00.000Z
RET-001895,SO69267,3,SHP-022164,15244,217,4,6,19,RR-003,2013-11-21,2013-11-27,2013-11-30,1,1,34.99,33.94,REFUND,REFUNDED,SIMULATED return linked to an AdventureWorks order line,synthetic_extension,1.0.0,BASELINE,20260728,2026-07-28T00:00:00.000Z
RET-001896,SO69269,1,SHP-022166,20113,476,3,1,100,RR-003,2013-11-17,2013-11-27,2013-11-30,1,1,69.99,67.89,REFUND,REFUNDED,SIMULATED return linked to an AdventureWorks order line,synthetic_extension,1.0.0,BASELINE,20260728,2026-07-28T00:00:00.000Z
RET-001897,SO69270,1,SHP-022167,19868,475,3,4,100,RR-002,2013-11-21,2013-11-29,2013-11-30,1,1,69.99,67.89,REFUND,REFUNDED,SIMULATED return linked to an AdventureWorks order line,synthetic_extension,1.0.0,SCN_RET_CLOTHING_SIZE_SPIKE,20260728,2026-07-28T00:00:00.000Z
RET-001898,SO69270,2,SHP-022167,19868,237,3,4,100,RR-001,2013-11-24,2013-12-01,2013-12-03,1,1,49.99,48.49,REFUND,REFUNDED,SIMULATED return linked to an AdventureWorks order line,synthetic_extension,1.0.0,SCN_RET_CLOTHING_SIZE_SPIKE,20260728,2026-07-28T00:00:00.000Z
RET-001899,SO69271,1,SHP-022168,19734,476,3,4,100,RR-001,2013-11-21,2013-11-30,2013-12-04,1,1,69.99,67.89,REFUND,REFUNDED,SIMULATED return linked to an AdventureWorks order line,synthetic_extension,1.0.0,SCN_RET_CLOTHING_SIZE_SPIKE,20260728,2026-07-28T00:00:00.000Z
RET-001900,SO69271,2,SHP-022168,19734,231,3,4,100,RR-002,2013-11-22,2013-11-28,2013-12-01,1,1,49.99,48.49,REFUND,REFUNDED,SIMULATED return linked to an AdventureWorks order line,synthetic_extension,1.0.0,SCN_RET_CLOTHING_SIZE_SPIKE,20260728,2026-07-28T00:00:00.000Z
RET-001901,SO69272,1,SHP-022169,19229,475,3,4,100,RR-002,2013-11-10,2013-11-20,2013-11-23,1,1,69.99,67.89,REFUND,REFUNDED,SIMULATED return linked to an AdventureWorks order line,synthetic_extension,1.0.0,SCN_RET_CLOTHING_SIZE_SPIKE,20260728,2026-07-28T00:00:00.000Z
RET-001902,SO69272,2,SHP-022169,19229,489,3,4,100,RR-001,2013-11-09,2013-11-14,2013-11-18,1,1,53.99,52.37,REFUND,REFUNDED,SIMULATED return linked to an AdventureWorks order line,synthetic_extension,1.0.0,SCN_RET_CLOTHING_SIZE_SPIKE,20260728,2026-07-28T00:00:00.000Z
RET-001903,SO69273,1,SHP-022170,18585,475,3,4,100,RR-001,2013-11-10,2013-11-13,2013-11-15,1,1,69.99,67.89,REFUND,REFUNDED,SIMULATED return linked to an AdventureWorks order line,synthetic_extension,1.0.0,SCN_RET_CLOTHING_SIZE_SPIKE,20260728,2026-07-28T00:00:00.000Z
RET-001904,SO69273,2,SHP-022170,18585,482,3,4,100,RR-002,2013-11-25,2013-11-29,2013-11-30,1,1,8.99,8.72,REFUND,REFUNDED,SIMULATED return linked to an AdventureWorks order line,synthetic_extension,1.0.0,SCN_RET_CLOTHING_SIZE_SPIKE,20260728,2026-07-28T00:00:00.000Z
RET-001905,SO69288,2,SHP-022185,13063,214,4,1,100,RR-003,2013-11-15,2013-11-25,2013-11-28,1,1,34.99,33.94,REFUND,REFUNDED,SIMULATED return linked to an AdventureWorks order line,synthetic_extension,1.0.0,BASELINE,20260728,2026-07-28T00:00:00.000Z
RET-001906,SO69292,1,SHP-022189,15252,590,1,1,100,RR-005,2013-11-19,2013-11-27,2013-11-28,1,1,769.49,746.41,REFUND,REFUNDED,SIMULATED return linked to an AdventureWorks order line,synthetic_extension,1.0.0,BASELINE,20260728,2026-07-28T00:00:00.000Z
RET-001907,SO69300,5,SHP-022197,21570,482,3,9,6,RR-002,2013-11-29,2013-12-07,2013-12-08,1,1,8.99,8.72,REFUND,REFUNDED,SIMULATED return linked to an AdventureWorks order line,synthetic_extension,1.0.0,SCN_RET_CLOTHING_SIZE_SPIKE,20260728,2026-07-28T00:00:00.000Z
RET-001908,SO69306,2,SHP-022203,23899,529,4,7,100,RR-004,2013-11-21,2013-11-26,2013-11-30,1,1,3.99,3.87,REFUND,REFUNDED,SIMULATED return linked to an AdventureWorks order line,synthetic_extension,1.0.0,BASELINE,20260728,2026-07-28T00:00:00.000Z
RET-001909,SO69306,3,SHP-022203,23899,538,4,7,100,RR-005,2013-11-20,2013-11-28,2013-11-29,1,1,21.49,20.85,REFUND,REFUNDED,SIMULATED return linked to an AdventureWorks order line,synthetic_extension,1.0.0,BASELINE,20260728,2026-07-28T00:00:00.000Z
RET-001910,SO69306,4,SHP-022203,23899,482,3,7,100,RR-001,2013-11-27,2013-11-30,2013-12-02,1,1,8.99,8.72,REFUND,REFUNDED,SIMULATED return linked to an AdventureWorks order line,synthetic_extension,1.0.0,SCN_RET_CLOTHING_SIZE_SPIKE,20260728,2026-07-28T00:00:00.000Z
RET-001911,SO69307,4,SHP-022204,28372,489,3,10,98,RR-002,2013-12-02,2013-12-12,2013-12-15,1,1,53.99,52.37,REFUND,REFUNDED,SIMULATED return linked to an AdventureWorks order line,synthetic_extension,1.0.0,SCN_RET_CLOTHING_SIZE_SPIKE,20260728,2026-07-28T00:00:00.000Z
RET-001912,SO69324,3,SHP-022219,18021,234,3,10,98,RR-002,2013-12-07,2013-12-11,2013-12-12,1,1,49.99,48.49,REFUND,REFUNDED,SIMULATED return linked to an AdventureWorks order line,synthetic_extension,1.0.0,SCN_RET_CLOTHING_SIZE_SPIKE,20260728,2026-07-28T00:00:00.000Z
RET-001913,SO69325,2,SHP-022220,26227,225,3,8,100,RR-002,2013-12-01,2013-12-09,2013-12-10,1,1,8.99,8.72,REFUND,REFUNDED,SIMULATED return linked to an AdventureWorks order line,synthetic_extension,1.0.0,SCN_RET_CLOTHING_SIZE_SPIKE,20260728,2026-07-28T00:00:00.000Z
RET-001914,SO69330,3,SHP-022225,26578,463,3,4,100,RR-001,2013-11-15,2013-11-22,2013-11-24,1,1,24.49,23.76,REFUND,REFUNDED,SIMULATED return linked to an AdventureWorks order line,synthetic_extension,1.0.0,SCN_RET_CLOTHING_SIZE_SPIKE,20260728,2026-07-28T00:00:00.000Z
RET-001915,SO69361,1,SHP-022256,12312,214,4,7,100,RR-006,2013-11-16,2013-11-23,2013-11-25,1,1,34.99,33.94,REFUND,REFUNDED,SIMULATED return linked to an AdventureWorks order line,synthetic_extension,1.0.0,BASELINE,20260728,2026-07-28T00:00:00.000Z
RET-001916,SO69378,5,SHP-022273,15590,481,3,9,6,RR-001,2013-11-24,2013-11-29,2013-12-03,1,1,8.99,8.72,REFUND,REFUNDED,SIMULATED return linked to an AdventureWorks order line,synthetic_extension,1.0.0,SCN_RET_CLOTHING_SIZE_SPIKE,20260728,2026-07-28T00:00:00.000Z
RET-001917,SO69380,2,SHP-022275,23867,560,1,6,19,RR-006,2013-11-23,2013-11-26,2013-11-28,1,1,1214.85,1178.4,REFUND,REFUNDED,SIMULATED return linked to an AdventureWorks order line,synthetic_extension,1.0.0,BASELINE,20260728,2026-07-28T00:00:00.000Z
RET-001918,SO69568,4,SHP-022285,12357,465,3,9,6,RR-001,2013-11-26,2013-12-05,2013-12-09,1,1,24.49,23.76,REFUND,REFUNDED,SIMULATED return linked to an AdventureWorks order line,synthetic_extension,1.0.0,SCN_RET_CLOTHING_SIZE_SPIKE,20260728,2026-07-28T00:00:00.000Z
RET-001919,SO69572,1,SHP-022289,11045,228,3,9,6,RR-001,2013-11-29,2013-12-08,2013-12-12,1,1,49.99,48.49,REFUND,REFUNDED,SIMULATED return linked to an AdventureWorks order line,synthetic_extension,1.0.0,SCN_RET_CLOTHING_SIZE_SPIKE,20260728,2026-07-28T00:00:00.000Z
RET-001920,SO69605,1,SHP-022322,13888,485,4,1,100,RR-005,2013-11-18,2013-11-22,2013-11-23,1,1,21.98,21.32,REFUND,REFUNDED,SIMULATED return linked to an AdventureWorks order line,synthetic_extension,1.0.0,BASELINE,20260728,2026-07-28T00:00:00.000Z
RET-001921,SO69607,2,SHP-022324,23595,490,3,7,100,RR-001,2013-11-28,2013-12-07,2013-12-11,1,1,53.99,52.37,REFUND,REFUNDED,SIMULATED return linked to an AdventureWorks order line,synthetic_extension,1.0.0,SCN_RET_CLOTHING_SIZE_SPIKE,20260728,2026-07-28T00:00:00.000Z
RET-001922,SO69607,3,SHP-022324,23595,225,3,7,100,RR-002,2013-11-27,2013-12-01,2013-12-02,1,1,8.99,8.72,REFUND,REFUNDED,SIMULATED return linked to an AdventureWorks order line,synthetic_extension,1.0.0,SCN_RET_CLOTHING_SIZE_SPIKE,20260728,2026-07-28T00:00:00.000Z
RET-001923,SO69610,1,SHP-022327,12545,538,4,10,98,RR-003,2013-11-27,2013-12-03,2013-12-06,1,1,21.49,20.85,REFUND,REFUNDED,SIMULATED return linked to an AdventureWorks order line,synthetic_extension,1.0.0,BASELINE,20260728,2026-07-28T00:00:00.000Z
RET-001924,SO69610,2,SHP-022327,12545,529,4,10,98,RR-004,2013-11-26,2013-12-05,2013-12-09,1,1,3.99,3.87,REFUND,REFUNDED,SIMULATED return linked to an AdventureWorks order line,synthetic_extension,1.0.0,BASELINE,20260728,2026-07-28T00:00:00.000Z
RET-001925,SO69610,3,SHP-022327,12545,222,4,10,98,RR-005,2013-11-25,2013-11-29,2013-11-30,1,1,34.99,33.94,REFUND,REFUNDED,SIMULATED return linked to an AdventureWorks order line,synthetic_extension,1.0.0,BASELINE,20260728,2026-07-28T00:00:00.000Z
RET-001926,SO69610,4,SHP-022327,12545,225,3,10,98,RR-001,2013-11-24,2013-12-01,2013-12-03,1,1,8.99,8.72,REFUND,REFUNDED,SIMULATED return linked to an AdventureWorks order line,synthetic_extension,1.0.0,SCN_RET_CLOTHING_SIZE_SPIKE,20260728,2026-07-28T00:00:00.000Z
RET-001927,SO69622,3,SHP-022339,17003,237,3,4,100,RR-001,2013-11-10,2013-11-13,2013-11-15,1,1,49.99,48.49,REFUND,REFUNDED,SIMULATED return linked to an AdventureWorks order line,synthetic_extension,1.0.0,SCN_RET_CLOTHING_SIZE_SPIKE,20260728,2026-07-28T00:00:00.000Z
RET-001928,SO69622,4,SHP-022339,17003,465,3,4,100,RR-002,2013-11-21,2013-11-29,2013-11-30,1,1,24.49,23.76,REFUND,REFUNDED,SIMULATED return linked to an AdventureWorks order line,synthetic_extension,1.0.0,SCN_RET_CLOTHING_SIZE_SPIKE,20260728,2026-07-28T00:00:00.000Z
RET-001929,SO69624,3,SHP-022341,11241,225,3,7,100,RR-001,2013-12-03,2013-12-08,2013-12-12,1,1,8.99,8.72,REFUND,REFUNDED,SIMULATED return linked to an AdventureWorks order line,synthetic_extension,1.0.0,SCN_RET_CLOTHING_SIZE_SPIKE,20260728,2026-07-28T00:00:00.000Z
RET-001930,SO69633,2,SHP-022350,17295,478,4,9,6,RR-005,2013-11-22,2013-11-26,2013-11-27,1,1,9.99,9.69,REFUND,REFUNDED,SIMULATED return linked to an AdventureWorks order line,synthetic_extension,1.0.0,BASELINE,20260728,2026-07-28T00:00:00.000Z
RET-001931,SO69633,3,SHP-022350,17295,222,4,9,6,RR-004,2013-11-23,2013-12-02,2013-12-06,1,1,34.99,33.94,REFUND,REFUNDED,SIMULATED return linked to an AdventureWorks order line,synthetic_extension,1.0.0,BASELINE,20260728,2026-07-28T00:00:00.000Z
RET-001932,SO69634,2,SHP-022351,15265,476,3,9,6,RR-001,2013-11-16,2013-11-19,2013-11-21,1,1,69.99,67.89,REFUND,REFUNDED,SIMULATED return linked to an AdventureWorks order line,synthetic_extension,1.0.0,SCN_RET_CLOTHING_SIZE_SPIKE,20260728,2026-07-28T00:00:00.000Z
RET-001933,SO69634,3,SHP-022351,15265,225,3,9,6,RR-002,2013-11-15,2013-11-21,2013-11-24,1,1,8.99,8.72,REFUND,REFUNDED,SIMULATED return linked to an AdventureWorks order line,synthetic_extension,1.0.0,SCN_RET_CLOTHING_SIZE_SPIKE,20260728,2026-07-28T00:00:00.000Z
RET-001934,SO69644,1,SHP-022361,25546,390,1,10,98,RR-004,2013-12-03,2013-12-12,2013-12-16,1,1,1120.49,1086.88,REFUND,REFUNDED,SIMULATED return linked to an AdventureWorks order line,synthetic_extension,1.0.0,BASELINE,20260728,2026-07-28T00:00:00.000Z
RET-001935,SO69644,2,SHP-022361,25546,231,3,10,98,RR-002,2013-12-04,2013-12-10,2013-12-13,1,1,49.99,48.49,REFUND,REFUNDED,SIMULATED return linked to an AdventureWorks order line,synthetic_extension,1.0.0,SCN_RET_CLOTHING_SIZE_SPIKE,20260728,2026-07-28T00:00:00.000Z
RET-001936,SO69644,3,SHP-022361,25546,225,3,10,98,RR-001,2013-12-05,2013-12-08,2013-12-10,1,1,8.99,8.72,REFUND,REFUNDED,SIMULATED return linked to an AdventureWorks order line,synthetic_extension,1.0.0,SCN_RET_CLOTHING_SIZE_SPIKE,20260728,2026-07-28T00:00:00.000Z
RET-001937,SO69659,3,SHP-022376,11974,465,3,4,100,RR-001,2013-11-21,2013-11-30,2013-12-04,1,1,24.49,23.76,REFUND,REFUNDED,SIMULATED return linked to an AdventureWorks order line,synthetic_extension,1.0.0,SCN_RET_CLOTHING_SIZE_SPIKE,20260728,2026-07-28T00:00:00.000Z
RET-001938,SO69677,1,SHP-022394,11868,540,4,6,19,RR-006,2013-11-30,2013-12-03,2013-12-05,1,1,32.6,31.62,REFUND,REFUNDED,SIMULATED return linked to an AdventureWorks order line,synthetic_extension,1.0.0,BASELINE,20260728,2026-07-28T00:00:00.000Z
RET-001939,SO69679,3,SHP-022396,21420,472,3,4,100,RR-001,2013-11-19,2013-11-26,2013-11-28,1,1,63.5,61.59,REFUND,REFUNDED,SIMULATED return linked to an AdventureWorks order line,synthetic_extension,1.0.0,SCN_RET_CLOTHING_SIZE_SPIKE,20260728,2026-07-28T00:00:00.000Z
RET-001940,SO69681,1,SHP-022398,20381,476,3,1,100,RR-002,2013-11-28,2013-12-06,2013-12-07,1,1,69.99,67.89,REFUND,REFUNDED,SIMULATED return linked to an AdventureWorks order line,synthetic_extension,1.0.0,SCN_RET_CLOTHING_SIZE_SPIKE,20260728,2026-07-28T00:00:00.000Z
RET-001941,SO69697,1,SHP-022414,24041,529,4,8,100,RR-004,2013-11-22,2013-12-01,2013-12-05,1,1,3.99,3.87,REFUND,REFUNDED,SIMULATED return linked to an AdventureWorks order line,synthetic_extension,1.0.0,BASELINE,20260728,2026-07-28T00:00:00.000Z
RET-001942,SO69697,2,SHP-022414,24041,487,4,8,100,RR-003,2013-11-23,2013-11-29,2013-12-02,1,1,54.99,53.34,REFUND,REFUNDED,SIMULATED return linked to an AdventureWorks order line,synthetic_extension,1.0.0,BASELINE,20260728,2026-07-28T00:00:00.000Z
RET-001943,SO69703,4,SHP-022420,17604,217,4,1,100,RR-003,2013-11-14,2013-11-24,2013-11-27,1,1,34.99,33.94,REFUND,REFUNDED,SIMULATED return linked to an AdventureWorks order line,synthetic_extension,1.0.0,BASELINE,20260728,2026-07-28T00:00:00.000Z
RET-001944,SO69706,2,SHP-022423,13710,463,3,6,19,RR-004,2013-11-27,2013-12-06,2013-12-10,1,1,24.49,23.76,REFUND,REFUNDED,SIMULATED return linked to an AdventureWorks order line,synthetic_extension,1.0.0,BASELINE,20260728,2026-07-28T00:00:00.000Z
RET-001945,SO69721,1,SHP-022438,13128,576,1,9,6,RR-006,2013-11-18,2013-11-25,2013-11-27,1,1,2384.07,2312.55,REFUND,REFUNDED,SIMULATED return linked to an AdventureWorks order line,synthetic_extension,1.0.0,BASELINE,20260728,2026-07-28T00:00:00.000Z
RET-001946,SO69729,1,SHP-022446,15024,225,3,9,6,RR-001,2013-12-03,2013-12-10,2013-12-12,1,1,8.99,8.72,REFUND,REFUNDED,SIMULATED return linked to an AdventureWorks order line,synthetic_extension,1.0.0,SCN_RET_CLOTHING_SIZE_SPIKE,20260728,2026-07-28T00:00:00.000Z
RET-001947,SO69747,2,SHP-022464,19232,481,3,6,19,RR-002,2013-11-28,2013-12-02,2013-12-03,1,1,8.99,8.72,REFUND,REFUNDED,SIMULATED return linked to an AdventureWorks order line,synthetic_extension,1.0.0,SCN_RET_CLOTHING_SIZE_SPIKE,20260728,2026-07-28T00:00:00.000Z
RET-001948,SO69768,3,SHP-022485,17399,228,3,4,100,RR-002,2013-11-15,2013-11-23,2013-11-24,1,1,49.99,48.49,REFUND,REFUNDED,SIMULATED return linked to an AdventureWorks order line,synthetic_extension,1.0.0,SCN_RET_CLOTHING_SIZE_SPIKE,20260728,2026-07-28T00:00:00.000Z
RET-001949,SO69770,2,SHP-022487,19439,482,3,8,100,RR-002,2013-11-18,2013-11-28,2013-12-01,1,1,8.99,8.72,REFUND,REFUNDED,SIMULATED return linked to an AdventureWorks order line,synthetic_extension,1.0.0,SCN_RET_CLOTHING_SIZE_SPIKE,20260728,2026-07-28T00:00:00.000Z
RET-001950,SO69770,3,SHP-022487,19439,231,3,8,100,RR-001,2013-11-19,2013-11-26,2013-11-28,1,1,49.99,48.49,REFUND,REFUNDED,SIMULATED return linked to an AdventureWorks order line,synthetic_extension,1.0.0,SCN_RET_CLOTHING_SIZE_SPIKE,20260728,2026-07-28T00:00:00.000Z
RET-001951,SO69782,1,SHP-022499,24996,574,1,4,100,RR-003,2013-11-29,2013-12-09,2013-12-12,1,1,2384.07,2312.55,REFUND,REFUNDED,SIMULATED return linked to an AdventureWorks order line,synthetic_extension,1.0.0,BASELINE,20260728,2026-07-28T00:00:00.000Z
RET-001952,SO69782,2,SHP-022499,24996,530,4,4,100,RR-004,2013-11-28,2013-12-03,2013-12-07,1,1,4.99,4.84,REFUND,REFUNDED,SIMULATED return linked to an AdventureWorks order line,synthetic_extension,1.0.0,BASELINE,20260728,2026-07-28T00:00:00.000Z
RET-001953,SO69782,3,SHP-022499,24996,541,4,4,100,RR-005,2013-11-27,2013-12-05,2013-12-06,1,1,28.99,28.12,REFUND,REFUNDED,SIMULATED return linked to an AdventureWorks order line,synthetic_extension,1.0.0,BASELINE,20260728,2026-07-28T00:00:00.000Z
RET-001954,SO69783,2,SHP-022500,27919,489,3,1,100,RR-002,2013-11-14,2013-11-18,2013-11-19,1,1,53.99,52.37,REFUND,REFUNDED,SIMULATED return linked to an AdventureWorks order line,synthetic_extension,1.0.0,SCN_RET_CLOTHING_SIZE_SPIKE,20260728,2026-07-28T00:00:00.000Z
RET-001955,SO69794,2,SHP-022511,22596,237,3,10,98,RR-002,2013-11-25,2013-12-03,2013-12-04,1,1,49.99,48.49,REFUND,REFUNDED,SIMULATED return linked to an AdventureWorks order line,synthetic_extension,1.0.0,SCN_RET_CLOTHING_SIZE_SPIKE,20260728,2026-07-28T00:00:00.000Z
RET-001956,SO69798,1,SHP-022515,15715,477,4,9,6,RR-006,2013-11-22,2013-11-25,2013-11-27,1,1,4.99,4.84,REFUND,REFUNDED,SIMULATED return linked to an AdventureWorks order line,synthetic_extension,1.0.0,BASELINE,20260728,2026-07-28T00:00:00.000Z
RET-001957,SO69801,1,SHP-022518,16465,589,1,10,98,RR-003,2013-12-01,2013-12-07,2013-12-10,1,1,769.49,746.41,REFUND,REFUNDED,SIMULATED return linked to an AdventureWorks order line,synthetic_extension,1.0.0,BASELINE,20260728,2026-07-28T00:00:00.000Z
RET-001958,SO69801,2,SHP-022518,16465,536,4,10,98,RR-004,2013-11-30,2013-12-09,2013-12-13,1,1,29.99,29.09,REFUND,REFUNDED,SIMULATED return linked to an AdventureWorks order line,synthetic_extension,1.0.0,BASELINE,20260728,2026-07-28T00:00:00.000Z
RET-001959,SO69801,3,SHP-022518,16465,528,4,10,98,RR-005,2013-11-29,2013-12-03,2013-12-04,1,1,4.99,4.84,REFUND,REFUNDED,SIMULATED return linked to an AdventureWorks order line,synthetic_extension,1.0.0,BASELINE,20260728,2026-07-28T00:00:00.000Z
RET-001960,SO69801,4,SHP-022518,16465,478,4,10,98,RR-006,2013-11-28,2013-12-05,2013-12-07,1,1,9.99,9.69,REFUND,REFUNDED,SIMULATED return linked to an AdventureWorks order line,synthetic_extension,1.0.0,BASELINE,20260728,2026-07-28T00:00:00.000Z
RET-001961,SO69816,1,SHP-022533,19540,475,3,1,100,RR-002,2013-11-21,2013-12-01,2013-12-04,1,1,69.99,67.89,REFUND,REFUNDED,SIMULATED return linked to an AdventureWorks order line,synthetic_extension,1.0.0,SCN_RET_CLOTHING_SIZE_SPIKE,20260728,2026-07-28T00:00:00.000Z
RET-001962,SO69837,5,SHP-022554,19830,237,3,6,19,RR-001,2013-11-20,2013-11-29,2013-12-03,1,1,49.99,48.49,REFUND,REFUNDED,SIMULATED return linked to an AdventureWorks order line,synthetic_extension,1.0.0,SCN_RET_CLOTHING_SIZE_SPIKE,20260728,2026-07-28T00:00:00.000Z
RET-001963,SO69837,6,SHP-022554,19830,225,3,6,19,RR-002,2013-11-21,2013-11-27,2013-11-30,1,1,8.99,8.72,REFUND,REFUNDED,SIMULATED return linked to an AdventureWorks order line,synthetic_extension,1.0.0,SCN_RET_CLOTHING_SIZE_SPIKE,20260728,2026-07-28T00:00:00.000Z
RET-001964,SO69842,3,SHP-022559,27824,225,3,7,100,RR-006,2013-12-04,2013-12-07,2013-12-09,1,1,8.99,8.72,REFUND,REFUNDED,SIMULATED return linked to an AdventureWorks order line,synthetic_extension,1.0.0,BASELINE,20260728,2026-07-28T00:00:00.000Z
RET-001965,SO69853,4,SHP-022570,28063,234,3,4,100,RR-002,2013-11-30,2013-12-10,2013-12-13,1,1,49.99,48.49,REFUND,REFUNDED,SIMULATED return linked to an AdventureWorks order line,synthetic_extension,1.0.0,SCN_RET_CLOTHING_SIZE_SPIKE,20260728,2026-07-28T00:00:00.000Z
RET-001966,SO69856,4,SHP-022573,23505,489,3,4,100,RR-001,2013-11-19,2013-11-26,2013-11-28,1,1,53.99,52.37,REFUND,REFUNDED,SIMULATED return linked to an AdventureWorks order line,synthetic_extension,1.0.0,SCN_RET_CLOTHING_SIZE_SPIKE,20260728,2026-07-28T00:00:00.000Z
RET-001967,SO69856,5,SHP-022573,23505,225,3,4,100,RR-002,2013-11-18,2013-11-28,2013-12-01,1,1,8.99,8.72,REFUND,REFUNDED,SIMULATED return linked to an AdventureWorks order line,synthetic_extension,1.0.0,SCN_RET_CLOTHING_SIZE_SPIKE,20260728,2026-07-28T00:00:00.000Z
RET-001968,SO69862,3,SHP-022579,25522,471,3,8,100,RR-001,2013-12-08,2013-12-17,2013-12-21,1,1,63.5,61.59,REFUND,REFUNDED,SIMULATED return linked to an AdventureWorks order line,synthetic_extension,1.0.0,SCN_RET_CLOTHING_SIZE_SPIKE,20260728,2026-07-28T00:00:00.000Z
RET-001969,SO69868,1,SHP-022585,14014,539,4,9,6,RR-004,2013-11-29,2013-12-08,2013-12-12,1,1,24.99,24.24,REFUND,REFUNDED,SIMULATED return linked to an AdventureWorks order line,synthetic_extension,1.0.0,BASELINE,20260728,2026-07-28T00:00:00.000Z
RET-001970,SO69868,2,SHP-022585,14014,480,4,9,6,RR-003,2013-11-30,2013-12-06,2013-12-09,1,1,2.29,2.22,REFUND,REFUNDED,SIMULATED return linked to an AdventureWorks order line,synthetic_extension,1.0.0,BASELINE,20260728,2026-07-28T00:00:00.000Z
RET-001971,SO69874,2,SHP-022591,16549,225,3,8,100,RR-001,2013-11-29,2013-12-04,2013-12-08,1,1,8.99,8.72,REFUND,REFUNDED,SIMULATED return linked to an AdventureWorks order line,synthetic_extension,1.0.0,SCN_RET_CLOTHING_SIZE_SPIKE,20260728,2026-07-28T00:00:00.000Z
RET-001972,SO69884,3,SHP-022601,16089,491,3,6,19,RR-001,2013-11-19,2013-11-28,2013-12-02,1,1,53.99,52.37,REFUND,REFUNDED,SIMULATED return linked to an AdventureWorks order line,synthetic_extension,1.0.0,SCN_RET_CLOTHING_SIZE_SPIKE,20260728,2026-07-28T00:00:00.000Z
RET-001973,SO69884,4,SHP-022601,16089,465,3,6,19,RR-002,2013-12-04,2013-12-14,2013-12-17,1,1,24.49,23.76,REFUND,REFUNDED,SIMULATED return linked to an AdventureWorks order line,synthetic_extension,1.0.0,SCN_RET_CLOTHING_SIZE_SPIKE,20260728,2026-07-28T00:00:00.000Z
RET-001974,SO69885,2,SHP-022602,21902,225,3,4,100,RR-001,2013-11-28,2013-12-03,2013-12-07,1,1,8.99,8.72,REFUND,REFUNDED,SIMULATED return linked to an AdventureWorks order line,synthetic_extension,1.0.0,SCN_RET_CLOTHING_SIZE_SPIKE,20260728,2026-07-28T00:00:00.000Z
RET-001975,SO69889,1,SHP-022606,18390,475,3,6,19,RR-002,2013-11-19,2013-11-25,2013-11-28,1,1,69.99,67.89,REFUND,REFUNDED,SIMULATED return linked to an AdventureWorks order line,synthetic_extension,1.0.0,SCN_RET_CLOTHING_SIZE_SPIKE,20260728,2026-07-28T00:00:00.000Z
RET-001976,SO69889,2,SHP-022606,18390,228,3,6,19,RR-001,2013-11-18,2013-11-27,2013-12-01,1,1,49.99,48.49,REFUND,REFUNDED,SIMULATED return linked to an AdventureWorks order line,synthetic_extension,1.0.0,SCN_RET_CLOTHING_SIZE_SPIKE,20260728,2026-07-28T00:00:00.000Z
RET-001977,SO69901,1,SHP-022618,20971,529,4,7,100,RR-006,2013-12-09,2013-12-16,2013-12-18,1,1,3.99,3.87,REFUND,REFUNDED,SIMULATED return linked to an AdventureWorks order line,synthetic_extension,1.0.0,BASELINE,20260728,2026-07-28T00:00:00.000Z
RET-001978,SO69907,4,SHP-022624,11879,463,3,1,100,RR-002,2013-11-19,2013-11-27,2013-11-28,1,1,24.49,23.76,REFUND,REFUNDED,SIMULATED return linked to an AdventureWorks order line,synthetic_extension,1.0.0,SCN_RET_CLOTHING_SIZE_SPIKE,20260728,2026-07-28T00:00:00.000Z
RET-001979,SO69908,5,SHP-022625,16646,234,3,6,19,RR-002,2013-11-17,2013-11-27,2013-11-30,1,1,49.99,48.49,REFUND,REFUNDED,SIMULATED return linked to an AdventureWorks order line,synthetic_extension,1.0.0,SCN_RET_CLOTHING_SIZE_SPIKE,20260728,2026-07-28T00:00:00.000Z
RET-001980,SO69917,4,SHP-022634,13517,467,3,10,98,RR-001,2013-11-29,2013-12-06,2013-12-08,1,1,24.49,23.76,REFUND,REFUNDED,SIMULATED return linked to an AdventureWorks order line,synthetic_extension,1.0.0,SCN_RET_CLOTHING_SIZE_SPIKE,20260728,2026-07-28T00:00:00.000Z
RET-001981,SO69925,1,SHP-022642,25938,605,1,9,6,RR-004,2013-11-21,2013-11-26,2013-11-30,1,1,539.99,523.79,REFUND,REFUNDED,SIMULATED return linked to an AdventureWorks order line,synthetic_extension,1.0.0,BASELINE,20260728,2026-07-28T00:00:00.000Z
RET-001982,SO69925,4,SHP-022642,25938,487,4,9,6,RR-005,2013-11-24,2013-11-28,2013-11-29,1,1,54.99,53.34,REFUND,REFUNDED,SIMULATED return linked to an AdventureWorks order line,synthetic_extension,1.0.0,BASELINE,20260728,2026-07-28T00:00:00.000Z
RET-001983,SO69959,1,SHP-022676,11331,237,3,6,19,RR-005,2013-11-28,2013-12-02,2013-12-03,1,1,49.99,48.49,REFUND,REFUNDED,SIMULATED return linked to an AdventureWorks order line,synthetic_extension,1.0.0,BASELINE,20260728,2026-07-28T00:00:00.000Z
RET-001984,SO69974,2,SHP-022691,25794,480,4,8,100,RR-005,2013-12-11,2013-12-15,2013-12-16,1,1,2.29,2.22,REFUND,REFUNDED,SIMULATED return linked to an AdventureWorks order line,synthetic_extension,1.0.0,BASELINE,20260728,2026-07-28T00:00:00.000Z
RET-001985,SO69991,1,SHP-022708,15797,353,1,9,6,RR-005,2013-12-04,2013-12-12,2013-12-13,1,1,2319.99,2250.39,REFUND,REFUNDED,SIMULATED return linked to an AdventureWorks order line,synthetic_extension,1.0.0,BASELINE,20260728,2026-07-28T00:00:00.000Z
RET-001986,SO69991,2,SHP-022708,15797,485,4,9,6,RR-006,2013-11-19,2013-11-26,2013-11-28,1,1,21.98,21.32,REFUND,REFUNDED,SIMULATED return linked to an AdventureWorks order line,synthetic_extension,1.0.0,BASELINE,20260728,2026-07-28T00:00:00.000Z
RET-001987,SO69991,3,SHP-022708,15797,480,4,9,6,RR-003,2013-12-06,2013-12-16,2013-12-19,1,1,2.29,2.22,REFUND,REFUNDED,SIMULATED return linked to an AdventureWorks order line,synthetic_extension,1.0.0,BASELINE,20260728,2026-07-28T00:00:00.000Z
RET-001988,SO69998,1,SHP-022715,27670,576,1,4,100,RR-004,2013-11-17,2013-11-26,2013-11-30,1,1,2384.07,2312.55,REFUND,REFUNDED,SIMULATED return linked to an AdventureWorks order line,synthetic_extension,1.0.0,BASELINE,20260728,2026-07-28T00:00:00.000Z
RET-001989,SO70028,1,SHP-022745,21057,357,1,8,100,RR-006,2013-11-27,2013-12-04,2013-12-06,1,1,2319.99,2250.39,REFUND,REFUNDED,SIMULATED return linked to an AdventureWorks order line,synthetic_extension,1.0.0,BASELINE,20260728,2026-07-28T00:00:00.000Z
RET-001990,SO70028,2,SHP-022745,21057,537,4,8,100,RR-005,2013-12-12,2013-12-20,2013-12-21,1,1,35,33.95,REFUND,REFUNDED,SIMULATED return linked to an AdventureWorks order line,synthetic_extension,1.0.0,BASELINE,20260728,2026-07-28T00:00:00.000Z
RET-001991,SO70028,3,SHP-022745,21057,528,4,8,100,RR-004,2013-12-13,2013-12-18,2013-12-22,1,1,4.99,4.84,REFUND,REFUNDED,SIMULATED return linked to an AdventureWorks order line,synthetic_extension,1.0.0,BASELINE,20260728,2026-07-28T00:00:00.000Z
RET-001992,SO70028,4,SHP-022745,21057,217,4,8,100,RR-003,2013-11-30,2013-12-06,2013-12-09,1,1,34.99,33.94,REFUND,REFUNDED,SIMULATED return linked to an AdventureWorks order line,synthetic_extension,1.0.0,BASELINE,20260728,2026-07-28T00:00:00.000Z
RET-001993,SO70031,3,SHP-022748,14929,481,3,10,98,RR-001,2013-11-25,2013-12-02,2013-12-04,1,1,8.99,8.72,REFUND,REFUNDED,SIMULATED return linked to an AdventureWorks order line,synthetic_extension,1.0.0,SCN_RET_CLOTHING_SIZE_SPIKE,20260728,2026-07-28T00:00:00.000Z
RET-001994,SO70039,3,SHP-022756,26813,463,3,4,100,RR-001,2013-11-26,2013-12-03,2013-12-05,1,1,24.49,23.76,REFUND,REFUNDED,SIMULATED return linked to an AdventureWorks order line,synthetic_extension,1.0.0,SCN_RET_CLOTHING_SIZE_SPIKE,20260728,2026-07-28T00:00:00.000Z
RET-001995,SO70045,1,SHP-022762,18453,477,4,1,100,RR-005,2013-11-27,2013-12-01,2013-12-02,1,1,4.99,4.84,REFUND,REFUNDED,SIMULATED return linked to an AdventureWorks order line,synthetic_extension,1.0.0,BASELINE,20260728,2026-07-28T00:00:00.000Z
RET-001996,SO70061,3,SHP-022778,17593,471,3,4,100,RR-002,2013-11-25,2013-12-03,2013-12-04,1,1,63.5,61.59,REFUND,REFUNDED,SIMULATED return linked to an AdventureWorks order line,synthetic_extension,1.0.0,SCN_RET_CLOTHING_SIZE_SPIKE,20260728,2026-07-28T00:00:00.000Z
RET-001997,SO70068,2,SHP-022785,26763,488,3,9,6,RR-002,2013-12-08,2013-12-12,2013-12-13,1,1,53.99,52.37,REFUND,REFUNDED,SIMULATED return linked to an AdventureWorks order line,synthetic_extension,1.0.0,SCN_RET_CLOTHING_SIZE_SPIKE,20260728,2026-07-28T00:00:00.000Z
RET-001998,SO70079,2,SHP-022796,21781,490,3,1,100,RR-003,2013-11-25,2013-12-01,2013-12-04,1,1,53.99,52.37,REFUND,REFUNDED,SIMULATED return linked to an AdventureWorks order line,synthetic_extension,1.0.0,BASELINE,20260728,2026-07-28T00:00:00.000Z
RET-001999,SO70084,2,SHP-022801,20979,225,3,8,100,RR-002,2013-12-12,2013-12-18,2013-12-21,1,1,8.99,8.72,REFUND,REFUNDED,SIMULATED return linked to an AdventureWorks order line,synthetic_extension,1.0.0,SCN_RET_CLOTHING_SIZE_SPIKE,20260728,2026-07-28T00:00:00.000Z
RET-002000,SO70114,1,SHP-022831,19017,476,3,4,100,RR-001,2013-11-23,2013-11-26,2013-11-28,1,1,69.99,67.89,REFUND,REFUNDED,SIMULATED return linked to an AdventureWorks order line,synthetic_extension,1.0.0,SCN_RET_CLOTHING_SIZE_SPIKE,20260728,2026-07-28T00:00:00.000Z
RET-002001,SO70121,1,SHP-022838,16591,474,3,10,98,RR-001,2013-11-30,2013-12-03,2013-12-05,1,1,69.99,67.89,REFUND,REFUNDED,SIMULATED return linked to an AdventureWorks order line,synthetic_extension,1.0.0,SCN_RET_CLOTHING_SIZE_SPIKE,20260728,2026-07-28T00:00:00.000Z
RET-002002,SO70121,2,SHP-022838,16591,225,3,10,98,RR-002,2013-12-15,2013-12-19,2013-12-20,1,1,8.99,8.72,REFUND,REFUNDED,SIMULATED return linked to an AdventureWorks order line,synthetic_extension,1.0.0,SCN_RET_CLOTHING_SIZE_SPIKE,20260728,2026-07-28T00:00:00.000Z
RET-002003,SO70121,3,SHP-022838,16591,491,3,10,98,RR-001,2013-11-28,2013-12-07,2013-12-11,1,1,53.99,52.37,REFUND,REFUNDED,SIMULATED return linked to an AdventureWorks order line,synthetic_extension,1.0.0,SCN_RET_CLOTHING_SIZE_SPIKE,20260728,2026-07-28T00:00:00.000Z
RET-002004,SO70129,4,SHP-022846,12426,467,3,4,100,RR-002,2013-11-30,2013-12-10,2013-12-13,1,1,24.49,23.76,REFUND,REFUNDED,SIMULATED return linked to an AdventureWorks order line,synthetic_extension,1.0.0,SCN_RET_CLOTHING_SIZE_SPIKE,20260728,2026-07-28T00:00:00.000Z
RET-002005,SO70138,1,SHP-022855,15290,590,1,1,100,RR-004,2013-12-05,2013-12-10,2013-12-14,1,1,769.49,746.41,REFUND,REFUNDED,SIMULATED return linked to an AdventureWorks order line,synthetic_extension,1.0.0,BASELINE,20260728,2026-07-28T00:00:00.000Z
RET-002006,SO70138,2,SHP-022855,15290,475,3,1,100,RR-002,2013-12-06,2013-12-16,2013-12-19,1,1,69.99,67.89,REFUND,REFUNDED,SIMULATED return linked to an AdventureWorks order line,synthetic_extension,1.0.0,SCN_RET_CLOTHING_SIZE_SPIKE,20260728,2026-07-28T00:00:00.000Z
RET-002007,SO70138,3,SHP-022855,15290,490,3,1,100,RR-001,2013-11-19,2013-11-26,2013-11-28,1,1,53.99,52.37,REFUND,REFUNDED,SIMULATED return linked to an AdventureWorks order line,synthetic_extension,1.0.0,SCN_RET_CLOTHING_SIZE_SPIKE,20260728,2026-07-28T00:00:00.000Z
RET-002008,SO70142,3,SHP-022859,20375,228,3,6,19,RR-005,2013-11-22,2013-11-30,2013-12-01,1,1,49.99,48.49,REFUND,REFUNDED,SIMULATED return linked to an AdventureWorks order line,synthetic_extension,1.0.0,BASELINE,20260728,2026-07-28T00:00:00.000Z
RET-002009,SO70147,1,SHP-022864,17834,585,1,7,100,RR-006,2013-12-12,2013-12-19,2013-12-21,1,1,742.35,720.08,REFUND,REFUNDED,SIMULATED return linked to an AdventureWorks order line,synthetic_extension,1.0.0,BASELINE,20260728,2026-07-28T00:00:00.000Z
RET-002010,SO70147,2,SHP-022864,17834,237,3,7,100,RR-002,2013-12-09,2013-12-17,2013-12-18,1,1,49.99,48.49,REFUND,REFUNDED,SIMULATED return linked to an AdventureWorks order line,synthetic_extension,1.0.0,SCN_RET_CLOTHING_SIZE_SPIKE,20260728,2026-07-28T00:00:00.000Z
RET-002011,SO70149,3,SHP-022866,22909,489,3,9,6,RR-001,2013-11-24,2013-11-27,2013-11-29,1,1,53.99,52.37,REFUND,REFUNDED,SIMULATED return linked to an AdventureWorks order line,synthetic_extension,1.0.0,SCN_RET_CLOTHING_SIZE_SPIKE,20260728,2026-07-28T00:00:00.000Z
RET-002012,SO70149,4,SHP-022866,22909,225,3,9,6,RR-002,2013-12-05,2013-12-13,2013-12-14,1,1,8.99,8.72,REFUND,REFUNDED,SIMULATED return linked to an AdventureWorks order line,synthetic_extension,1.0.0,SCN_RET_CLOTHING_SIZE_SPIKE,20260728,2026-07-28T00:00:00.000Z
RET-002013,SO70155,1,SHP-022872,23860,225,3,1,100,RR-003,2013-12-02,2013-12-08,2013-12-11,1,1,8.99,8.72,REFUND,REFUNDED,SIMULATED return linked to an AdventureWorks order line,synthetic_extension,1.0.0,BASELINE,20260728,2026-07-28T00:00:00.000Z
RET-002014,SO70168,1,SHP-022885,13048,475,3,9,6,RR-002,2013-12-01,2013-12-07,2013-12-10,1,1,69.99,67.89,REFUND,REFUNDED,SIMULATED return linked to an AdventureWorks order line,synthetic_extension,1.0.0,SCN_RET_CLOTHING_SIZE_SPIKE,20260728,2026-07-28T00:00:00.000Z
RET-002015,SO70171,5,SHP-022888,20560,225,3,8,100,RR-002,2013-12-09,2013-12-13,2013-12-14,1,1,8.99,8.72,REFUND,REFUNDED,SIMULATED return linked to an AdventureWorks order line,synthetic_extension,1.0.0,SCN_RET_CLOTHING_SIZE_SPIKE,20260728,2026-07-28T00:00:00.000Z
RET-002016,SO70174,1,SHP-022891,28975,529,4,4,100,RR-004,2013-12-01,2013-12-06,2013-12-10,1,1,3.99,3.87,REFUND,REFUNDED,SIMULATED return linked to an AdventureWorks order line,synthetic_extension,1.0.0,BASELINE,20260728,2026-07-28T00:00:00.000Z
RET-002017,SO70174,2,SHP-022891,28975,539,4,4,100,RR-003,2013-12-02,2013-12-12,2013-12-15,1,1,24.99,24.24,REFUND,REFUNDED,SIMULATED return linked to an AdventureWorks order line,synthetic_extension,1.0.0,BASELINE,20260728,2026-07-28T00:00:00.000Z
RET-002018,SO70174,3,SHP-022891,28975,225,3,4,100,RR-001,2013-12-03,2013-12-10,2013-12-12,1,1,8.99,8.72,REFUND,REFUNDED,SIMULATED return linked to an AdventureWorks order line,synthetic_extension,1.0.0,SCN_RET_CLOTHING_SIZE_SPIKE,20260728,2026-07-28T00:00:00.000Z
RET-002019,SO70184,1,SHP-022901,18408,477,4,1,100,RR-005,2013-11-30,2013-12-08,2013-12-09,1,1,4.99,4.84,REFUND,REFUNDED,SIMULATED return linked to an AdventureWorks order line,synthetic_extension,1.0.0,BASELINE,20260728,2026-07-28T00:00:00.000Z
RET-002020,SO70184,2,SHP-022901,18408,484,4,1,100,RR-006,2013-12-03,2013-12-10,2013-12-12,1,1,7.95,7.71,REFUND,REFUNDED,SIMULATED return linked to an AdventureWorks order line,synthetic_extension,1.0.0,BASELINE,20260728,2026-07-28T00:00:00.000Z
RET-002021,SO70185,1,SHP-022902,29104,476,3,6,19,RR-001,2013-12-03,2013-12-12,2013-12-16,1,1,69.99,67.89,REFUND,REFUNDED,SIMULATED return linked to an AdventureWorks order line,synthetic_extension,1.0.0,SCN_RET_CLOTHING_SIZE_SPIKE,20260728,2026-07-28T00:00:00.000Z
RET-002022,SO70185,2,SHP-022902,29104,225,3,6,19,RR-002,2013-12-04,2013-12-10,2013-12-13,1,1,8.99,8.72,REFUND,REFUNDED,SIMULATED return linked to an AdventureWorks order line,synthetic_extension,1.0.0,SCN_RET_CLOTHING_SIZE_SPIKE,20260728,2026-07-28T00:00:00.000Z
RET-002023,SO70200,1,SHP-022917,22658,541,4,7,100,RR-006,2013-12-05,2013-12-12,2013-12-14,1,1,28.99,28.12,REFUND,REFUNDED,SIMULATED return linked to an AdventureWorks order line,synthetic_extension,1.0.0,BASELINE,20260728,2026-07-28T00:00:00.000Z
RET-002024,SO70210,4,SHP-022927,16142,225,3,1,100,RR-001,2013-12-05,2013-12-10,2013-12-14,1,1,8.99,8.72,REFUND,REFUNDED,SIMULATED return linked to an AdventureWorks order line,synthetic_extension,1.0.0,SCN_RET_CLOTHING_SIZE_SPIKE,20260728,2026-07-28T00:00:00.000Z
RET-002025,SO70218,3,SHP-022935,12418,463,3,1,100,RR-002,2013-11-29,2013-12-05,2013-12-08,1,1,24.49,23.76,REFUND,REFUNDED,SIMULATED return linked to an AdventureWorks order line,synthetic_extension,1.0.0,SCN_RET_CLOTHING_SIZE_SPIKE,20260728,2026-07-28T00:00:00.000Z
RET-002026,SO70218,4,SHP-022935,12418,234,3,1,100,RR-001,2013-11-24,2013-11-29,2013-12-03,1,1,49.99,48.49,REFUND,REFUNDED,SIMULATED return linked to an AdventureWorks order line,synthetic_extension,1.0.0,SCN_RET_CLOTHING_SIZE_SPIKE,20260728,2026-07-28T00:00:00.000Z
RET-002027,SO70223,4,SHP-022940,29368,465,3,10,98,RR-001,2013-12-01,2013-12-08,2013-12-10,1,1,24.49,23.76,REFUND,REFUNDED,SIMULATED return linked to an AdventureWorks order line,synthetic_extension,1.0.0,SCN_RET_CLOTHING_SIZE_SPIKE,20260728,2026-07-28T00:00:00.000Z
RET-002028,SO70241,1,SHP-022958,18800,582,1,1,100,RR-003,2013-11-25,2013-12-05,2013-12-08,1,1,1700.99,1649.96,REFUND,REFUNDED,SIMULATED return linked to an AdventureWorks order line,synthetic_extension,1.0.0,BASELINE,20260728,2026-07-28T00:00:00.000Z
RET-002029,SO70241,2,SHP-022958,18800,488,3,1,100,RR-001,2013-11-24,2013-11-29,2013-12-03,1,1,53.99,52.37,REFUND,REFUNDED,SIMULATED return linked to an AdventureWorks order line,synthetic_extension,1.0.0,SCN_RET_CLOTHING_SIZE_SPIKE,20260728,2026-07-28T00:00:00.000Z
RET-002030,SO70258,1,SHP-022975,19298,357,1,8,100,RR-005,2013-12-11,2013-12-19,2013-12-20,1,1,2319.99,2250.39,REFUND,REFUNDED,SIMULATED return linked to an AdventureWorks order line,synthetic_extension,1.0.0,BASELINE,20260728,2026-07-28T00:00:00.000Z
RET-002031,SO70265,1,SHP-022982,24509,540,4,1,100,RR-005,2013-11-28,2013-12-02,2013-12-03,1,1,32.6,31.62,REFUND,REFUNDED,SIMULATED return linked to an AdventureWorks order line,synthetic_extension,1.0.0,BASELINE,20260728,2026-07-28T00:00:00.000Z
RET-002032,SO70274,2,SHP-022991,17528,234,3,1,100,RR-001,2013-11-25,2013-11-30,2013-12-04,1,1,49.99,48.49,REFUND,REFUNDED,SIMULATED return linked to an AdventureWorks order line,synthetic_extension,1.0.0,SCN_RET_CLOTHING_SIZE_SPIKE,20260728,2026-07-28T00:00:00.000Z
RET-002033,SO70341,1,SHP-023058,15713,540,4,10,98,RR-006,2013-12-01,2013-12-04,2013-12-06,1,1,32.6,31.62,REFUND,REFUNDED,SIMULATED return linked to an AdventureWorks order line,synthetic_extension,1.0.0,BASELINE,20260728,2026-07-28T00:00:00.000Z
RET-002034,SO70348,2,SHP-023065,15872,472,3,6,19,RR-001,2013-11-28,2013-12-03,2013-12-07,1,1,63.5,61.59,REFUND,REFUNDED,SIMULATED return linked to an AdventureWorks order line,synthetic_extension,1.0.0,SCN_RET_CLOTHING_SIZE_SPIKE,20260728,2026-07-28T00:00:00.000Z
RET-002035,SO70363,2,SHP-023080,26238,222,4,4,100,RR-005,2013-11-29,2013-12-07,2013-12-08,1,1,34.99,33.94,REFUND,REFUNDED,SIMULATED return linked to an AdventureWorks order line,synthetic_extension,1.0.0,BASELINE,20260728,2026-07-28T00:00:00.000Z
RET-002036,SO70381,2,SHP-023098,25246,538,4,9,6,RR-005,2013-12-03,2013-12-11,2013-12-12,1,1,21.49,20.85,REFUND,REFUNDED,SIMULATED return linked to an AdventureWorks order line,synthetic_extension,1.0.0,BASELINE,20260728,2026-07-28T00:00:00.000Z
RET-002037,SO70381,3,SHP-023098,25246,480,4,9,6,RR-004,2013-12-04,2013-12-09,2013-12-13,1,1,2.29,2.22,REFUND,REFUNDED,SIMULATED return linked to an AdventureWorks order line,synthetic_extension,1.0.0,BASELINE,20260728,2026-07-28T00:00:00.000Z
RET-002038,SO70387,3,SHP-023104,19196,225,3,8,100,RR-001,2013-12-16,2013-12-19,2013-12-21,1,1,8.99,8.72,REFUND,REFUNDED,SIMULATED return linked to an AdventureWorks order line,synthetic_extension,1.0.0,SCN_RET_CLOTHING_SIZE_SPIKE,20260728,2026-07-28T00:00:00.000Z
RET-002039,SO70396,1,SHP-023113,11501,475,3,6,19,RR-001,2013-12-02,2013-12-09,2013-12-11,1,1,69.99,67.89,REFUND,REFUNDED,SIMULATED return linked to an AdventureWorks order line,synthetic_extension,1.0.0,SCN_RET_CLOTHING_SIZE_SPIKE,20260728,2026-07-28T00:00:00.000Z
RET-002040,SO70396,2,SHP-023113,11501,465,3,6,19,RR-002,2013-11-29,2013-12-07,2013-12-08,1,1,24.49,23.76,REFUND,REFUNDED,SIMULATED return linked to an AdventureWorks order line,synthetic_extension,1.0.0,SCN_RET_CLOTHING_SIZE_SPIKE,20260728,2026-07-28T00:00:00.000Z
RET-002041,SO70397,1,SHP-023114,20288,476,3,4,100,RR-002,2013-12-04,2013-12-10,2013-12-13,1,1,69.99,67.89,REFUND,REFUNDED,SIMULATED return linked to an AdventureWorks order line,synthetic_extension,1.0.0,SCN_RET_CLOTHING_SIZE_SPIKE,20260728,2026-07-28T00:00:00.000Z
RET-002042,SO70397,2,SHP-023114,20288,463,3,4,100,RR-001,2013-12-03,2013-12-12,2013-12-16,1,1,24.49,23.76,REFUND,REFUNDED,SIMULATED return linked to an AdventureWorks order line,synthetic_extension,1.0.0,SCN_RET_CLOTHING_SIZE_SPIKE,20260728,2026-07-28T00:00:00.000Z
RET-002043,SO70411,1,SHP-023128,24139,529,4,8,100,RR-006,2013-12-06,2013-12-13,2013-12-15,1,1,3.99,3.87,REFUND,REFUNDED,SIMULATED return linked to an AdventureWorks order line,synthetic_extension,1.0.0,BASELINE,20260728,2026-07-28T00:00:00.000Z
RET-002044,SO70411,2,SHP-023128,24139,217,4,8,100,RR-005,2013-12-03,2013-12-11,2013-12-12,1,1,34.99,33.94,REFUND,REFUNDED,SIMULATED return linked to an AdventureWorks order line,synthetic_extension,1.0.0,BASELINE,20260728,2026-07-28T00:00:00.000Z
RET-002045,SO70417,4,SHP-023134,11639,237,3,4,100,RR-002,2013-12-09,2013-12-17,2013-12-18,1,1,49.99,48.49,REFUND,REFUNDED,SIMULATED return linked to an AdventureWorks order line,synthetic_extension,1.0.0,SCN_RET_CLOTHING_SIZE_SPIKE,20260728,2026-07-28T00:00:00.000Z
RET-002046,SO70426,3,SHP-023143,13152,231,3,4,100,RR-006,2013-11-23,2013-11-30,2013-12-02,1,1,49.99,48.49,REFUND,REFUNDED,SIMULATED return linked to an AdventureWorks order line,synthetic_extension,1.0.0,BASELINE,20260728,2026-07-28T00:00:00.000Z
RET-002047,SO70426,4,SHP-023143,13152,225,3,4,100,RR-005,2013-11-24,2013-11-28,2013-11-29,1,1,8.99,8.72,REFUND,REFUNDED,SIMULATED return linked to an AdventureWorks order line,synthetic_extension,1.0.0,BASELINE,20260728,2026-07-28T00:00:00.000Z
RET-002048,SO70434,2,SHP-023151,18452,488,3,9,6,RR-001,2013-12-07,2013-12-10,2013-12-12,1,1,53.99,52.37,REFUND,REFUNDED,SIMULATED return linked to an AdventureWorks order line,synthetic_extension,1.0.0,SCN_RET_CLOTHING_SIZE_SPIKE,20260728,2026-07-28T00:00:00.000Z
RET-002049,SO70435,2,SHP-023152,13117,488,3,9,6,RR-002,2013-12-05,2013-12-15,2013-12-18,1,1,53.99,52.37,REFUND,REFUNDED,SIMULATED return linked to an AdventureWorks order line,synthetic_extension,1.0.0,SCN_RET_CLOTHING_SIZE_SPIKE,20260728,2026-07-28T00:00:00.000Z
RET-002050,SO70445,2,SHP-023162,25312,491,3,10,98,RR-001,2013-12-01,2013-12-08,2013-12-10,1,1,53.99,52.37,REFUND,REFUNDED,SIMULATED return linked to an AdventureWorks order line,synthetic_extension,1.0.0,SCN_RET_CLOTHING_SIZE_SPIKE,20260728,2026-07-28T00:00:00.000Z
RET-002051,SO70445,3,SHP-023162,25312,467,3,10,98,RR-002,2013-11-30,2013-12-10,2013-12-13,1,1,24.49,23.76,REFUND,REFUNDED,SIMULATED return linked to an AdventureWorks order line,synthetic_extension,1.0.0,SCN_RET_CLOTHING_SIZE_SPIKE,20260728,2026-07-28T00:00:00.000Z
RET-002052,SO70449,2,SHP-023166,11030,225,3,9,6,RR-006,2013-12-01,2013-12-04,2013-12-06,1,1,8.99,8.72,REFUND,REFUNDED,SIMULATED return linked to an AdventureWorks order line,synthetic_extension,1.0.0,BASELINE,20260728,2026-07-28T00:00:00.000Z
RET-002053,SO70456,4,SHP-023173,11987,465,3,9,6,RR-001,2013-11-28,2013-12-03,2013-12-07,1,1,24.49,23.76,REFUND,REFUNDED,SIMULATED return linked to an AdventureWorks order line,synthetic_extension,1.0.0,SCN_RET_CLOTHING_SIZE_SPIKE,20260728,2026-07-28T00:00:00.000Z
RET-002054,SO70472,1,SHP-023189,18749,538,4,6,19,RR-003,2013-12-03,2013-12-09,2013-12-12,1,1,21.49,20.85,REFUND,REFUNDED,SIMULATED return linked to an AdventureWorks order line,synthetic_extension,1.0.0,BASELINE,20260728,2026-07-28T00:00:00.000Z
RET-002055,SO70473,3,SHP-023190,27999,225,3,1,100,RR-004,2013-11-24,2013-11-29,2013-12-03,1,1,8.99,8.72,REFUND,REFUNDED,SIMULATED return linked to an AdventureWorks order line,synthetic_extension,1.0.0,BASELINE,20260728,2026-07-28T00:00:00.000Z
RET-002056,SO70473,4,SHP-023190,27999,488,3,1,100,RR-003,2013-11-29,2013-12-05,2013-12-08,1,1,53.99,52.37,REFUND,REFUNDED,SIMULATED return linked to an AdventureWorks order line,synthetic_extension,1.0.0,BASELINE,20260728,2026-07-28T00:00:00.000Z
RET-002057,SO70480,1,SHP-023197,20025,474,3,1,100,RR-001,2013-11-25,2013-12-04,2013-12-08,1,1,69.99,67.89,REFUND,REFUNDED,SIMULATED return linked to an AdventureWorks order line,synthetic_extension,1.0.0,SCN_RET_CLOTHING_SIZE_SPIKE,20260728,2026-07-28T00:00:00.000Z
RET-002058,SO70480,2,SHP-023197,20025,465,3,1,100,RR-002,2013-11-26,2013-12-02,2013-12-05,1,1,24.49,23.76,REFUND,REFUNDED,SIMULATED return linked to an AdventureWorks order line,synthetic_extension,1.0.0,SCN_RET_CLOTHING_SIZE_SPIKE,20260728,2026-07-28T00:00:00.000Z
RET-002059,SO70498,3,SHP-023215,11959,471,3,4,100,RR-002,2013-12-08,2013-12-12,2013-12-13,1,1,63.5,61.59,REFUND,REFUNDED,SIMULATED return linked to an AdventureWorks order line,synthetic_extension,1.0.0,SCN_RET_CLOTHING_SIZE_SPIKE,20260728,2026-07-28T00:00:00.000Z
RET-002060,SO70515,3,SHP-023232,18670,225,3,4,100,RR-002,2013-11-27,2013-12-01,2013-12-02,1,1,8.99,8.72,REFUND,REFUNDED,SIMULATED return linked to an AdventureWorks order line,synthetic_extension,1.0.0,SCN_RET_CLOTHING_SIZE_SPIKE,20260728,2026-07-28T00:00:00.000Z
RET-002061,SO70522,4,SHP-023239,13077,467,3,9,6,RR-001,2013-12-12,2013-12-17,2013-12-21,1,1,24.49,23.76,REFUND,REFUNDED,SIMULATED return linked to an AdventureWorks order line,synthetic_extension,1.0.0,SCN_RET_CLOTHING_SIZE_SPIKE,20260728,2026-07-28T00:00:00.000Z
RET-002062,SO70530,3,SHP-023247,15666,234,3,7,100,RR-001,2013-12-10,2013-12-13,2013-12-15,1,1,49.99,48.49,REFUND,REFUNDED,SIMULATED return linked to an AdventureWorks order line,synthetic_extension,1.0.0,SCN_RET_CLOTHING_SIZE_SPIKE,20260728,2026-07-28T00:00:00.000Z
RET-002063,SO70530,4,SHP-023247,15666,225,3,7,100,RR-002,2013-12-21,2013-12-29,2013-12-30,1,1,8.99,8.72,REFUND,REFUNDED,SIMULATED return linked to an AdventureWorks order line,synthetic_extension,1.0.0,SCN_RET_CLOTHING_SIZE_SPIKE,20260728,2026-07-28T00:00:00.000Z
RET-002064,SO70531,2,SHP-023248,19286,488,3,8,100,RR-001,2013-12-10,2013-12-17,2013-12-19,1,1,53.99,52.37,REFUND,REFUNDED,SIMULATED return linked to an AdventureWorks order line,synthetic_extension,1.0.0,SCN_RET_CLOTHING_SIZE_SPIKE,20260728,2026-07-28T00:00:00.000Z
RET-002065,SO70537,1,SHP-023254,23247,536,4,4,100,RR-003,2013-11-27,2013-12-03,2013-12-06,1,1,29.99,29.09,REFUND,REFUNDED,SIMULATED return linked to an AdventureWorks order line,synthetic_extension,1.0.0,BASELINE,20260728,2026-07-28T00:00:00.000Z
RET-002066,SO70537,2,SHP-023254,23247,528,4,4,100,RR-004,2013-11-26,2013-12-05,2013-12-09,1,1,4.99,4.84,REFUND,REFUNDED,SIMULATED return linked to an AdventureWorks order line,synthetic_extension,1.0.0,BASELINE,20260728,2026-07-28T00:00:00.000Z
RET-002067,SO70537,3,SHP-023254,23247,485,4,4,100,RR-005,2013-11-25,2013-11-29,2013-11-30,1,1,21.98,21.32,REFUND,REFUNDED,SIMULATED return linked to an AdventureWorks order line,synthetic_extension,1.0.0,BASELINE,20260728,2026-07-28T00:00:00.000Z
RET-002068,SO70537,4,SHP-023254,23247,490,3,4,100,RR-001,2013-11-24,2013-12-01,2013-12-03,1,1,53.99,52.37,REFUND,REFUNDED,SIMULATED return linked to an AdventureWorks order line,synthetic_extension,1.0.0,SCN_RET_CLOTHING_SIZE_SPIKE,20260728,2026-07-28T00:00:00.000Z
RET-002069,SO70542,1,SHP-023259,20362,476,3,1,100,RR-002,2013-11-27,2013-12-03,2013-12-06,1,1,69.99,67.89,REFUND,REFUNDED,SIMULATED return linked to an AdventureWorks order line,synthetic_extension,1.0.0,SCN_RET_CLOTHING_SIZE_SPIKE,20260728,2026-07-28T00:00:00.000Z
RET-002070,SO70543,1,SHP-023260,19810,476,3,4,100,RR-001,2013-12-05,2013-12-12,2013-12-14,1,1,69.99,67.89,REFUND,REFUNDED,SIMULATED return linked to an AdventureWorks order line,synthetic_extension,1.0.0,SCN_RET_CLOTHING_SIZE_SPIKE,20260728,2026-07-28T00:00:00.000Z
RET-002071,SO70543,2,SHP-023260,19810,225,3,4,100,RR-002,2013-12-02,2013-12-10,2013-12-11,1,1,8.99,8.72,REFUND,REFUNDED,SIMULATED return linked to an AdventureWorks order line,synthetic_extension,1.0.0,SCN_RET_CLOTHING_SIZE_SPIKE,20260728,2026-07-28T00:00:00.000Z
RET-002072,SO70549,3,SHP-023266,23487,231,3,6,19,RR-001,2013-12-06,2013-12-13,2013-12-15,1,1,49.99,48.49,REFUND,REFUNDED,SIMULATED return linked to an AdventureWorks order line,synthetic_extension,1.0.0,SCN_RET_CLOTHING_SIZE_SPIKE,20260728,2026-07-28T00:00:00.000Z
RET-002073,SO70551,1,SHP-023268,28550,476,3,7,100,RR-002,2013-12-17,2013-12-23,2013-12-26,1,1,69.99,67.89,REFUND,REFUNDED,SIMULATED return linked to an AdventureWorks order line,synthetic_extension,1.0.0,SCN_RET_CLOTHING_SIZE_SPIKE,20260728,2026-07-28T00:00:00.000Z
RET-002074,SO70551,2,SHP-023268,28550,489,3,7,100,RR-001,2013-12-16,2013-12-25,2013-12-29,1,1,53.99,52.37,REFUND,REFUNDED,SIMULATED return linked to an AdventureWorks order line,synthetic_extension,1.0.0,SCN_RET_CLOTHING_SIZE_SPIKE,20260728,2026-07-28T00:00:00.000Z
RET-002075,SO70556,1,SHP-023273,20935,529,4,7,100,RR-004,2013-12-08,2013-12-17,2013-12-21,1,1,3.99,3.87,REFUND,REFUNDED,SIMULATED return linked to an AdventureWorks order line,synthetic_extension,1.0.0,BASELINE,20260728,2026-07-28T00:00:00.000Z
RET-002076,SO70556,2,SHP-023273,20935,486,4,7,100,RR-003,2013-12-09,2013-12-15,2013-12-18,1,1,159,154.23,REFUND,REFUNDED,SIMULATED return linked to an AdventureWorks order line,synthetic_extension,1.0.0,BASELINE,20260728,2026-07-28T00:00:00.000Z
RET-002077,SO70561,1,SHP-023278,13175,537,4,6,19,RR-006,2013-12-08,2013-12-11,2013-12-13,1,1,35,33.95,REFUND,REFUNDED,SIMULATED return linked to an AdventureWorks order line,synthetic_extension,1.0.0,BASELINE,20260728,2026-07-28T00:00:00.000Z
RET-002078,SO70561,2,SHP-023278,13175,528,4,6,19,RR-005,2013-12-05,2013-12-09,2013-12-10,1,1,4.99,4.84,REFUND,REFUNDED,SIMULATED return linked to an AdventureWorks order line,synthetic_extension,1.0.0,BASELINE,20260728,2026-07-28T00:00:00.000Z
RET-002079,SO70561,3,SHP-023278,13175,485,4,6,19,RR-004,2013-12-06,2013-12-15,2013-12-19,1,1,21.98,21.32,REFUND,REFUNDED,SIMULATED return linked to an AdventureWorks order line,synthetic_extension,1.0.0,BASELINE,20260728,2026-07-28T00:00:00.000Z
RET-002080,SO70573,1,SHP-023290,29362,569,1,8,100,RR-003,2013-12-02,2013-12-08,2013-12-11,1,1,742.35,720.08,REFUND,REFUNDED,SIMULATED return linked to an AdventureWorks order line,synthetic_extension,1.0.0,BASELINE,20260728,2026-07-28T00:00:00.000Z
RET-002081,SO70573,2,SHP-023290,29362,214,4,8,100,RR-004,2013-12-01,2013-12-10,2013-12-14,1,1,34.99,33.94,REFUND,REFUNDED,SIMULATED return linked to an AdventureWorks order line,synthetic_extension,1.0.0,BASELINE,20260728,2026-07-28T00:00:00.000Z
RET-002082,SO70597,4,SHP-023314,13082,491,3,9,6,RR-001,2013-12-05,2013-12-10,2013-12-14,1,1,53.99,52.37,REFUND,REFUNDED,SIMULATED return linked to an AdventureWorks order line,synthetic_extension,1.0.0,SCN_RET_CLOTHING_SIZE_SPIKE,20260728,2026-07-28T00:00:00.000Z
RET-002083,SO70600,1,SHP-023317,11951,225,3,9,6,RR-001,2013-12-09,2013-12-12,2013-12-14,1,1,8.99,8.72,REFUND,REFUNDED,SIMULATED return linked to an AdventureWorks order line,synthetic_extension,1.0.0,SCN_RET_CLOTHING_SIZE_SPIKE,20260728,2026-07-28T00:00:00.000Z
RET-002084,SO70626,4,SHP-023343,28272,237,3,6,19,RR-002,2013-11-30,2013-12-06,2013-12-09,1,1,49.99,48.49,REFUND,REFUNDED,SIMULATED return linked to an AdventureWorks order line,synthetic_extension,1.0.0,SCN_RET_CLOTHING_SIZE_SPIKE,20260728,2026-07-28T00:00:00.000Z
RET-002085,SO70632,2,SHP-023349,22677,481,3,8,100,RR-001,2013-12-12,2013-12-15,2013-12-17,1,1,8.99,8.72,REFUND,REFUNDED,SIMULATED return linked to an AdventureWorks order line,synthetic_extension,1.0.0,SCN_RET_CLOTHING_SIZE_SPIKE,20260728,2026-07-28T00:00:00.000Z
RET-002086,SO70633,2,SHP-023350,20932,225,3,7,100,RR-002,2013-12-04,2013-12-14,2013-12-17,1,1,8.99,8.72,REFUND,REFUNDED,SIMULATED return linked to an AdventureWorks order line,synthetic_extension,1.0.0,SCN_RET_CLOTHING_SIZE_SPIKE,20260728,2026-07-28T00:00:00.000Z
RET-002087,SO70649,2,SHP-023366,26796,491,3,9,6,RR-001,2013-11-30,2013-12-09,2013-12-13,1,1,53.99,52.37,REFUND,REFUNDED,SIMULATED return linked to an AdventureWorks order line,synthetic_extension,1.0.0,SCN_RET_CLOTHING_SIZE_SPIKE,20260728,2026-07-28T00:00:00.000Z
RET-002088,SO70662,2,SHP-023379,21645,225,3,1,100,RR-002,2013-12-08,2013-12-16,2013-12-17,1,1,8.99,8.72,REFUND,REFUNDED,SIMULATED return linked to an AdventureWorks order line,synthetic_extension,1.0.0,SCN_RET_CLOTHING_SIZE_SPIKE,20260728,2026-07-28T00:00:00.000Z
RET-002089,SO70662,3,SHP-023379,21645,490,3,1,100,RR-001,2013-12-09,2013-12-14,2013-12-18,1,1,53.99,52.37,REFUND,REFUNDED,SIMULATED return linked to an AdventureWorks order line,synthetic_extension,1.0.0,SCN_RET_CLOTHING_SIZE_SPIKE,20260728,2026-07-28T00:00:00.000Z
RET-002090,SO70663,2,SHP-023380,21289,489,3,1,100,RR-001,2013-12-06,2013-12-15,2013-12-19,1,1,53.99,52.37,REFUND,REFUNDED,SIMULATED return linked to an AdventureWorks order line,synthetic_extension,1.0.0,SCN_RET_CLOTHING_SIZE_SPIKE,20260728,2026-07-28T00:00:00.000Z
RET-002091,SO70663,3,SHP-023380,21289,225,3,1,100,RR-002,2013-12-05,2013-12-09,2013-12-10,1,1,8.99,8.72,REFUND,REFUNDED,SIMULATED return linked to an AdventureWorks order line,synthetic_extension,1.0.0,SCN_RET_CLOTHING_SIZE_SPIKE,20260728,2026-07-28T00:00:00.000Z
RET-002092,SO70672,1,SHP-023389,13089,561,1,9,6,RR-005,2013-12-11,2013-12-19,2013-12-20,1,1,2384.07,2312.55,REFUND,REFUNDED,SIMULATED return linked to an AdventureWorks order line,synthetic_extension,1.0.0,BASELINE,20260728,2026-07-28T00:00:00.000Z
RET-002093,SO70672,2,SHP-023389,13089,214,4,9,6,RR-006,2013-12-14,2013-12-21,2013-12-23,1,1,34.99,33.94,REFUND,REFUNDED,SIMULATED return linked to an AdventureWorks order line,synthetic_extension,1.0.0,BASELINE,20260728,2026-07-28T00:00:00.000Z
RET-002094,SO70675,1,SHP-023392,26766,225,3,9,6,RR-001,2013-11-30,2013-12-07,2013-12-09,1,1,8.99,8.72,REFUND,REFUNDED,SIMULATED return linked to an AdventureWorks order line,synthetic_extension,1.0.0,SCN_RET_CLOTHING_SIZE_SPIKE,20260728,2026-07-28T00:00:00.000Z
RET-002095,SO70675,2,SHP-023392,26766,476,3,9,6,RR-002,2013-12-15,2013-12-23,2013-12-24,1,1,69.99,67.89,REFUND,REFUNDED,SIMULATED return linked to an AdventureWorks order line,synthetic_extension,1.0.0,SCN_RET_CLOTHING_SIZE_SPIKE,20260728,2026-07-28T00:00:00.000Z
RET-002096,SO70719,2,SHP-023436,16979,480,4,4,100,RR-006,2013-12-09,2013-12-12,2013-12-14,1,1,2.29,2.22,REFUND,REFUNDED,SIMULATED return linked to an AdventureWorks order line,synthetic_extension,1.0.0,BASELINE,20260728,2026-07-28T00:00:00.000Z
RET-002097,SO70751,3,SHP-023468,13626,489,3,9,6,RR-002,2013-12-16,2013-12-26,2013-12-29,1,1,53.99,52.37,REFUND,REFUNDED,SIMULATED return linked to an AdventureWorks order line,synthetic_extension,1.0.0,SCN_RET_CLOTHING_SIZE_SPIKE,20260728,2026-07-28T00:00:00.000Z
RET-002098,SO70767,1,SHP-023484,11300,467,3,6,19,RR-001,2013-12-01,2013-12-08,2013-12-10,1,1,24.49,23.76,REFUND,REFUNDED,SIMULATED return linked to an AdventureWorks order line,synthetic_extension,1.0.0,SCN_RET_CLOTHING_SIZE_SPIKE,20260728,2026-07-28T00:00:00.000Z
RET-002099,SO70771,1,SHP-023488,23464,536,4,4,100,RR-003,2013-12-06,2013-12-16,2013-12-19,1,1,29.99,29.09,REFUND,REFUNDED,SIMULATED return linked to an AdventureWorks order line,synthetic_extension,1.0.0,BASELINE,20260728,2026-07-28T00:00:00.000Z
RET-002100,SO70784,3,SHP-023501,14156,486,4,10,98,RR-005,2013-12-13,2013-12-17,2013-12-18,1,1,159,154.23,REFUND,REFUNDED,SIMULATED return linked to an AdventureWorks order line,synthetic_extension,1.0.0,BASELINE,20260728,2026-07-28T00:00:00.000Z
RET-002101,SO70795,1,SHP-023512,12962,537,4,4,100,RR-005,2013-12-06,2013-12-14,2013-12-15,1,1,35,33.95,REFUND,REFUNDED,SIMULATED return linked to an AdventureWorks order line,synthetic_extension,1.0.0,BASELINE,20260728,2026-07-28T00:00:00.000Z
RET-002102,SO70795,2,SHP-023512,12962,528,4,4,100,RR-006,2013-12-09,2013-12-16,2013-12-18,1,1,4.99,4.84,REFUND,REFUNDED,SIMULATED return linked to an AdventureWorks order line,synthetic_extension,1.0.0,BASELINE,20260728,2026-07-28T00:00:00.000Z
RET-002103,SO70795,3,SHP-023512,12962,217,4,4,100,RR-003,2013-12-08,2013-12-18,2013-12-21,1,1,34.99,33.94,REFUND,REFUNDED,SIMULATED return linked to an AdventureWorks order line,synthetic_extension,1.0.0,BASELINE,20260728,2026-07-28T00:00:00.000Z
RET-002104,SO70804,3,SHP-023521,13018,482,3,9,6,RR-006,2013-12-05,2013-12-08,2013-12-10,1,1,8.99,8.72,REFUND,REFUNDED,SIMULATED return linked to an AdventureWorks order line,synthetic_extension,1.0.0,BASELINE,20260728,2026-07-28T00:00:00.000Z
RET-002105,SO70817,2,SHP-023534,20888,489,3,7,100,RR-002,2013-12-06,2013-12-16,2013-12-19,1,1,53.99,52.37,REFUND,REFUNDED,SIMULATED return linked to an AdventureWorks order line,synthetic_extension,1.0.0,SCN_RET_CLOTHING_SIZE_SPIKE,20260728,2026-07-28T00:00:00.000Z
RET-002106,SO70828,4,SHP-023545,19197,467,3,8,100,RR-002,2013-12-15,2013-12-21,2013-12-24,1,1,24.49,23.76,REFUND,REFUNDED,SIMULATED return linked to an AdventureWorks order line,synthetic_extension,1.0.0,SCN_RET_CLOTHING_SIZE_SPIKE,20260728,2026-07-28T00:00:00.000Z
RET-002107,SO70835,3,SHP-023552,21286,489,3,4,100,RR-001,2013-12-09,2013-12-12,2013-12-14,1,1,53.99,52.37,REFUND,REFUNDED,SIMULATED return linked to an AdventureWorks order line,synthetic_extension,1.0.0,SCN_RET_CLOTHING_SIZE_SPIKE,20260728,2026-07-28T00:00:00.000Z
RET-002108,SO70847,2,SHP-023564,12224,231,3,10,98,RR-001,2013-12-16,2013-12-25,2013-12-29,1,1,49.99,48.49,REFUND,REFUNDED,SIMULATED return linked to an AdventureWorks order line,synthetic_extension,1.0.0,SCN_RET_CLOTHING_SIZE_SPIKE,20260728,2026-07-28T00:00:00.000Z
RET-002109,SO70873,2,SHP-023590,22592,488,3,10,98,RR-002,2013-12-26,2013-12-30,2013-12-31,1,1,53.99,52.37,REFUND,REFUNDED,SIMULATED return linked to an AdventureWorks order line,synthetic_extension,1.0.0,SCN_RET_CLOTHING_SIZE_SPIKE,20260728,2026-07-28T00:00:00.000Z
RET-002110,SO70875,2,SHP-023592,19092,490,3,9,6,RR-002,2013-12-16,2013-12-26,2013-12-29,1,1,53.99,52.37,REFUND,REFUNDED,SIMULATED return linked to an AdventureWorks order line,synthetic_extension,1.0.0,SCN_RET_CLOTHING_SIZE_SPIKE,20260728,2026-07-28T00:00:00.000Z
RET-002111,SO70880,4,SHP-023597,19916,225,3,10,98,RR-002,2013-12-12,2013-12-16,2013-12-17,1,1,8.99,8.72,REFUND,REFUNDED,SIMULATED return linked to an AdventureWorks order line,synthetic_extension,1.0.0,SCN_RET_CLOTHING_SIZE_SPIKE,20260728,2026-07-28T00:00:00.000Z
RET-002112,SO70884,1,SHP-023601,22535,582,1,10,98,RR-004,2013-12-19,2013-12-28,2014-01-01,1,1,1700.99,1649.96,REFUND,REFUNDED,SIMULATED return linked to an AdventureWorks order line,synthetic_extension,1.0.0,BASELINE,20260728,2026-07-28T00:00:00.000Z
RET-002113,SO70884,2,SHP-023601,22535,231,3,10,98,RR-002,2013-12-20,2013-12-26,2013-12-29,1,1,49.99,48.49,REFUND,REFUNDED,SIMULATED return linked to an AdventureWorks order line,synthetic_extension,1.0.0,SCN_RET_CLOTHING_SIZE_SPIKE,20260728,2026-07-28T00:00:00.000Z
RET-002114,SO70890,3,SHP-023607,21736,234,3,4,100,RR-002,2013-12-03,2013-12-11,2013-12-12,1,1,49.99,48.49,REFUND,REFUNDED,SIMULATED return linked to an AdventureWorks order line,synthetic_extension,1.0.0,SCN_RET_CLOTHING_SIZE_SPIKE,20260728,2026-07-28T00:00:00.000Z
RET-002115,SO70892,1,SHP-023609,27403,475,3,6,19,RR-002,2013-12-09,2013-12-17,2013-12-18,1,1,69.99,67.89,REFUND,REFUNDED,SIMULATED return linked to an AdventureWorks order line,synthetic_extension,1.0.0,SCN_RET_CLOTHING_SIZE_SPIKE,20260728,2026-07-28T00:00:00.000Z
RET-002116,SO70892,2,SHP-023609,27403,225,3,6,19,RR-001,2013-12-12,2013-12-19,2013-12-21,1,1,8.99,8.72,REFUND,REFUNDED,SIMULATED return linked to an AdventureWorks order line,synthetic_extension,1.0.0,SCN_RET_CLOTHING_SIZE_SPIKE,20260728,2026-07-28T00:00:00.000Z
RET-002117,SO70892,3,SHP-023609,27403,491,3,6,19,RR-002,2013-12-11,2013-12-21,2013-12-24,1,1,53.99,52.37,REFUND,REFUNDED,SIMULATED return linked to an AdventureWorks order line,synthetic_extension,1.0.0,SCN_RET_CLOTHING_SIZE_SPIKE,20260728,2026-07-28T00:00:00.000Z
RET-002118,SO70898,1,SHP-023615,27436,475,3,6,19,RR-002,2013-12-07,2013-12-17,2013-12-20,1,1,69.99,67.89,REFUND,REFUNDED,SIMULATED return linked to an AdventureWorks order line,synthetic_extension,1.0.0,SCN_RET_CLOTHING_SIZE_SPIKE,20260728,2026-07-28T00:00:00.000Z
RET-002119,SO70898,2,SHP-023615,27436,467,3,6,19,RR-001,2013-12-06,2013-12-11,2013-12-15,1,1,24.49,23.76,REFUND,REFUNDED,SIMULATED return linked to an AdventureWorks order line,synthetic_extension,1.0.0,SCN_RET_CLOTHING_SIZE_SPIKE,20260728,2026-07-28T00:00:00.000Z
RET-002120,SO70899,5,SHP-023616,14663,228,3,4,100,RR-001,2013-12-12,2013-12-19,2013-12-21,1,1,49.99,48.49,REFUND,REFUNDED,SIMULATED return linked to an AdventureWorks order line,synthetic_extension,1.0.0,SCN_RET_CLOTHING_SIZE_SPIKE,20260728,2026-07-28T00:00:00.000Z
RET-002121,SO70912,3,SHP-023629,17441,490,3,4,100,RR-001,2013-12-06,2013-12-13,2013-12-15,1,1,53.99,52.37,REFUND,REFUNDED,SIMULATED return linked to an AdventureWorks order line,synthetic_extension,1.0.0,SCN_RET_CLOTHING_SIZE_SPIKE,20260728,2026-07-28T00:00:00.000Z
RET-002122,SO70912,4,SHP-023629,17441,225,3,4,100,RR-002,2013-12-07,2013-12-11,2013-12-12,1,1,8.99,8.72,REFUND,REFUNDED,SIMULATED return linked to an AdventureWorks order line,synthetic_extension,1.0.0,SCN_RET_CLOTHING_SIZE_SPIKE,20260728,2026-07-28T00:00:00.000Z
RET-002123,SO70913,1,SHP-023630,15284,590,1,4,100,RR-005,2013-12-10,2013-12-14,2013-12-15,1,1,769.49,746.41,REFUND,REFUNDED,SIMULATED return linked to an AdventureWorks order line,synthetic_extension,1.0.0,BASELINE,20260728,2026-07-28T00:00:00.000Z
RET-002124,SO70913,2,SHP-023630,15284,485,4,4,100,RR-006,2013-12-13,2013-12-16,2013-12-18,1,1,21.98,21.32,REFUND,REFUNDED,SIMULATED return linked to an AdventureWorks order line,synthetic_extension,1.0.0,BASELINE,20260728,2026-07-28T00:00:00.000Z
RET-002125,SO70913,3,SHP-023630,15284,217,4,4,100,RR-003,2013-12-12,2013-12-18,2013-12-21,1,1,34.99,33.94,REFUND,REFUNDED,SIMULATED return linked to an AdventureWorks order line,synthetic_extension,1.0.0,BASELINE,20260728,2026-07-28T00:00:00.000Z
RET-002126,SO70913,4,SHP-023630,15284,234,3,4,100,RR-001,2013-12-07,2013-12-12,2013-12-16,1,1,49.99,48.49,REFUND,REFUNDED,SIMULATED return linked to an AdventureWorks order line,synthetic_extension,1.0.0,SCN_RET_CLOTHING_SIZE_SPIKE,20260728,2026-07-28T00:00:00.000Z
RET-002127,SO70913,5,SHP-023630,15284,467,3,4,100,RR-002,2013-12-06,2013-12-14,2013-12-15,1,1,24.49,23.76,REFUND,REFUNDED,SIMULATED return linked to an AdventureWorks order line,synthetic_extension,1.0.0,SCN_RET_CLOTHING_SIZE_SPIKE,20260728,2026-07-28T00:00:00.000Z
RET-002128,SO70926,4,SHP-023643,23845,491,3,4,100,RR-001,2013-12-04,2013-12-09,2013-12-13,1,1,53.99,52.37,REFUND,REFUNDED,SIMULATED return linked to an AdventureWorks order line,synthetic_extension,1.0.0,SCN_RET_CLOTHING_SIZE_SPIKE,20260728,2026-07-28T00:00:00.000Z
RET-002129,SO70934,4,SHP-023651,25510,465,3,10,98,RR-002,2013-12-18,2013-12-26,2013-12-27,1,1,24.49,23.76,REFUND,REFUNDED,SIMULATED return linked to an AdventureWorks order line,synthetic_extension,1.0.0,SCN_RET_CLOTHING_SIZE_SPIKE,20260728,2026-07-28T00:00:00.000Z
RET-002130,SO70934,5,SHP-023651,25510,491,3,10,98,RR-001,2013-12-19,2013-12-24,2013-12-28,1,1,53.99,52.37,REFUND,REFUNDED,SIMULATED return linked to an AdventureWorks order line,synthetic_extension,1.0.0,SCN_RET_CLOTHING_SIZE_SPIKE,20260728,2026-07-28T00:00:00.000Z
RET-002131,SO70935,2,SHP-023652,27175,529,4,10,98,RR-006,2013-12-18,2013-12-25,2013-12-27,1,1,3.99,3.87,REFUND,REFUNDED,SIMULATED return linked to an AdventureWorks order line,synthetic_extension,1.0.0,BASELINE,20260728,2026-07-28T00:00:00.000Z
RET-002132,SO70935,3,SHP-023652,27175,538,4,10,98,RR-003,2013-12-17,2013-12-27,2013-12-30,1,1,21.49,20.85,REFUND,REFUNDED,SIMULATED return linked to an AdventureWorks order line,synthetic_extension,1.0.0,BASELINE,20260728,2026-07-28T00:00:00.000Z
RET-002133,SO70945,2,SHP-023662,17245,481,3,9,6,RR-002,2013-12-13,2013-12-23,2013-12-26,1,1,8.99,8.72,REFUND,REFUNDED,SIMULATED return linked to an AdventureWorks order line,synthetic_extension,1.0.0,SCN_RET_CLOTHING_SIZE_SPIKE,20260728,2026-07-28T00:00:00.000Z
RET-002134,SO70954,1,SHP-023671,14778,359,1,10,98,RR-006,2013-12-26,2014-01-02,2014-01-04,1,1,2294.99,2226.14,REFUND,REFUNDED,SIMULATED return linked to an AdventureWorks order line,synthetic_extension,1.0.0,BASELINE,20260728,2026-07-28T00:00:00.000Z
RET-002135,SO70954,2,SHP-023671,14778,477,4,10,98,RR-005,2013-12-23,2013-12-31,2014-01-01,1,1,4.99,4.84,REFUND,REFUNDED,SIMULATED return linked to an AdventureWorks order line,synthetic_extension,1.0.0,BASELINE,20260728,2026-07-28T00:00:00.000Z
RET-002136,SO70954,3,SHP-023671,14778,478,4,10,98,RR-004,2013-12-24,2013-12-29,2014-01-02,1,1,9.99,9.69,REFUND,REFUNDED,SIMULATED return linked to an AdventureWorks order line,synthetic_extension,1.0.0,BASELINE,20260728,2026-07-28T00:00:00.000Z
RET-002137,SO70954,4,SHP-023671,14778,217,4,10,98,RR-003,2013-12-11,2013-12-17,2013-12-20,1,1,34.99,33.94,REFUND,REFUNDED,SIMULATED return linked to an AdventureWorks order line,synthetic_extension,1.0.0,BASELINE,20260728,2026-07-28T00:00:00.000Z
RET-002138,SO70961,3,SHP-023678,21290,225,3,1,100,RR-001,2013-12-11,2013-12-16,2013-12-20,1,1,8.99,8.72,REFUND,REFUNDED,SIMULATED return linked to an AdventureWorks order line,synthetic_extension,1.0.0,SCN_RET_CLOTHING_SIZE_SPIKE,20260728,2026-07-28T00:00:00.000Z
RET-002139,SO70967,4,SHP-023684,14837,231,3,8,100,RR-002,2013-12-19,2013-12-27,2013-12-28,1,1,49.99,48.49,REFUND,REFUNDED,SIMULATED return linked to an AdventureWorks order line,synthetic_extension,1.0.0,SCN_RET_CLOTHING_SIZE_SPIKE,20260728,2026-07-28T00:00:00.000Z
RET-002140,SO70981,1,SHP-023698,12175,537,4,4,100,RR-004,2013-12-11,2013-12-16,2013-12-20,1,1,35,33.95,REFUND,REFUNDED,SIMULATED return linked to an AdventureWorks order line,synthetic_extension,1.0.0,BASELINE,20260728,2026-07-28T00:00:00.000Z
RET-002141,SO71009,1,SHP-023726,23724,584,1,4,100,RR-006,2013-12-06,2013-12-09,2013-12-11,1,1,539.99,523.79,REFUND,REFUNDED,SIMULATED return linked to an AdventureWorks order line,synthetic_extension,1.0.0,BASELINE,20260728,2026-07-28T00:00:00.000Z
RET-002142,SO71009,2,SHP-023726,23724,479,4,4,100,RR-005,2013-12-03,2013-12-07,2013-12-08,1,1,8.99,8.72,REFUND,REFUNDED,SIMULATED return linked to an AdventureWorks order line,synthetic_extension,1.0.0,BASELINE,20260728,2026-07-28T00:00:00.000Z
RET-002143,SO71009,3,SHP-023726,23724,477,4,4,100,RR-004,2013-12-04,2013-12-13,2013-12-17,1,1,4.99,4.84,REFUND,REFUNDED,SIMULATED return linked to an AdventureWorks order line,synthetic_extension,1.0.0,BASELINE,20260728,2026-07-28T00:00:00.000Z
RET-002144,SO71026,1,SHP-023743,24896,528,4,9,6,RR-003,2013-12-09,2013-12-19,2013-12-22,1,1,4.99,4.84,REFUND,REFUNDED,SIMULATED return linked to an AdventureWorks order line,synthetic_extension,1.0.0,BASELINE,20260728,2026-07-28T00:00:00.000Z
RET-002145,SO71026,2,SHP-023743,24896,480,4,9,6,RR-004,2013-12-08,2013-12-13,2013-12-17,1,1,2.29,2.22,REFUND,REFUNDED,SIMULATED return linked to an AdventureWorks order line,synthetic_extension,1.0.0,BASELINE,20260728,2026-07-28T00:00:00.000Z
RET-002146,SO71026,3,SHP-023743,24896,484,4,9,6,RR-005,2013-12-07,2013-12-15,2013-12-16,1,1,7.95,7.71,REFUND,REFUNDED,SIMULATED return linked to an AdventureWorks order line,synthetic_extension,1.0.0,BASELINE,20260728,2026-07-28T00:00:00.000Z
RET-002147,SO71040,2,SHP-023757,23843,482,3,4,100,RR-001,2013-12-08,2013-12-17,2013-12-21,1,1,8.99,8.72,REFUND,REFUNDED,SIMULATED return linked to an AdventureWorks order line,synthetic_extension,1.0.0,SCN_RET_CLOTHING_SIZE_SPIKE,20260728,2026-07-28T00:00:00.000Z
RET-002148,SO71067,2,SHP-023784,11242,479,4,7,100,RR-005,2013-12-12,2013-12-20,2013-12-21,1,1,8.99,8.72,REFUND,REFUNDED,SIMULATED return linked to an AdventureWorks order line,synthetic_extension,1.0.0,BASELINE,20260728,2026-07-28T00:00:00.000Z
RET-002149,SO71067,3,SHP-023784,11242,477,4,7,100,RR-004,2013-12-17,2013-12-22,2013-12-26,1,1,4.99,4.84,REFUND,REFUNDED,SIMULATED return linked to an AdventureWorks order line,synthetic_extension,1.0.0,BASELINE,20260728,2026-07-28T00:00:00.000Z
RET-002150,SO71067,4,SHP-023784,11242,463,3,7,100,RR-002,2013-12-22,2013-12-28,2013-12-31,1,1,24.49,23.76,REFUND,REFUNDED,SIMULATED return linked to an AdventureWorks order line,synthetic_extension,1.0.0,SCN_RET_CLOTHING_SIZE_SPIKE,20260728,2026-07-28T00:00:00.000Z
RET-002151,SO71087,1,SHP-023804,13556,604,1,7,100,RR-004,2013-12-27,2014-01-01,2014-01-05,1,1,539.99,523.79,REFUND,REFUNDED,SIMULATED return linked to an AdventureWorks order line,synthetic_extension,1.0.0,BASELINE,20260728,2026-07-28T00:00:00.000Z
RET-002152,SO71087,2,SHP-023804,13556,479,4,7,100,RR-003,2013-12-28,2014-01-07,2014-01-10,1,1,8.99,8.72,REFUND,REFUNDED,SIMULATED return linked to an AdventureWorks order line,synthetic_extension,1.0.0,BASELINE,20260728,2026-07-28T00:00:00.000Z
RET-002153,SO71087,3,SHP-023804,13556,477,4,7,100,RR-006,2013-12-11,2013-12-18,2013-12-20,1,1,4.99,4.84,REFUND,REFUNDED,SIMULATED return linked to an AdventureWorks order line,synthetic_extension,1.0.0,BASELINE,20260728,2026-07-28T00:00:00.000Z
RET-002154,SO71087,4,SHP-023804,13556,217,4,7,100,RR-005,2013-12-12,2013-12-16,2013-12-17,1,1,34.99,33.94,REFUND,REFUNDED,SIMULATED return linked to an AdventureWorks order line,synthetic_extension,1.0.0,BASELINE,20260728,2026-07-28T00:00:00.000Z
RET-002155,SO71088,3,SHP-023805,28387,225,3,10,98,RR-002,2013-12-24,2014-01-01,2014-01-02,1,1,8.99,8.72,REFUND,REFUNDED,SIMULATED return linked to an AdventureWorks order line,synthetic_extension,1.0.0,SCN_RET_CLOTHING_SIZE_SPIKE,20260728,2026-07-28T00:00:00.000Z
RET-002156,SO71094,4,SHP-023811,11760,491,3,9,6,RR-002,2013-12-13,2013-12-21,2013-12-22,1,1,53.99,52.37,REFUND,REFUNDED,SIMULATED return linked to an AdventureWorks order line,synthetic_extension,1.0.0,SCN_RET_CLOTHING_SIZE_SPIKE,20260728,2026-07-28T00:00:00.000Z
RET-002157,SO71094,5,SHP-023811,11760,225,3,9,6,RR-001,2013-12-14,2013-12-19,2013-12-23,1,1,8.99,8.72,REFUND,REFUNDED,SIMULATED return linked to an AdventureWorks order line,synthetic_extension,1.0.0,SCN_RET_CLOTHING_SIZE_SPIKE,20260728,2026-07-28T00:00:00.000Z
RET-002158,SO71130,4,SHP-023847,26375,489,3,9,6,RR-006,2013-12-11,2013-12-18,2013-12-20,1,1,53.99,52.37,REFUND,REFUNDED,SIMULATED return linked to an AdventureWorks order line,synthetic_extension,1.0.0,BASELINE,20260728,2026-07-28T00:00:00.000Z
RET-002159,SO71135,1,SHP-023852,27571,562,1,4,100,RR-006,2013-12-05,2013-12-08,2013-12-10,1,1,2384.07,2312.55,REFUND,REFUNDED,SIMULATED return linked to an AdventureWorks order line,synthetic_extension,1.0.0,BASELINE,20260728,2026-07-28T00:00:00.000Z
RET-002160,SO71143,4,SHP-023860,27946,225,3,10,98,RR-001,2013-12-05,2013-12-10,2013-12-14,1,1,8.99,8.72,REFUND,REFUNDED,SIMULATED return linked to an AdventureWorks order line,synthetic_extension,1.0.0,SCN_RET_CLOTHING_SIZE_SPIKE,20260728,2026-07-28T00:00:00.000Z
RET-002161,SO71145,1,SHP-023862,23958,605,1,7,100,RR-003,2013-12-06,2013-12-16,2013-12-19,1,1,539.99,523.79,REFUND,REFUNDED,SIMULATED return linked to an AdventureWorks order line,synthetic_extension,1.0.0,BASELINE,20260728,2026-07-28T00:00:00.000Z
RET-002162,SO71145,2,SHP-023862,23958,479,4,7,100,RR-004,2013-12-05,2013-12-10,2013-12-14,1,1,8.99,8.72,REFUND,REFUNDED,SIMULATED return linked to an AdventureWorks order line,synthetic_extension,1.0.0,BASELINE,20260728,2026-07-28T00:00:00.000Z
RET-002163,SO71145,3,SHP-023862,23958,477,4,7,100,RR-005,2013-12-04,2013-12-12,2013-12-13,1,1,4.99,4.84,REFUND,REFUNDED,SIMULATED return linked to an AdventureWorks order line,synthetic_extension,1.0.0,BASELINE,20260728,2026-07-28T00:00:00.000Z
RET-002164,SO71145,5,SHP-023862,23958,234,3,7,100,RR-003,2013-12-10,2013-12-16,2013-12-19,1,1,49.99,48.49,REFUND,REFUNDED,SIMULATED return linked to an AdventureWorks order line,synthetic_extension,1.0.0,BASELINE,20260728,2026-07-28T00:00:00.000Z
RET-002165,SO71145,6,SHP-023862,23958,465,3,7,100,RR-004,2013-12-09,2013-12-18,2013-12-22,1,1,24.49,23.76,REFUND,REFUNDED,SIMULATED return linked to an AdventureWorks order line,synthetic_extension,1.0.0,BASELINE,20260728,2026-07-28T00:00:00.000Z
RET-002166,SO71158,3,SHP-023875,13002,225,3,9,6,RR-002,2013-12-09,2013-12-15,2013-12-18,1,1,8.99,8.72,REFUND,REFUNDED,SIMULATED return linked to an AdventureWorks order line,synthetic_extension,1.0.0,SCN_RET_CLOTHING_SIZE_SPIKE,20260728,2026-07-28T00:00:00.000Z
RET-002167,SO71158,4,SHP-023875,13002,489,3,9,6,RR-001,2013-12-22,2013-12-27,2013-12-31,1,1,53.99,52.37,REFUND,REFUNDED,SIMULATED return linked to an AdventureWorks order line,synthetic_extension,1.0.0,SCN_RET_CLOTHING_SIZE_SPIKE,20260728,2026-07-28T00:00:00.000Z
RET-002168,SO71169,3,SHP-023886,15479,225,3,1,100,RR-002,2013-12-06,2013-12-12,2013-12-15,1,1,8.99,8.72,REFUND,REFUNDED,SIMULATED return linked to an AdventureWorks order line,synthetic_extension,1.0.0,SCN_RET_CLOTHING_SIZE_SPIKE,20260728,2026-07-28T00:00:00.000Z
RET-002169,SO71169,4,SHP-023886,15479,231,3,1,100,RR-001,2013-12-19,2013-12-24,2013-12-28,1,1,49.99,48.49,REFUND,REFUNDED,SIMULATED return linked to an AdventureWorks order line,synthetic_extension,1.0.0,SCN_RET_CLOTHING_SIZE_SPIKE,20260728,2026-07-28T00:00:00.000Z
RET-002170,SO71177,2,SHP-023894,17757,234,3,10,98,RR-003,2013-12-14,2013-12-24,2013-12-27,1,1,49.99,48.49,REFUND,REFUNDED,SIMULATED return linked to an AdventureWorks order line,synthetic_extension,1.0.0,BASELINE,20260728,2026-07-28T00:00:00.000Z
RET-002171,SO71182,1,SHP-023899,15323,590,1,6,19,RR-004,2013-12-09,2013-12-18,2013-12-22,1,1,769.49,746.41,REFUND,REFUNDED,SIMULATED return linked to an AdventureWorks order line,synthetic_extension,1.0.0,BASELINE,20260728,2026-07-28T00:00:00.000Z
RET-002172,SO71182,2,SHP-023899,15323,528,4,6,19,RR-003,2013-12-10,2013-12-16,2013-12-19,1,1,4.99,4.84,REFUND,REFUNDED,SIMULATED return linked to an AdventureWorks order line,synthetic_extension,1.0.0,BASELINE,20260728,2026-07-28T00:00:00.000Z
RET-002173,SO71182,3,SHP-023899,15323,536,4,6,19,RR-006,2013-12-11,2013-12-14,2013-12-16,1,1,29.99,29.09,REFUND,REFUNDED,SIMULATED return linked to an AdventureWorks order line,synthetic_extension,1.0.0,BASELINE,20260728,2026-07-28T00:00:00.000Z
RET-002174,SO71185,3,SHP-023902,17135,463,3,1,100,RR-002,2013-12-09,2013-12-13,2013-12-14,1,1,24.49,23.76,REFUND,REFUNDED,SIMULATED return linked to an AdventureWorks order line,synthetic_extension,1.0.0,SCN_RET_CLOTHING_SIZE_SPIKE,20260728,2026-07-28T00:00:00.000Z
RET-002175,SO71202,1,SHP-023919,27572,574,1,4,100,RR-003,2013-12-06,2013-12-16,2013-12-19,1,1,2384.07,2312.55,REFUND,REFUNDED,SIMULATED return linked to an AdventureWorks order line,synthetic_extension,1.0.0,BASELINE,20260728,2026-07-28T00:00:00.000Z
RET-002176,SO71202,2,SHP-023919,27572,217,4,4,100,RR-004,2013-12-05,2013-12-10,2013-12-14,1,1,34.99,33.94,REFUND,REFUNDED,SIMULATED return linked to an AdventureWorks order line,synthetic_extension,1.0.0,BASELINE,20260728,2026-07-28T00:00:00.000Z
RET-002177,SO71203,2,SHP-023920,27621,482,3,4,100,RR-002,2013-12-17,2013-12-21,2013-12-22,1,1,8.99,8.72,REFUND,REFUNDED,SIMULATED return linked to an AdventureWorks order line,synthetic_extension,1.0.0,SCN_RET_CLOTHING_SIZE_SPIKE,20260728,2026-07-28T00:00:00.000Z
RET-002178,SO71205,2,SHP-023922,28030,481,3,1,100,RR-002,2013-12-15,2013-12-25,2013-12-28,1,1,8.99,8.72,REFUND,REFUNDED,SIMULATED return linked to an AdventureWorks order line,synthetic_extension,1.0.0,SCN_RET_CLOTHING_SIZE_SPIKE,20260728,2026-07-28T00:00:00.000Z
RET-002179,SO71214,2,SHP-023931,12123,538,4,10,98,RR-005,2013-12-22,2013-12-30,2013-12-31,1,1,21.49,20.85,REFUND,REFUNDED,SIMULATED return linked to an AdventureWorks order line,synthetic_extension,1.0.0,BASELINE,20260728,2026-07-28T00:00:00.000Z
RET-002180,SO71214,3,SHP-023931,12123,529,4,10,98,RR-004,2013-12-23,2013-12-28,2014-01-01,1,1,3.99,3.87,REFUND,REFUNDED,SIMULATED return linked to an AdventureWorks order line,synthetic_extension,1.0.0,BASELINE,20260728,2026-07-28T00:00:00.000Z
RET-002181,SO71214,5,SHP-023931,12123,225,3,10,98,RR-001,2013-12-11,2013-12-14,2013-12-16,1,1,8.99,8.72,REFUND,REFUNDED,SIMULATED return linked to an AdventureWorks order line,synthetic_extension,1.0.0,SCN_RET_CLOTHING_SIZE_SPIKE,20260728,2026-07-28T00:00:00.000Z
RET-002182,SO71214,6,SHP-023931,12123,237,3,10,98,RR-002,2013-12-08,2013-12-12,2013-12-13,1,1,49.99,48.49,REFUND,REFUNDED,SIMULATED return linked to an AdventureWorks order line,synthetic_extension,1.0.0,SCN_RET_CLOTHING_SIZE_SPIKE,20260728,2026-07-28T00:00:00.000Z
RET-002183,SO71220,1,SHP-023937,11502,217,4,6,19,RR-003,2013-12-06,2013-12-12,2013-12-15,1,1,34.99,33.94,REFUND,REFUNDED,SIMULATED return linked to an AdventureWorks order line,synthetic_extension,1.0.0,BASELINE,20260728,2026-07-28T00:00:00.000Z
RET-002184,SO71220,2,SHP-023937,11502,482,3,6,19,RR-001,2013-12-05,2013-12-14,2013-12-18,1,1,8.99,8.72,REFUND,REFUNDED,SIMULATED return linked to an AdventureWorks order line,synthetic_extension,1.0.0,SCN_RET_CLOTHING_SIZE_SPIKE,20260728,2026-07-28T00:00:00.000Z
RET-002185,SO71226,1,SHP-023943,15021,225,3,9,6,RR-005,2013-12-22,2013-12-30,2013-12-31,1,1,8.99,8.72,REFUND,REFUNDED,SIMULATED return linked to an AdventureWorks order line,synthetic_extension,1.0.0,BASELINE,20260728,2026-07-28T00:00:00.000Z
RET-002186,SO71238,4,SHP-023955,16117,463,3,1,100,RR-002,2013-12-07,2013-12-15,2013-12-16,1,1,24.49,23.76,REFUND,REFUNDED,SIMULATED return linked to an AdventureWorks order line,synthetic_extension,1.0.0,SCN_RET_CLOTHING_SIZE_SPIKE,20260728,2026-07-28T00:00:00.000Z
RET-002187,SO71239,1,SHP-023956,14552,476,3,10,98,RR-005,2013-12-21,2013-12-29,2013-12-30,1,1,69.99,67.89,REFUND,REFUNDED,SIMULATED return linked to an AdventureWorks order line,synthetic_extension,1.0.0,BASELINE,20260728,2026-07-28T00:00:00.000Z
RET-002188,SO71244,1,SHP-023961,24566,477,4,10,98,RR-005,2013-12-31,2014-01-08,2014-01-09,1,1,4.99,4.84,REFUND,REFUNDED,SIMULATED return linked to an AdventureWorks order line,synthetic_extension,1.0.0,BASELINE,20260728,2026-07-28T00:00:00.000Z
RET-002189,SO71246,6,SHP-023963,13096,471,3,6,19,RR-001,2013-12-15,2013-12-24,2013-12-28,1,1,63.5,61.59,REFUND,REFUNDED,SIMULATED return linked to an AdventureWorks order line,synthetic_extension,1.0.0,SCN_RET_CLOTHING_SIZE_SPIKE,20260728,2026-07-28T00:00:00.000Z
RET-002190,SO71257,3,SHP-023974,17264,482,3,1,100,RR-003,2013-12-10,2013-12-20,2013-12-23,1,1,8.99,8.72,REFUND,REFUNDED,SIMULATED return linked to an AdventureWorks order line,synthetic_extension,1.0.0,BASELINE,20260728,2026-07-28T00:00:00.000Z
RET-002191,SO71261,4,SHP-023978,25319,480,4,7,100,RR-003,2013-12-15,2013-12-25,2013-12-28,1,1,2.29,2.22,REFUND,REFUNDED,SIMULATED return linked to an AdventureWorks order line,synthetic_extension,1.0.0,BASELINE,20260728,2026-07-28T00:00:00.000Z
RET-002192,SO71269,1,SHP-023986,11090,569,1,4,100,RR-006,2013-12-05,2013-12-08,2013-12-10,1,1,742.35,720.08,REFUND,REFUNDED,SIMULATED return linked to an AdventureWorks order line,synthetic_extension,1.0.0,BASELINE,20260728,2026-07-28T00:00:00.000Z
RET-002193,SO71269,2,SHP-023986,11090,225,3,4,100,RR-002,2013-12-20,2013-12-24,2013-12-25,1,1,8.99,8.72,REFUND,REFUNDED,SIMULATED return linked to an AdventureWorks order line,synthetic_extension,1.0.0,SCN_RET_CLOTHING_SIZE_SPIKE,20260728,2026-07-28T00:00:00.000Z
RET-002194,SO71285,2,SHP-024002,16267,489,3,8,100,RR-002,2013-12-26,2014-01-05,2014-01-08,1,1,53.99,52.37,REFUND,REFUNDED,SIMULATED return linked to an AdventureWorks order line,synthetic_extension,1.0.0,SCN_RET_CLOTHING_SIZE_SPIKE,20260728,2026-07-28T00:00:00.000Z
RET-002195,SO71300,1,SHP-024017,25041,540,4,1,100,RR-004,2013-12-18,2013-12-27,2013-12-31,1,1,32.6,31.62,REFUND,REFUNDED,SIMULATED return linked to an AdventureWorks order line,synthetic_extension,1.0.0,BASELINE,20260728,2026-07-28T00:00:00.000Z
RET-002196,SO71302,2,SHP-024019,18985,463,3,1,100,RR-002,2013-12-22,2013-12-26,2013-12-27,1,1,24.49,23.76,REFUND,REFUNDED,SIMULATED return linked to an AdventureWorks order line,synthetic_extension,1.0.0,SCN_RET_CLOTHING_SIZE_SPIKE,20260728,2026-07-28T00:00:00.000Z
RET-002197,SO71320,1,SHP-024037,16783,380,1,1,100,RR-006,2013-12-04,2013-12-07,2013-12-09,1,1,2443.35,2370.05,REFUND,REFUNDED,SIMULATED return linked to an AdventureWorks order line,synthetic_extension,1.0.0,BASELINE,20260728,2026-07-28T00:00:00.000Z
RET-002198,SO71326,3,SHP-024043,17006,231,3,1,100,RR-001,2013-12-10,2013-12-17,2013-12-19,1,1,49.99,48.49,REFUND,REFUNDED,SIMULATED return linked to an AdventureWorks order line,synthetic_extension,1.0.0,SCN_RET_CLOTHING_SIZE_SPIKE,20260728,2026-07-28T00:00:00.000Z
RET-002199,SO71326,4,SHP-024043,17006,463,3,1,100,RR-002,2013-12-11,2013-12-15,2013-12-16,1,1,24.49,23.76,REFUND,REFUNDED,SIMULATED return linked to an AdventureWorks order line,synthetic_extension,1.0.0,SCN_RET_CLOTHING_SIZE_SPIKE,20260728,2026-07-28T00:00:00.000Z
RET-002200,SO71337,2,SHP-024054,23493,482,3,4,100,RR-002,2013-12-14,2013-12-22,2013-12-23,1,1,8.99,8.72,REFUND,REFUNDED,SIMULATED return linked to an AdventureWorks order line,synthetic_extension,1.0.0,SCN_RET_CLOTHING_SIZE_SPIKE,20260728,2026-07-28T00:00:00.000Z
RET-002201,SO71344,1,SHP-024061,25511,388,1,10,98,RR-004,2013-12-21,2013-12-30,2014-01-03,1,1,1120.49,1086.88,REFUND,REFUNDED,SIMULATED return linked to an AdventureWorks order line,synthetic_extension,1.0.0,BASELINE,20260728,2026-07-28T00:00:00.000Z
RET-002202,SO71364,2,SHP-024081,16461,231,3,10,98,RR-002,2013-12-27,2013-12-31,2014-01-01,1,1,49.99,48.49,REFUND,REFUNDED,SIMULATED return linked to an AdventureWorks order line,synthetic_extension,1.0.0,SCN_RET_CLOTHING_SIZE_SPIKE,20260728,2026-07-28T00:00:00.000Z
RET-002203,SO71364,3,SHP-024081,16461,467,3,10,98,RR-001,2013-12-28,2014-01-06,2014-01-10,1,1,24.49,23.76,REFUND,REFUNDED,SIMULATED return linked to an AdventureWorks order line,synthetic_extension,1.0.0,SCN_RET_CLOTHING_SIZE_SPIKE,20260728,2026-07-28T00:00:00.000Z
RET-002204,SO71379,1,SHP-024096,16651,225,3,1,100,RR-001,2013-12-21,2013-12-26,2013-12-30,1,1,8.99,8.72,REFUND,REFUNDED,SIMULATED return linked to an AdventureWorks order line,synthetic_extension,1.0.0,SCN_RET_CLOTHING_SIZE_SPIKE,20260728,2026-07-28T00:00:00.000Z
RET-002205,SO71400,6,SHP-024117,11254,473,3,1,100,RR-001,2013-12-06,2013-12-11,2013-12-15,1,1,63.5,61.59,REFUND,REFUNDED,SIMULATED return linked to an AdventureWorks order line,synthetic_extension,1.0.0,SCN_RET_CLOTHING_SIZE_SPIKE,20260728,2026-07-28T00:00:00.000Z
RET-002206,SO71401,2,SHP-024118,19646,473,3,6,19,RR-002,2013-12-11,2013-12-19,2013-12-20,1,1,63.5,61.59,REFUND,REFUNDED,SIMULATED return linked to an AdventureWorks order line,synthetic_extension,1.0.0,SCN_RET_CLOTHING_SIZE_SPIKE,20260728,2026-07-28T00:00:00.000Z
RET-002207,SO71405,1,SHP-024122,16121,595,1,6,19,RR-006,2013-12-24,2013-12-27,2013-12-29,1,1,564.99,548.04,REFUND,REFUNDED,SIMULATED return linked to an AdventureWorks order line,synthetic_extension,1.0.0,BASELINE,20260728,2026-07-28T00:00:00.000Z
RET-002208,SO71424,2,SHP-024141,13131,225,3,9,6,RR-001,2013-12-23,2013-12-26,2013-12-28,1,1,8.99,8.72,REFUND,REFUNDED,SIMULATED return linked to an AdventureWorks order line,synthetic_extension,1.0.0,SCN_RET_CLOTHING_SIZE_SPIKE,20260728,2026-07-28T00:00:00.000Z
RET-002209,SO71425,4,SHP-024142,29311,231,3,9,6,RR-002,2013-12-23,2013-12-27,2013-12-28,1,1,49.99,48.49,REFUND,REFUNDED,SIMULATED return linked to an AdventureWorks order line,synthetic_extension,1.0.0,SCN_RET_CLOTHING_SIZE_SPIKE,20260728,2026-07-28T00:00:00.000Z
RET-002210,SO71435,1,SHP-024152,28777,490,3,1,19,RR-003,2013-12-25,2013-12-31,2014-01-03,1,1,53.99,52.37,REFUND,REFUNDED,SIMULATED return linked to an AdventureWorks order line,synthetic_extension,1.0.0,BASELINE,20260728,2026-07-28T00:00:00.000Z
RET-002211,SO71443,3,SHP-024160,15272,465,3,1,100,RR-001,2013-12-09,2013-12-12,2013-12-14,1,1,24.49,23.76,REFUND,REFUNDED,SIMULATED return linked to an AdventureWorks order line,synthetic_extension,1.0.0,SCN_RET_CLOTHING_SIZE_SPIKE,20260728,2026-07-28T00:00:00.000Z
RET-002212,SO71457,3,SHP-024174,25670,225,3,7,100,RR-002,2013-12-18,2013-12-26,2013-12-27,1,1,8.99,8.72,REFUND,REFUNDED,SIMULATED return linked to an AdventureWorks order line,synthetic_extension,1.0.0,SCN_RET_CLOTHING_SIZE_SPIKE,20260728,2026-07-28T00:00:00.000Z
RET-002213,SO71470,2,SHP-024187,24378,529,4,9,6,RR-005,2013-12-28,2014-01-05,2014-01-06,1,1,3.99,3.87,REFUND,REFUNDED,SIMULATED return linked to an AdventureWorks order line,synthetic_extension,1.0.0,BASELINE,20260728,2026-07-28T00:00:00.000Z
RET-002214,SO71470,3,SHP-024187,24378,539,4,9,6,RR-004,2013-12-11,2013-12-16,2013-12-20,1,1,24.99,24.24,REFUND,REFUNDED,SIMULATED return linked to an AdventureWorks order line,synthetic_extension,1.0.0,BASELINE,20260728,2026-07-28T00:00:00.000Z
RET-002215,SO71475,2,SHP-024192,28665,467,3,1,100,RR-001,2013-12-18,2013-12-23,2013-12-27,1,1,24.49,23.76,REFUND,REFUNDED,SIMULATED return linked to an AdventureWorks order line,synthetic_extension,1.0.0,SCN_RET_CLOTHING_SIZE_SPIKE,20260728,2026-07-28T00:00:00.000Z
RET-002216,SO71492,1,SHP-024209,11795,217,4,4,100,RR-006,2013-12-21,2013-12-24,2013-12-26,1,1,34.99,33.94,REFUND,REFUNDED,SIMULATED return linked to an AdventureWorks order line,synthetic_extension,1.0.0,BASELINE,20260728,2026-07-28T00:00:00.000Z
RET-002217,SO71501,5,SHP-024218,25805,225,3,10,98,RR-002,2014-01-02,2014-01-12,2014-01-15,1,1,8.99,8.72,REFUND,REFUNDED,SIMULATED return linked to an AdventureWorks order line,synthetic_extension,1.0.0,SCN_RET_CLOTHING_SIZE_SPIKE,20260728,2026-07-28T00:00:00.000Z
RET-002218,SO71504,5,SHP-024221,16551,231,3,7,100,RR-001,2013-12-30,2014-01-06,2014-01-08,1,1,49.99,48.49,REFUND,REFUNDED,SIMULATED return linked to an AdventureWorks order line,synthetic_extension,1.0.0,SCN_RET_CLOTHING_SIZE_SPIKE,20260728,2026-07-28T00:00:00.000Z
RET-002219,SO71504,6,SHP-024221,16551,465,3,7,100,RR-002,2013-12-27,2014-01-04,2014-01-05,1,1,24.49,23.76,REFUND,REFUNDED,SIMULATED return linked to an AdventureWorks order line,synthetic_extension,1.0.0,SCN_RET_CLOTHING_SIZE_SPIKE,20260728,2026-07-28T00:00:00.000Z
RET-002220,SO71505,1,SHP-024222,13141,477,4,9,6,RR-003,2013-12-18,2013-12-28,2013-12-31,1,1,4.99,4.84,REFUND,REFUNDED,SIMULATED return linked to an AdventureWorks order line,synthetic_extension,1.0.0,BASELINE,20260728,2026-07-28T00:00:00.000Z
RET-002221,SO71505,2,SHP-024222,13141,479,4,9,6,RR-004,2013-12-17,2013-12-22,2013-12-26,1,1,8.99,8.72,REFUND,REFUNDED,SIMULATED return linked to an AdventureWorks order line,synthetic_extension,1.0.0,BASELINE,20260728,2026-07-28T00:00:00.000Z
RET-002222,SO71505,3,SHP-024222,13141,483,4,9,6,RR-005,2013-12-16,2013-12-24,2013-12-25,1,1,120,116.4,REFUND,REFUNDED,SIMULATED return linked to an AdventureWorks order line,synthetic_extension,1.0.0,BASELINE,20260728,2026-07-28T00:00:00.000Z
RET-002223,SO71508,4,SHP-024225,17651,225,3,7,100,RR-002,2013-12-31,2014-01-06,2014-01-09,1,1,8.99,8.72,REFUND,REFUNDED,SIMULATED return linked to an AdventureWorks order line,synthetic_extension,1.0.0,SCN_RET_CLOTHING_SIZE_SPIKE,20260728,2026-07-28T00:00:00.000Z
RET-002224,SO71509,4,SHP-024226,19912,237,3,10,98,RR-001,2013-12-30,2014-01-06,2014-01-08,1,1,49.99,48.49,REFUND,REFUNDED,SIMULATED return linked to an AdventureWorks order line,synthetic_extension,1.0.0,SCN_RET_CLOTHING_SIZE_SPIKE,20260728,2026-07-28T00:00:00.000Z
RET-002225,SO71512,2,SHP-024229,15663,535,4,7,100,RR-004,2013-12-23,2014-01-01,2014-01-05,1,1,24.99,24.24,REFUND,REFUNDED,SIMULATED return linked to an AdventureWorks order line,synthetic_extension,1.0.0,BASELINE,20260728,2026-07-28T00:00:00.000Z
RET-002226,SO71513,1,SHP-024230,27682,538,4,4,100,RR-006,2013-12-07,2013-12-14,2013-12-16,1,1,21.49,20.85,REFUND,REFUNDED,SIMULATED return linked to an AdventureWorks order line,synthetic_extension,1.0.0,BASELINE,20260728,2026-07-28T00:00:00.000Z
RET-002227,SO71513,2,SHP-024230,27682,480,4,4,100,RR-005,2013-12-22,2013-12-30,2013-12-31,1,1,2.29,2.22,REFUND,REFUNDED,SIMULATED return linked to an AdventureWorks order line,synthetic_extension,1.0.0,BASELINE,20260728,2026-07-28T00:00:00.000Z
RET-002228,SO71548,2,SHP-024265,21643,228,3,4,100,RR-002,2013-12-18,2013-12-22,2013-12-23,1,1,49.99,48.49,REFUND,REFUNDED,SIMULATED return linked to an AdventureWorks order line,synthetic_extension,1.0.0,SCN_RET_CLOTHING_SIZE_SPIKE,20260728,2026-07-28T00:00:00.000Z
RET-002229,SO71549,1,SHP-024266,18563,582,1,4,100,RR-003,2013-12-18,2013-12-28,2013-12-31,1,1,1700.99,1649.96,REFUND,REFUNDED,SIMULATED return linked to an AdventureWorks order line,synthetic_extension,1.0.0,BASELINE,20260728,2026-07-28T00:00:00.000Z
RET-002230,SO71549,2,SHP-024266,18563,228,3,4,100,RR-004,2013-12-17,2013-12-22,2013-12-26,1,1,49.99,48.49,REFUND,REFUNDED,SIMULATED return linked to an AdventureWorks order line,synthetic_extension,1.0.0,BASELINE,20260728,2026-07-28T00:00:00.000Z
RET-002231,SO71550,1,SHP-024267,18608,581,1,4,100,RR-005,2013-12-19,2013-12-27,2013-12-28,1,1,1700.99,1649.96,REFUND,REFUNDED,SIMULATED return linked to an AdventureWorks order line,synthetic_extension,1.0.0,BASELINE,20260728,2026-07-28T00:00:00.000Z
RET-002232,SO71558,3,SHP-024275,27969,467,3,9,6,RR-002,2013-12-28,2014-01-07,2014-01-10,1,1,24.49,23.76,REFUND,REFUNDED,SIMULATED return linked to an AdventureWorks order line,synthetic_extension,1.0.0,SCN_RET_CLOTHING_SIZE_SPIKE,20260728,2026-07-28T00:00:00.000Z
RET-002233,SO71561,3,SHP-024278,22586,465,3,10,98,RR-002,2013-12-27,2014-01-06,2014-01-09,1,1,24.49,23.76,REFUND,REFUNDED,SIMULATED return linked to an AdventureWorks order line,synthetic_extension,1.0.0,SCN_RET_CLOTHING_SIZE_SPIKE,20260728,2026-07-28T00:00:00.000Z
RET-002234,SO71569,2,SHP-024286,19442,228,3,7,100,RR-001,2013-12-31,2014-01-07,2014-01-09,1,1,49.99,48.49,REFUND,REFUNDED,SIMULATED return linked to an AdventureWorks order line,synthetic_extension,1.0.0,SCN_RET_CLOTHING_SIZE_SPIKE,20260728,2026-07-28T00:00:00.000Z
RET-002235,SO71572,1,SHP-024289,12829,361,1,8,100,RR-005,2013-12-26,2013-12-30,2013-12-31,1,1,2294.99,2226.14,REFUND,REFUNDED,SIMULATED return linked to an AdventureWorks order line,synthetic_extension,1.0.0,BASELINE,20260728,2026-07-28T00:00:00.000Z
RET-002236,SO71572,2,SHP-024289,12829,528,4,8,100,RR-006,2013-12-29,2014-01-01,2014-01-03,1,1,4.99,4.84,REFUND,REFUNDED,SIMULATED return linked to an AdventureWorks order line,synthetic_extension,1.0.0,BASELINE,20260728,2026-07-28T00:00:00.000Z
RET-002237,SO71572,3,SHP-024289,12829,537,4,8,100,RR-003,2013-12-28,2014-01-03,2014-01-06,1,1,35,33.95,REFUND,REFUNDED,SIMULATED return linked to an AdventureWorks order line,synthetic_extension,1.0.0,BASELINE,20260728,2026-07-28T00:00:00.000Z
RET-002238,SO71572,4,SHP-024289,12829,485,4,8,100,RR-004,2013-12-23,2013-12-28,2014-01-01,1,1,21.98,21.32,REFUND,REFUNDED,SIMULATED return linked to an AdventureWorks order line,synthetic_extension,1.0.0,BASELINE,20260728,2026-07-28T00:00:00.000Z
RET-002239,SO71593,2,SHP-024310,16574,222,4,10,98,RR-005,2014-01-05,2014-01-13,2014-01-14,1,1,34.99,33.94,REFUND,REFUNDED,SIMULATED return linked to an AdventureWorks order line,synthetic_extension,1.0.0,BASELINE,20260728,2026-07-28T00:00:00.000Z
RET-002240,SO71596,3,SHP-024313,12836,467,3,10,98,RR-002,2014-01-05,2014-01-13,2014-01-14,1,1,24.49,23.76,REFUND,REFUNDED,SIMULATED return linked to an AdventureWorks order line,synthetic_extension,1.0.0,SCN_RET_CLOTHING_SIZE_SPIKE,20260728,2026-07-28T00:00:00.000Z
RET-002241,SO71603,4,SHP-024320,24364,489,3,9,6,RR-002,2013-12-24,2013-12-30,2014-01-02,1,1,53.99,52.37,REFUND,REFUNDED,SIMULATED return linked to an AdventureWorks order line,synthetic_extension,1.0.0,SCN_RET_CLOTHING_SIZE_SPIKE,20260728,2026-07-28T00:00:00.000Z
RET-002242,SO71606,2,SHP-024323,25936,225,3,9,6,RR-001,2013-12-24,2013-12-29,2014-01-02,1,1,8.99,8.72,REFUND,REFUNDED,SIMULATED return linked to an AdventureWorks order line,synthetic_extension,1.0.0,SCN_RET_CLOTHING_SIZE_SPIKE,20260728,2026-07-28T00:00:00.000Z
RET-002243,SO71610,3,SHP-024327,28068,463,3,4,100,RR-004,2013-12-18,2013-12-23,2013-12-27,1,1,24.49,23.76,REFUND,REFUNDED,SIMULATED return linked to an AdventureWorks order line,synthetic_extension,1.0.0,BASELINE,20260728,2026-07-28T00:00:00.000Z
RET-002244,SO71636,1,SHP-024353,11849,231,3,4,100,RR-001,2013-12-24,2013-12-27,2013-12-29,1,1,49.99,48.49,REFUND,REFUNDED,SIMULATED return linked to an AdventureWorks order line,synthetic_extension,1.0.0,SCN_RET_CLOTHING_SIZE_SPIKE,20260728,2026-07-28T00:00:00.000Z
RET-002245,SO71636,2,SHP-024353,11849,225,3,4,100,RR-002,2013-12-21,2013-12-25,2013-12-26,1,1,8.99,8.72,REFUND,REFUNDED,SIMULATED return linked to an AdventureWorks order line,synthetic_extension,1.0.0,SCN_RET_CLOTHING_SIZE_SPIKE,20260728,2026-07-28T00:00:00.000Z
RET-002246,SO71642,3,SHP-024359,24657,473,3,1,100,RR-002,2013-12-24,2014-01-01,2014-01-02,1,1,63.5,61.59,REFUND,REFUNDED,SIMULATED return linked to an AdventureWorks order line,synthetic_extension,1.0.0,SCN_RET_CLOTHING_SIZE_SPIKE,20260728,2026-07-28T00:00:00.000Z
RET-002247,SO71663,1,SHP-024380,12556,225,3,8,100,RR-004,2014-01-03,2014-01-08,2014-01-12,1,1,8.99,8.72,REFUND,REFUNDED,SIMULATED return linked to an AdventureWorks order line,synthetic_extension,1.0.0,BASELINE,20260728,2026-07-28T00:00:00.000Z
RET-002248,SO71670,1,SHP-024387,15288,590,1,4,100,RR-004,2013-12-17,2013-12-26,2013-12-30,1,1,769.49,746.41,REFUND,REFUNDED,SIMULATED return linked to an AdventureWorks order line,synthetic_extension,1.0.0,BASELINE,20260728,2026-07-28T00:00:00.000Z
RET-002249,SO71670,2,SHP-024387,15288,485,4,4,100,RR-003,2013-12-18,2013-12-24,2013-12-27,1,1,21.98,21.32,REFUND,REFUNDED,SIMULATED return linked to an AdventureWorks order line,synthetic_extension,1.0.0,BASELINE,20260728,2026-07-28T00:00:00.000Z
RET-002250,SO71683,2,SHP-024400,21695,479,4,4,100,RR-005,2013-12-18,2013-12-26,2013-12-27,1,1,8.99,8.72,REFUND,REFUNDED,SIMULATED return linked to an AdventureWorks order line,synthetic_extension,1.0.0,BASELINE,20260728,2026-07-28T00:00:00.000Z
RET-002251,SO71683,3,SHP-024400,21695,477,4,4,100,RR-004,2013-12-19,2013-12-24,2013-12-28,1,1,4.99,4.84,REFUND,REFUNDED,SIMULATED return linked to an AdventureWorks order line,synthetic_extension,1.0.0,BASELINE,20260728,2026-07-28T00:00:00.000Z
RET-002252,SO71698,3,SHP-024413,22855,482,3,9,6,RR-004,2013-12-19,2013-12-24,2013-12-28,1,1,8.99,8.72,REFUND,REFUNDED,SIMULATED return linked to an AdventureWorks order line,synthetic_extension,1.0.0,BASELINE,20260728,2026-07-28T00:00:00.000Z
RET-002253,SO71708,2,SHP-024423,11500,225,3,6,19,RR-002,2013-12-20,2013-12-30,2014-01-02,1,1,8.99,8.72,REFUND,REFUNDED,SIMULATED return linked to an AdventureWorks order line,synthetic_extension,1.0.0,SCN_RET_CLOTHING_SIZE_SPIKE,20260728,2026-07-28T00:00:00.000Z
RET-002254,SO71708,3,SHP-024423,11500,237,3,6,19,RR-001,2013-12-21,2013-12-28,2013-12-30,1,1,49.99,48.49,REFUND,REFUNDED,SIMULATED return linked to an AdventureWorks order line,synthetic_extension,1.0.0,SCN_RET_CLOTHING_SIZE_SPIKE,20260728,2026-07-28T00:00:00.000Z
RET-002255,SO71716,2,SHP-024431,11520,463,3,6,19,RR-001,2013-12-22,2013-12-25,2013-12-27,1,1,24.49,23.76,REFUND,REFUNDED,SIMULATED return linked to an AdventureWorks order line,synthetic_extension,1.0.0,SCN_RET_CLOTHING_SIZE_SPIKE,20260728,2026-07-28T00:00:00.000Z
RET-002256,SO71717,3,SHP-024432,23686,467,3,4,100,RR-001,2013-12-24,2013-12-31,2014-01-02,1,1,24.49,23.76,REFUND,REFUNDED,SIMULATED return linked to an AdventureWorks order line,synthetic_extension,1.0.0,SCN_RET_CLOTHING_SIZE_SPIKE,20260728,2026-07-28T00:00:00.000Z
RET-002257,SO71735,1,SHP-024450,11980,528,4,4,100,RR-004,2013-12-10,2013-12-19,2013-12-23,1,1,4.99,4.84,REFUND,REFUNDED,SIMULATED return linked to an AdventureWorks order line,synthetic_extension,1.0.0,BASELINE,20260728,2026-07-28T00:00:00.000Z
RET-002258,SO71735,2,SHP-024450,11980,537,4,4,100,RR-003,2013-12-11,2013-12-17,2013-12-20,1,1,35,33.95,REFUND,REFUNDED,SIMULATED return linked to an AdventureWorks order line,synthetic_extension,1.0.0,BASELINE,20260728,2026-07-28T00:00:00.000Z
RET-002259,SO71735,3,SHP-024450,11980,467,3,4,100,RR-006,2013-12-12,2013-12-15,2013-12-17,1,1,24.49,23.76,REFUND,REFUNDED,SIMULATED return linked to an AdventureWorks order line,synthetic_extension,1.0.0,BASELINE,20260728,2026-07-28T00:00:00.000Z
RET-002260,SO71735,4,SHP-024450,11980,214,4,4,100,RR-005,2013-12-23,2013-12-31,2014-01-01,1,1,34.99,33.94,REFUND,REFUNDED,SIMULATED return linked to an AdventureWorks order line,synthetic_extension,1.0.0,BASELINE,20260728,2026-07-28T00:00:00.000Z
RET-002261,SO71741,2,SHP-024456,18785,225,3,6,19,RR-001,2013-12-20,2013-12-27,2013-12-29,1,1,8.99,8.72,REFUND,REFUNDED,SIMULATED return linked to an AdventureWorks order line,synthetic_extension,1.0.0,SCN_RET_CLOTHING_SIZE_SPIKE,20260728,2026-07-28T00:00:00.000Z
RET-002262,SO71751,2,SHP-024466,26437,237,3,9,6,RR-002,2013-12-18,2013-12-26,2013-12-27,1,1,49.99,48.49,REFUND,REFUNDED,SIMULATED return linked to an AdventureWorks order line,synthetic_extension,1.0.0,SCN_RET_CLOTHING_SIZE_SPIKE,20260728,2026-07-28T00:00:00.000Z
RET-002263,SO71752,2,SHP-024467,25919,225,3,9,6,RR-001,2013-12-26,2013-12-29,2013-12-31,1,1,8.99,8.72,REFUND,REFUNDED,SIMULATED return linked to an AdventureWorks order line,synthetic_extension,1.0.0,SCN_RET_CLOTHING_SIZE_SPIKE,20260728,2026-07-28T00:00:00.000Z
RET-002264,SO71758,2,SHP-024473,11167,491,3,1,100,RR-001,2013-12-11,2013-12-20,2013-12-24,1,1,53.99,52.37,REFUND,REFUNDED,SIMULATED return linked to an AdventureWorks order line,synthetic_extension,1.0.0,SCN_RET_CLOTHING_SIZE_SPIKE,20260728,2026-07-28T00:00:00.000Z
RET-002265,SO71759,2,SHP-024474,26005,482,3,1,100,RR-002,2013-12-13,2013-12-21,2013-12-22,1,1,8.99,8.72,REFUND,REFUNDED,SIMULATED return linked to an AdventureWorks order line,synthetic_extension,1.0.0,SCN_RET_CLOTHING_SIZE_SPIKE,20260728,2026-07-28T00:00:00.000Z
RET-002266,SO71767,3,SHP-024482,17865,490,3,6,19,RR-002,2013-12-17,2013-12-23,2013-12-26,1,1,53.99,52.37,REFUND,REFUNDED,SIMULATED return linked to an AdventureWorks order line,synthetic_extension,1.0.0,SCN_RET_CLOTHING_SIZE_SPIKE,20260728,2026-07-28T00:00:00.000Z
RET-002267,SO71954,1,SHP-024490,11856,228,3,1,100,RR-002,2013-12-22,2013-12-30,2013-12-31,1,1,49.99,48.49,REFUND,REFUNDED,SIMULATED return linked to an AdventureWorks order line,synthetic_extension,1.0.0,SCN_RET_CLOTHING_SIZE_SPIKE,20260728,2026-07-28T00:00:00.000Z
RET-002268,SO71957,1,SHP-024493,11149,225,3,9,6,RR-001,2013-12-28,2013-12-31,2014-01-02,1,1,8.99,8.72,REFUND,REFUNDED,SIMULATED return linked to an AdventureWorks order line,synthetic_extension,1.0.0,SCN_RET_CLOTHING_SIZE_SPIKE,20260728,2026-07-28T00:00:00.000Z
RET-002269,SO71969,1,SHP-024505,12892,225,3,6,19,RR-002,2013-12-24,2013-12-28,2013-12-29,1,1,8.99,8.72,REFUND,REFUNDED,SIMULATED return linked to an AdventureWorks order line,synthetic_extension,1.0.0,SCN_RET_CLOTHING_SIZE_SPIKE,20260728,2026-07-28T00:00:00.000Z
RET-002270,SO71969,2,SHP-024505,12892,474,3,6,19,RR-001,2013-12-27,2013-12-30,2014-01-01,1,1,69.99,67.89,REFUND,REFUNDED,SIMULATED return linked to an AdventureWorks order line,synthetic_extension,1.0.0,SCN_RET_CLOTHING_SIZE_SPIKE,20260728,2026-07-28T00:00:00.000Z
RET-002271,SO71975,1,SHP-024511,14787,541,4,10,98,RR-006,2013-12-28,2014-01-04,2014-01-06,1,1,28.99,28.12,REFUND,REFUNDED,SIMULATED return linked to an AdventureWorks order line,synthetic_extension,1.0.0,BASELINE,20260728,2026-07-28T00:00:00.000Z
RET-002272,SO71975,2,SHP-024511,14787,530,4,10,98,RR-005,2013-12-25,2014-01-02,2014-01-03,1,1,4.99,4.84,REFUND,REFUNDED,SIMULATED return linked to an AdventureWorks order line,synthetic_extension,1.0.0,BASELINE,20260728,2026-07-28T00:00:00.000Z
RET-002273,SO71975,3,SHP-024511,14787,222,4,10,98,RR-004,2013-12-26,2013-12-31,2014-01-04,1,1,34.99,33.94,REFUND,REFUNDED,SIMULATED return linked to an AdventureWorks order line,synthetic_extension,1.0.0,BASELINE,20260728,2026-07-28T00:00:00.000Z
RET-002274,SO71983,2,SHP-024519,27180,489,3,8,100,RR-001,2013-12-26,2014-01-02,2014-01-04,1,1,53.99,52.37,REFUND,REFUNDED,SIMULATED return linked to an AdventureWorks order line,synthetic_extension,1.0.0,SCN_RET_CLOTHING_SIZE_SPIKE,20260728,2026-07-28T00:00:00.000Z
RET-002275,SO71992,2,SHP-024528,19329,225,3,8,100,RR-001,2014-01-07,2014-01-12,2014-01-16,1,1,8.99,8.72,REFUND,REFUNDED,SIMULATED return linked to an AdventureWorks order line,synthetic_extension,1.0.0,SCN_RET_CLOTHING_SIZE_SPIKE,20260728,2026-07-28T00:00:00.000Z
RET-002276,SO71992,3,SHP-024528,19329,237,3,8,100,RR-002,2014-01-06,2014-01-14,2014-01-15,1,1,49.99,48.49,REFUND,REFUNDED,SIMULATED return linked to an AdventureWorks order line,synthetic_extension,1.0.0,SCN_RET_CLOTHING_SIZE_SPIKE,20260728,2026-07-28T00:00:00.000Z
RET-002277,SO72000,2,SHP-024536,13636,491,3,9,6,RR-002,2013-12-25,2014-01-02,2014-01-03,1,1,53.99,52.37,REFUND,REFUNDED,SIMULATED return linked to an AdventureWorks order line,synthetic_extension,1.0.0,SCN_RET_CLOTHING_SIZE_SPIKE,20260728,2026-07-28T00:00:00.000Z
RET-002278,SO72017,3,SHP-024553,25149,481,3,1,100,RR-001,2013-12-15,2013-12-24,2013-12-28,1,1,8.99,8.72,REFUND,REFUNDED,SIMULATED return linked to an AdventureWorks order line,synthetic_extension,1.0.0,SCN_RET_CLOTHING_SIZE_SPIKE,20260728,2026-07-28T00:00:00.000Z
RET-002279,SO72022,1,SHP-024558,17457,477,4,1,100,RR-006,2013-12-27,2014-01-03,2014-01-05,1,1,4.99,4.84,REFUND,REFUNDED,SIMULATED return linked to an AdventureWorks order line,synthetic_extension,1.0.0,BASELINE,20260728,2026-07-28T00:00:00.000Z
RET-002280,SO72022,2,SHP-024558,17457,231,3,1,100,RR-002,2013-12-24,2014-01-01,2014-01-02,1,1,49.99,48.49,REFUND,REFUNDED,SIMULATED return linked to an AdventureWorks order line,synthetic_extension,1.0.0,SCN_RET_CLOTHING_SIZE_SPIKE,20260728,2026-07-28T00:00:00.000Z
RET-002281,SO72056,1,SHP-024592,18976,580,1,1,100,RR-003,2013-12-22,2013-12-28,2013-12-31,1,1,1700.99,1649.96,REFUND,REFUNDED,SIMULATED return linked to an AdventureWorks order line,synthetic_extension,1.0.0,BASELINE,20260728,2026-07-28T00:00:00.000Z
RET-002282,SO72056,2,SHP-024592,18976,228,3,1,100,RR-001,2013-12-21,2013-12-30,2014-01-03,1,1,49.99,48.49,REFUND,REFUNDED,SIMULATED return linked to an AdventureWorks order line,synthetic_extension,1.0.0,SCN_RET_CLOTHING_SIZE_SPIKE,20260728,2026-07-28T00:00:00.000Z
RET-002283,SO72057,3,SHP-024593,18806,228,3,1,100,RR-001,2013-12-22,2013-12-27,2013-12-31,1,1,49.99,48.49,REFUND,REFUNDED,SIMULATED return linked to an AdventureWorks order line,synthetic_extension,1.0.0,SCN_RET_CLOTHING_SIZE_SPIKE,20260728,2026-07-28T00:00:00.000Z
RET-002284,SO72061,1,SHP-024597,13035,592,1,9,6,RR-005,2013-12-24,2014-01-01,2014-01-02,1,1,564.99,548.04,REFUND,REFUNDED,SIMULATED return linked to an AdventureWorks order line,synthetic_extension,1.0.0,BASELINE,20260728,2026-07-28T00:00:00.000Z
RET-002285,SO72061,3,SHP-024597,13035,225,3,9,6,RR-002,2013-12-26,2014-01-05,2014-01-08,1,1,8.99,8.72,REFUND,REFUNDED,SIMULATED return linked to an AdventureWorks order line,synthetic_extension,1.0.0,SCN_RET_CLOTHING_SIZE_SPIKE,20260728,2026-07-28T00:00:00.000Z
RET-002286,SO72074,1,SHP-024610,19364,353,1,8,100,RR-003,2014-01-02,2014-01-12,2014-01-15,1,1,2319.99,2250.39,REFUND,REFUNDED,SIMULATED return linked to an AdventureWorks order line,synthetic_extension,1.0.0,BASELINE,20260728,2026-07-28T00:00:00.000Z
RET-002287,SO72074,2,SHP-024610,19364,214,4,8,100,RR-004,2014-01-01,2014-01-06,2014-01-10,1,1,34.99,33.94,REFUND,REFUNDED,SIMULATED return linked to an AdventureWorks order line,synthetic_extension,1.0.0,BASELINE,20260728,2026-07-28T00:00:00.000Z
RET-002288,SO72074,3,SHP-024610,19364,225,3,8,100,RR-002,2013-12-31,2014-01-08,2014-01-09,1,1,8.99,8.72,REFUND,REFUNDED,SIMULATED return linked to an AdventureWorks order line,synthetic_extension,1.0.0,SCN_RET_CLOTHING_SIZE_SPIKE,20260728,2026-07-28T00:00:00.000Z
RET-002289,SO72080,1,SHP-024616,11211,535,4,6,19,RR-006,2013-12-30,2014-01-06,2014-01-08,1,1,24.99,24.24,REFUND,REFUNDED,SIMULATED return linked to an AdventureWorks order line,synthetic_extension,1.0.0,BASELINE,20260728,2026-07-28T00:00:00.000Z
RET-002290,SO72080,2,SHP-024616,11211,528,4,6,19,RR-005,2013-12-27,2014-01-04,2014-01-05,1,1,4.99,4.84,REFUND,REFUNDED,SIMULATED return linked to an AdventureWorks order line,synthetic_extension,1.0.0,BASELINE,20260728,2026-07-28T00:00:00.000Z
RET-002291,SO72080,3,SHP-024616,11211,484,4,6,19,RR-004,2013-12-28,2014-01-02,2014-01-06,1,1,7.95,7.71,REFUND,REFUNDED,SIMULATED return linked to an AdventureWorks order line,synthetic_extension,1.0.0,BASELINE,20260728,2026-07-28T00:00:00.000Z
RET-002292,SO72086,1,SHP-024622,18991,476,3,1,100,RR-001,2013-12-26,2014-01-04,2014-01-08,1,1,69.99,67.89,REFUND,REFUNDED,SIMULATED return linked to an AdventureWorks order line,synthetic_extension,1.0.0,SCN_RET_CLOTHING_SIZE_SPIKE,20260728,2026-07-28T00:00:00.000Z
RET-002293,SO72101,1,SHP-024637,26567,382,1,9,6,RR-006,2013-12-22,2013-12-29,2013-12-31,1,1,1120.49,1086.88,REFUND,REFUNDED,SIMULATED return linked to an AdventureWorks order line,synthetic_extension,1.0.0,BASELINE,20260728,2026-07-28T00:00:00.000Z
RET-002294,SO72101,2,SHP-024637,26567,490,3,9,6,RR-002,2013-12-19,2013-12-27,2013-12-28,1,1,53.99,52.37,REFUND,REFUNDED,SIMULATED return linked to an AdventureWorks order line,synthetic_extension,1.0.0,SCN_RET_CLOTHING_SIZE_SPIKE,20260728,2026-07-28T00:00:00.000Z
RET-002295,SO72119,2,SHP-024655,19321,214,4,8,100,RR-006,2014-01-09,2014-01-16,2014-01-18,1,1,34.99,33.94,REFUND,REFUNDED,SIMULATED return linked to an AdventureWorks order line,synthetic_extension,1.0.0,BASELINE,20260728,2026-07-28T00:00:00.000Z
RET-002296,SO72123,2,SHP-024659,28516,538,4,10,98,RR-005,2014-01-06,2014-01-10,2014-01-11,1,1,21.49,20.85,REFUND,REFUNDED,SIMULATED return linked to an AdventureWorks order line,synthetic_extension,1.0.0,BASELINE,20260728,2026-07-28T00:00:00.000Z
RET-002297,SO72123,3,SHP-024659,28516,480,4,10,98,RR-004,2014-01-07,2014-01-16,2014-01-20,1,1,2.29,2.22,REFUND,REFUNDED,SIMULATED return linked to an AdventureWorks order line,synthetic_extension,1.0.0,BASELINE,20260728,2026-07-28T00:00:00.000Z
RET-002298,SO72124,2,SHP-024660,24056,529,4,7,100,RR-006,2013-12-17,2013-12-20,2013-12-22,1,1,3.99,3.87,REFUND,REFUNDED,SIMULATED return linked to an AdventureWorks order line,synthetic_extension,1.0.0,BASELINE,20260728,2026-07-28T00:00:00.000Z
RET-002299,SO72124,3,SHP-024660,24056,538,4,7,100,RR-003,2014-01-03,2014-01-09,2014-01-12,1,1,21.49,20.85,REFUND,REFUNDED,SIMULATED return linked to an AdventureWorks order line,synthetic_extension,1.0.0,BASELINE,20260728,2026-07-28T00:00:00.000Z
RET-002300,SO72156,1,SHP-024692,29421,463,3,7,98,RR-001,2013-12-25,2013-12-28,2013-12-30,1,1,24.49,23.76,REFUND,REFUNDED,SIMULATED return linked to an AdventureWorks order line,synthetic_extension,1.0.0,SCN_RET_CLOTHING_SIZE_SPIKE,20260728,2026-07-28T00:00:00.000Z
RET-002301,SO72156,2,SHP-024692,29421,488,3,7,98,RR-002,2014-01-09,2014-01-13,2014-01-14,1,1,53.99,52.37,REFUND,REFUNDED,SIMULATED return linked to an AdventureWorks order line,synthetic_extension,1.0.0,SCN_RET_CLOTHING_SIZE_SPIKE,20260728,2026-07-28T00:00:00.000Z
RET-002302,SO72177,2,SHP-024713,22246,228,3,4,100,RR-001,2013-12-17,2013-12-24,2013-12-26,1,1,49.99,48.49,REFUND,REFUNDED,SIMULATED return linked to an AdventureWorks order line,synthetic_extension,1.0.0,SCN_RET_CLOTHING_SIZE_SPIKE,20260728,2026-07-28T00:00:00.000Z
RET-002303,SO72199,1,SHP-024735,11314,480,4,1,100,RR-005,2013-12-26,2014-01-03,2014-01-04,1,1,2.29,2.22,REFUND,REFUNDED,SIMULATED return linked to an AdventureWorks order line,synthetic_extension,1.0.0,BASELINE,20260728,2026-07-28T00:00:00.000Z
RET-002304,SO72217,2,SHP-024753,13375,231,3,4,100,RR-002,2013-12-20,2013-12-30,2014-01-02,1,1,49.99,48.49,REFUND,REFUNDED,SIMULATED return linked to an AdventureWorks order line,synthetic_extension,1.0.0,SCN_RET_CLOTHING_SIZE_SPIKE,20260728,2026-07-28T00:00:00.000Z
RET-002305,SO72220,2,SHP-024756,17854,528,4,8,100,RR-005,2014-01-08,2014-01-16,2014-01-17,1,1,4.99,4.84,REFUND,REFUNDED,SIMULATED return linked to an AdventureWorks order line,synthetic_extension,1.0.0,BASELINE,20260728,2026-07-28T00:00:00.000Z
RET-002306,SO72220,3,SHP-024756,17854,222,4,8,100,RR-004,2014-01-09,2014-01-14,2014-01-18,1,1,34.99,33.94,REFUND,REFUNDED,SIMULATED return linked to an AdventureWorks order line,synthetic_extension,1.0.0,BASELINE,20260728,2026-07-28T00:00:00.000Z
RET-002307,SO72221,3,SHP-024757,16471,465,3,7,100,RR-005,2014-01-10,2014-01-14,2014-01-15,1,1,24.49,23.76,REFUND,REFUNDED,SIMULATED return linked to an AdventureWorks order line,synthetic_extension,1.0.0,BASELINE,20260728,2026-07-28T00:00:00.000Z
RET-002308,SO72228,1,SHP-024764,24552,529,4,7,100,RR-006,2014-01-07,2014-01-14,2014-01-16,1,1,3.99,3.87,REFUND,REFUNDED,SIMULATED return linked to an AdventureWorks order line,synthetic_extension,1.0.0,BASELINE,20260728,2026-07-28T00:00:00.000Z
RET-002309,SO72235,2,SHP-024771,28886,225,3,7,100,RR-002,2014-01-08,2014-01-14,2014-01-17,1,1,8.99,8.72,REFUND,REFUNDED,SIMULATED return linked to an AdventureWorks order line,synthetic_extension,1.0.0,SCN_RET_CLOTHING_SIZE_SPIKE,20260728,2026-07-28T00:00:00.000Z
RET-002310,SO72238,3,SHP-024774,16125,225,3,6,19,RR-003,2014-01-05,2014-01-11,2014-01-14,1,1,8.99,8.72,REFUND,REFUNDED,SIMULATED return linked to an AdventureWorks order line,synthetic_extension,1.0.0,BASELINE,20260728,2026-07-28T00:00:00.000Z
RET-002311,SO72263,1,SHP-024799,20955,386,1,7,100,RR-005,2014-01-08,2014-01-16,2014-01-17,1,1,1120.49,1086.88,REFUND,REFUNDED,SIMULATED return linked to an AdventureWorks order line,synthetic_extension,1.0.0,BASELINE,20260728,2026-07-28T00:00:00.000Z
RET-002312,SO72263,2,SHP-024799,20955,214,4,7,100,RR-006,2014-01-11,2014-01-18,2014-01-20,1,1,34.99,33.94,REFUND,REFUNDED,SIMULATED return linked to an AdventureWorks order line,synthetic_extension,1.0.0,BASELINE,20260728,2026-07-28T00:00:00.000Z
RET-002313,SO72263,3,SHP-024799,20955,225,3,7,100,RR-002,2014-01-10,2014-01-20,2014-01-23,1,1,8.99,8.72,REFUND,REFUNDED,SIMULATED return linked to an AdventureWorks order line,synthetic_extension,1.0.0,SCN_RET_CLOTHING_SIZE_SPIKE,20260728,2026-07-28T00:00:00.000Z
RET-002314,SO72271,1,SHP-024807,13036,595,1,9,6,RR-004,2013-12-31,2014-01-09,2014-01-13,1,1,564.99,548.04,REFUND,REFUNDED,SIMULATED return linked to an AdventureWorks order line,synthetic_extension,1.0.0,BASELINE,20260728,2026-07-28T00:00:00.000Z
RET-002315,SO72271,2,SHP-024807,13036,489,3,9,6,RR-002,2014-01-01,2014-01-07,2014-01-10,1,1,53.99,52.37,REFUND,REFUNDED,SIMULATED return linked to an AdventureWorks order line,synthetic_extension,1.0.0,SCN_RET_CLOTHING_SIZE_SPIKE,20260728,2026-07-28T00:00:00.000Z
RET-002316,SO72271,3,SHP-024807,13036,225,3,9,6,RR-001,2014-01-02,2014-01-05,2014-01-07,1,1,8.99,8.72,REFUND,REFUNDED,SIMULATED return linked to an AdventureWorks order line,synthetic_extension,1.0.0,SCN_RET_CLOTHING_SIZE_SPIKE,20260728,2026-07-28T00:00:00.000Z
RET-002317,SO72278,1,SHP-024814,18286,529,4,9,6,RR-005,2014-01-04,2014-01-12,2014-01-13,1,1,3.99,3.87,REFUND,REFUNDED,SIMULATED return linked to an AdventureWorks order line,synthetic_extension,1.0.0,BASELINE,20260728,2026-07-28T00:00:00.000Z
RET-002318,SO72278,2,SHP-024814,18286,540,4,9,6,RR-006,2013-12-20,2013-12-27,2013-12-29,1,1,32.6,31.62,REFUND,REFUNDED,SIMULATED return linked to an AdventureWorks order line,synthetic_extension,1.0.0,BASELINE,20260728,2026-07-28T00:00:00.000Z
RET-002319,SO72278,3,SHP-024814,18286,214,4,9,6,RR-003,2014-01-06,2014-01-16,2014-01-19,1,1,34.99,33.94,REFUND,REFUNDED,SIMULATED return linked to an AdventureWorks order line,synthetic_extension,1.0.0,BASELINE,20260728,2026-07-28T00:00:00.000Z
RET-002320,SO72280,3,SHP-024816,13120,490,3,9,6,RR-001,2013-12-27,2014-01-03,2014-01-05,1,1,53.99,52.37,REFUND,REFUNDED,SIMULATED return linked to an AdventureWorks order line,synthetic_extension,1.0.0,SCN_RET_CLOTHING_SIZE_SPIKE,20260728,2026-07-28T00:00:00.000Z
RET-002321,SO72288,1,SHP-024824,11842,234,3,1,100,RR-001,2013-12-18,2013-12-23,2013-12-27,1,1,49.99,48.49,REFUND,REFUNDED,SIMULATED return linked to an AdventureWorks order line,synthetic_extension,1.0.0,SCN_RET_CLOTHING_SIZE_SPIKE,20260728,2026-07-28T00:00:00.000Z
RET-002322,SO72288,2,SHP-024824,11842,225,3,1,100,RR-002,2013-12-19,2013-12-29,2014-01-01,1,1,8.99,8.72,REFUND,REFUNDED,SIMULATED return linked to an AdventureWorks order line,synthetic_extension,1.0.0,SCN_RET_CLOTHING_SIZE_SPIKE,20260728,2026-07-28T00:00:00.000Z
RET-002323,SO72295,1,SHP-024831,16849,475,3,6,19,RR-001,2014-01-04,2014-01-11,2014-01-13,1,1,69.99,67.89,REFUND,REFUNDED,SIMULATED return linked to an AdventureWorks order line,synthetic_extension,1.0.0,SCN_RET_CLOTHING_SIZE_SPIKE,20260728,2026-07-28T00:00:00.000Z
RET-002324,SO72295,2,SHP-024831,16849,228,3,6,19,RR-002,2014-01-01,2014-01-09,2014-01-10,1,1,49.99,48.49,REFUND,REFUNDED,SIMULATED return linked to an AdventureWorks order line,synthetic_extension,1.0.0,SCN_RET_CLOTHING_SIZE_SPIKE,20260728,2026-07-28T00:00:00.000Z
RET-002325,SO72300,2,SHP-024836,23827,225,3,6,19,RR-001,2013-12-24,2013-12-27,2013-12-29,1,1,8.99,8.72,REFUND,REFUNDED,SIMULATED return linked to an AdventureWorks order line,synthetic_extension,1.0.0,SCN_RET_CLOTHING_SIZE_SPIKE,20260728,2026-07-28T00:00:00.000Z
RET-002326,SO72310,3,SHP-024846,12611,465,3,10,98,RR-001,2014-01-06,2014-01-11,2014-01-15,1,1,24.49,23.76,REFUND,REFUNDED,SIMULATED return linked to an AdventureWorks order line,synthetic_extension,1.0.0,SCN_RET_CLOTHING_SIZE_SPIKE,20260728,2026-07-28T00:00:00.000Z
RET-002327,SO72316,3,SHP-024852,18862,463,3,4,100,RR-001,2013-12-20,2013-12-23,2013-12-25,1,1,24.49,23.76,REFUND,REFUNDED,SIMULATED return linked to an AdventureWorks order line,synthetic_extension,1.0.0,SCN_RET_CLOTHING_SIZE_SPIKE,20260728,2026-07-28T00:00:00.000Z
RET-002328,SO72317,1,SHP-024853,13734,359,1,4,100,RR-005,2014-01-02,2014-01-10,2014-01-11,1,1,2294.99,2226.14,REFUND,REFUNDED,SIMULATED return linked to an AdventureWorks order line,synthetic_extension,1.0.0,BASELINE,20260728,2026-07-28T00:00:00.000Z
RET-002329,SO72317,2,SHP-024853,13734,485,4,4,100,RR-006,2013-12-18,2013-12-25,2013-12-27,1,1,21.98,21.32,REFUND,REFUNDED,SIMULATED return linked to an AdventureWorks order line,synthetic_extension,1.0.0,BASELINE,20260728,2026-07-28T00:00:00.000Z
RET-002330,SO72317,3,SHP-024853,13734,478,4,4,100,RR-003,2013-12-17,2013-12-27,2013-12-30,1,1,9.99,9.69,REFUND,REFUNDED,SIMULATED return linked to an AdventureWorks order line,synthetic_extension,1.0.0,BASELINE,20260728,2026-07-28T00:00:00.000Z
RET-002331,SO72330,2,SHP-024866,26589,489,3,9,6,RR-002,2013-12-30,2014-01-09,2014-01-12,1,1,53.99,52.37,REFUND,REFUNDED,SIMULATED return linked to an AdventureWorks order line,synthetic_extension,1.0.0,SCN_RET_CLOTHING_SIZE_SPIKE,20260728,2026-07-28T00:00:00.000Z
RET-002332,SO72330,3,SHP-024866,26589,225,3,9,6,RR-001,2013-12-31,2014-01-07,2014-01-09,1,1,8.99,8.72,REFUND,REFUNDED,SIMULATED return linked to an AdventureWorks order line,synthetic_extension,1.0.0,SCN_RET_CLOTHING_SIZE_SPIKE,20260728,2026-07-28T00:00:00.000Z
RET-002333,SO72338,1,SHP-024874,15905,561,1,6,19,RR-004,2013-12-29,2014-01-03,2014-01-07,1,1,2384.07,2312.55,REFUND,REFUNDED,SIMULATED return linked to an AdventureWorks order line,synthetic_extension,1.0.0,BASELINE,20260728,2026-07-28T00:00:00.000Z
RET-002334,SO72338,2,SHP-024874,15905,479,4,6,19,RR-003,2013-12-30,2014-01-09,2014-01-12,1,1,8.99,8.72,REFUND,REFUNDED,SIMULATED return linked to an AdventureWorks order line,synthetic_extension,1.0.0,BASELINE,20260728,2026-07-28T00:00:00.000Z
RET-002335,SO72338,3,SHP-024874,15905,477,4,6,19,RR-006,2013-12-31,2014-01-07,2014-01-09,1,1,4.99,4.84,REFUND,REFUNDED,SIMULATED return linked to an AdventureWorks order line,synthetic_extension,1.0.0,BASELINE,20260728,2026-07-28T00:00:00.000Z
RET-002336,SO72340,2,SHP-024876,23880,477,4,4,100,RR-006,2014-01-01,2014-01-08,2014-01-10,1,1,4.99,4.84,REFUND,REFUNDED,SIMULATED return linked to an AdventureWorks order line,synthetic_extension,1.0.0,BASELINE,20260728,2026-07-28T00:00:00.000Z
RET-002337,SO72340,3,SHP-024876,23880,479,4,4,100,RR-003,2013-12-31,2014-01-10,2014-01-13,1,1,8.99,8.72,REFUND,REFUNDED,SIMULATED return linked to an AdventureWorks order line,synthetic_extension,1.0.0,BASELINE,20260728,2026-07-28T00:00:00.000Z
RET-002338,SO72341,3,SHP-024877,29001,231,3,6,19,RR-001,2014-01-04,2014-01-07,2014-01-09,1,1,49.99,48.49,REFUND,REFUNDED,SIMULATED return linked to an AdventureWorks order line,synthetic_extension,1.0.0,SCN_RET_CLOTHING_SIZE_SPIKE,20260728,2026-07-28T00:00:00.000Z
RET-002339,SO72348,2,SHP-024884,14732,237,3,1,100,RR-006,2013-12-29,2014-01-05,2014-01-07,1,1,49.99,48.49,REFUND,REFUNDED,SIMULATED return linked to an AdventureWorks order line,synthetic_extension,1.0.0,BASELINE,20260728,2026-07-28T00:00:00.000Z
RET-002340,SO72349,2,SHP-024885,19293,231,3,7,100,RR-002,2013-12-28,2014-01-03,2014-01-06,1,1,49.99,48.49,REFUND,REFUNDED,SIMULATED return linked to an AdventureWorks order line,synthetic_extension,1.0.0,SCN_RET_CLOTHING_SIZE_SPIKE,20260728,2026-07-28T00:00:00.000Z
RET-002341,SO72363,1,SHP-024899,15727,217,4,9,6,RR-004,2013-12-20,2013-12-25,2013-12-29,1,1,34.99,33.94,REFUND,REFUNDED,SIMULATED return linked to an AdventureWorks order line,synthetic_extension,1.0.0,BASELINE,20260728,2026-07-28T00:00:00.000Z
RET-002342,SO72365,1,SHP-024901,13666,353,1,8,100,RR-006,2013-12-28,2013-12-31,2014-01-02,1,1,2319.99,2250.39,REFUND,REFUNDED,SIMULATED return linked to an AdventureWorks order line,synthetic_extension,1.0.0,BASELINE,20260728,2026-07-28T00:00:00.000Z
RET-002343,SO72372,4,SHP-024908,21154,465,3,4,100,RR-002,2013-12-24,2014-01-03,2014-01-06,1,1,24.49,23.76,REFUND,REFUNDED,SIMULATED return linked to an AdventureWorks order line,synthetic_extension,1.0.0,SCN_RET_CLOTHING_SIZE_SPIKE,20260728,2026-07-28T00:00:00.000Z
RET-002344,SO72407,2,SHP-024943,13462,485,4,1,100,RR-006,2013-12-28,2013-12-31,2014-01-02,1,1,21.98,21.32,REFUND,REFUNDED,SIMULATED return linked to an AdventureWorks order line,synthetic_extension,1.0.0,BASELINE,20260728,2026-07-28T00:00:00.000Z
RET-002345,SO72407,3,SHP-024943,13462,222,4,1,100,RR-003,2013-12-27,2014-01-02,2014-01-05,1,1,34.99,33.94,REFUND,REFUNDED,SIMULATED return linked to an AdventureWorks order line,synthetic_extension,1.0.0,BASELINE,20260728,2026-07-28T00:00:00.000Z
RET-002346,SO72407,4,SHP-024943,13462,463,3,1,100,RR-001,2013-12-22,2013-12-27,2013-12-31,1,1,24.49,23.76,REFUND,REFUNDED,SIMULATED return linked to an AdventureWorks order line,synthetic_extension,1.0.0,SCN_RET_CLOTHING_SIZE_SPIKE,20260728,2026-07-28T00:00:00.000Z
RET-002347,SO72408,2,SHP-024944,18513,485,4,4,100,RR-005,2013-12-18,2013-12-22,2013-12-23,1,1,21.98,21.32,REFUND,REFUNDED,SIMULATED return linked to an AdventureWorks order line,synthetic_extension,1.0.0,BASELINE,20260728,2026-07-28T00:00:00.000Z
RET-002348,SO72410,1,SHP-024946,13693,577,1,10,98,RR-005,2013-12-31,2014-01-08,2014-01-09,1,1,1214.85,1178.4,REFUND,REFUNDED,SIMULATED return linked to an AdventureWorks order line,synthetic_extension,1.0.0,BASELINE,20260728,2026-07-28T00:00:00.000Z
RET-002349,SO72410,2,SHP-024946,13693,541,4,10,98,RR-006,2014-01-03,2014-01-10,2014-01-12,1,1,28.99,28.12,REFUND,REFUNDED,SIMULATED return linked to an AdventureWorks order line,synthetic_extension,1.0.0,BASELINE,20260728,2026-07-28T00:00:00.000Z
RET-002350,SO72410,3,SHP-024946,13693,530,4,10,98,RR-003,2014-01-02,2014-01-12,2014-01-15,1,1,4.99,4.84,REFUND,REFUNDED,SIMULATED return linked to an AdventureWorks order line,synthetic_extension,1.0.0,BASELINE,20260728,2026-07-28T00:00:00.000Z
RET-002351,SO72410,4,SHP-024946,13693,467,3,10,98,RR-001,2014-01-05,2014-01-14,2014-01-18,1,1,24.49,23.76,REFUND,REFUNDED,SIMULATED return linked to an AdventureWorks order line,synthetic_extension,1.0.0,SCN_RET_CLOTHING_SIZE_SPIKE,20260728,2026-07-28T00:00:00.000Z
RET-002352,SO72411,4,SHP-024947,19476,471,3,8,100,RR-002,2014-01-04,2014-01-12,2014-01-13,1,1,63.5,61.59,REFUND,REFUNDED,SIMULATED return linked to an AdventureWorks order line,synthetic_extension,1.0.0,SCN_RET_CLOTHING_SIZE_SPIKE,20260728,2026-07-28T00:00:00.000Z
RET-002353,SO72412,3,SHP-024948,22913,467,3,9,6,RR-002,2013-12-28,2014-01-05,2014-01-06,1,1,24.49,23.76,REFUND,REFUNDED,SIMULATED return linked to an AdventureWorks order line,synthetic_extension,1.0.0,SCN_RET_CLOTHING_SIZE_SPIKE,20260728,2026-07-28T00:00:00.000Z
RET-002354,SO72419,2,SHP-024955,26647,472,3,4,100,RR-002,2013-12-26,2014-01-01,2014-01-04,1,1,63.5,61.59,REFUND,REFUNDED,SIMULATED return linked to an AdventureWorks order line,synthetic_extension,1.0.0,SCN_RET_CLOTHING_SIZE_SPIKE,20260728,2026-07-28T00:00:00.000Z
RET-002355,SO72430,2,SHP-024966,21929,225,3,4,100,RR-001,2014-01-03,2014-01-12,2014-01-16,1,1,8.99,8.72,REFUND,REFUNDED,SIMULATED return linked to an AdventureWorks order line,synthetic_extension,1.0.0,SCN_RET_CLOTHING_SIZE_SPIKE,20260728,2026-07-28T00:00:00.000Z
RET-002356,SO72430,3,SHP-024966,21929,491,3,4,100,RR-002,2014-01-02,2014-01-06,2014-01-07,1,1,53.99,52.37,REFUND,REFUNDED,SIMULATED return linked to an AdventureWorks order line,synthetic_extension,1.0.0,SCN_RET_CLOTHING_SIZE_SPIKE,20260728,2026-07-28T00:00:00.000Z
RET-002357,SO72435,4,SHP-024971,18173,225,3,10,98,RR-002,2014-01-06,2014-01-16,2014-01-19,1,1,8.99,8.72,REFUND,REFUNDED,SIMULATED return linked to an AdventureWorks order line,synthetic_extension,1.0.0,SCN_RET_CLOTHING_SIZE_SPIKE,20260728,2026-07-28T00:00:00.000Z
RET-002358,SO72438,4,SHP-024974,26549,465,3,9,6,RR-001,2013-12-29,2014-01-05,2014-01-07,1,1,24.49,23.76,REFUND,REFUNDED,SIMULATED return linked to an AdventureWorks order line,synthetic_extension,1.0.0,SCN_RET_CLOTHING_SIZE_SPIKE,20260728,2026-07-28T00:00:00.000Z
RET-002359,SO72441,1,SHP-024977,19580,528,4,9,6,RR-003,2013-12-27,2014-01-02,2014-01-05,1,1,4.99,4.84,REFUND,REFUNDED,SIMULATED return linked to an AdventureWorks order line,synthetic_extension,1.0.0,BASELINE,20260728,2026-07-28T00:00:00.000Z
RET-002360,SO72441,2,SHP-024977,19580,536,4,9,6,RR-004,2013-12-26,2014-01-04,2014-01-08,1,1,29.99,29.09,REFUND,REFUNDED,SIMULATED return linked to an AdventureWorks order line,synthetic_extension,1.0.0,BASELINE,20260728,2026-07-28T00:00:00.000Z
RET-002361,SO72441,3,SHP-024977,19580,485,4,9,6,RR-005,2013-12-25,2013-12-29,2013-12-30,1,1,21.98,21.32,REFUND,REFUNDED,SIMULATED return linked to an AdventureWorks order line,synthetic_extension,1.0.0,BASELINE,20260728,2026-07-28T00:00:00.000Z
RET-002362,SO72441,4,SHP-024977,19580,488,3,9,6,RR-001,2013-12-24,2013-12-31,2014-01-02,1,1,53.99,52.37,REFUND,REFUNDED,SIMULATED return linked to an AdventureWorks order line,synthetic_extension,1.0.0,SCN_RET_CLOTHING_SIZE_SPIKE,20260728,2026-07-28T00:00:00.000Z
RET-002363,SO72441,5,SHP-024977,19580,225,3,9,6,RR-002,2013-12-23,2014-01-02,2014-01-05,1,1,8.99,8.72,REFUND,REFUNDED,SIMULATED return linked to an AdventureWorks order line,synthetic_extension,1.0.0,SCN_RET_CLOTHING_SIZE_SPIKE,20260728,2026-07-28T00:00:00.000Z
RET-002364,SO72456,3,SHP-024992,23388,217,4,4,100,RR-005,2013-12-25,2014-01-02,2014-01-03,1,1,34.99,33.94,REFUND,REFUNDED,SIMULATED return linked to an AdventureWorks order line,synthetic_extension,1.0.0,BASELINE,20260728,2026-07-28T00:00:00.000Z
RET-002365,SO72457,1,SHP-024993,14567,478,4,6,19,RR-006,2014-01-08,2014-01-11,2014-01-13,1,1,9.99,9.69,REFUND,REFUNDED,SIMULATED return linked to an AdventureWorks order line,synthetic_extension,1.0.0,BASELINE,20260728,2026-07-28T00:00:00.000Z
RET-002366,SO72457,2,SHP-024993,14567,477,4,6,19,RR-005,2014-01-05,2014-01-09,2014-01-10,1,1,4.99,4.84,REFUND,REFUNDED,SIMULATED return linked to an AdventureWorks order line,synthetic_extension,1.0.0,BASELINE,20260728,2026-07-28T00:00:00.000Z
RET-002367,SO72467,2,SHP-025003,18138,490,3,7,100,RR-001,2014-01-10,2014-01-15,2014-01-19,1,1,53.99,52.37,REFUND,REFUNDED,SIMULATED return linked to an AdventureWorks order line,synthetic_extension,1.0.0,SCN_RET_CLOTHING_SIZE_SPIKE,20260728,2026-07-28T00:00:00.000Z
RET-002368,SO72469,3,SHP-025005,20137,225,3,8,100,RR-002,2014-01-13,2014-01-19,2014-01-22,1,1,8.99,8.72,REFUND,REFUNDED,SIMULATED return linked to an AdventureWorks order line,synthetic_extension,1.0.0,SCN_RET_CLOTHING_SIZE_SPIKE,20260728,2026-07-28T00:00:00.000Z
RET-002369,SO72478,4,SHP-025014,13201,484,4,6,19,RR-006,2013-12-24,2013-12-27,2013-12-29,1,1,7.95,7.71,REFUND,REFUNDED,SIMULATED return linked to an AdventureWorks order line,synthetic_extension,1.0.0,BASELINE,20260728,2026-07-28T00:00:00.000Z
RET-002370,SO72504,1,SHP-025040,18980,583,1,1,100,RR-003,2013-12-23,2013-12-29,2014-01-01,1,1,1700.99,1649.96,REFUND,REFUNDED,SIMULATED return linked to an AdventureWorks order line,synthetic_extension,1.0.0,BASELINE,20260728,2026-07-28T00:00:00.000Z
RET-002371,SO72504,2,SHP-025040,18980,228,3,1,100,RR-004,2013-12-22,2013-12-31,2014-01-04,1,1,49.99,48.49,REFUND,REFUNDED,SIMULATED return linked to an AdventureWorks order line,synthetic_extension,1.0.0,BASELINE,20260728,2026-07-28T00:00:00.000Z
RET-002372,SO72518,1,SHP-025054,12351,463,3,9,6,RR-001,2014-01-07,2014-01-12,2014-01-16,1,1,24.49,23.76,REFUND,REFUNDED,SIMULATED return linked to an AdventureWorks order line,synthetic_extension,1.0.0,SCN_RET_CLOTHING_SIZE_SPIKE,20260728,2026-07-28T00:00:00.000Z
RET-002373,SO72526,1,SHP-025062,12916,536,4,6,19,RR-003,2013-12-28,2014-01-07,2014-01-10,1,1,29.99,29.09,REFUND,REFUNDED,SIMULATED return linked to an AdventureWorks order line,synthetic_extension,1.0.0,BASELINE,20260728,2026-07-28T00:00:00.000Z
RET-002374,SO72527,3,SHP-025063,11262,463,3,6,19,RR-001,2014-01-09,2014-01-18,2014-01-22,1,1,24.49,23.76,REFUND,REFUNDED,SIMULATED return linked to an AdventureWorks order line,synthetic_extension,1.0.0,SCN_RET_CLOTHING_SIZE_SPIKE,20260728,2026-07-28T00:00:00.000Z
RET-002375,SO72530,1,SHP-025066,20521,478,4,1,100,RR-006,2013-12-29,2014-01-05,2014-01-07,1,1,9.99,9.69,REFUND,REFUNDED,SIMULATED return linked to an AdventureWorks order line,synthetic_extension,1.0.0,BASELINE,20260728,2026-07-28T00:00:00.000Z
RET-002376,SO72530,2,SHP-025066,20521,477,4,1,100,RR-005,2013-12-26,2014-01-03,2014-01-04,1,1,4.99,4.84,REFUND,REFUNDED,SIMULATED return linked to an AdventureWorks order line,synthetic_extension,1.0.0,BASELINE,20260728,2026-07-28T00:00:00.000Z
RET-002377,SO72530,3,SHP-025066,20521,480,4,1,100,RR-004,2013-12-27,2014-01-01,2014-01-05,1,1,2.29,2.22,REFUND,REFUNDED,SIMULATED return linked to an AdventureWorks order line,synthetic_extension,1.0.0,BASELINE,20260728,2026-07-28T00:00:00.000Z
RET-002378,SO72535,2,SHP-025071,20773,225,3,6,19,RR-001,2014-01-06,2014-01-11,2014-01-15,1,1,8.99,8.72,REFUND,REFUNDED,SIMULATED return linked to an AdventureWorks order line,synthetic_extension,1.0.0,SCN_RET_CLOTHING_SIZE_SPIKE,20260728,2026-07-28T00:00:00.000Z
RET-002379,SO72539,3,SHP-025075,23971,228,3,10,98,RR-002,2013-12-24,2013-12-28,2013-12-29,1,1,49.99,48.49,REFUND,REFUNDED,SIMULATED return linked to an AdventureWorks order line,synthetic_extension,1.0.0,SCN_RET_CLOTHING_SIZE_SPIKE,20260728,2026-07-28T00:00:00.000Z
RET-002380,SO72539,4,SHP-025075,23971,225,3,10,98,RR-001,2013-12-23,2013-12-30,2014-01-01,1,1,8.99,8.72,REFUND,REFUNDED,SIMULATED return linked to an AdventureWorks order line,synthetic_extension,1.0.0,SCN_RET_CLOTHING_SIZE_SPIKE,20260728,2026-07-28T00:00:00.000Z
RET-002381,SO72541,1,SHP-025077,23617,536,4,10,98,RR-006,2014-01-05,2014-01-12,2014-01-14,1,1,29.99,29.09,REFUND,REFUNDED,SIMULATED return linked to an AdventureWorks order line,synthetic_extension,1.0.0,BASELINE,20260728,2026-07-28T00:00:00.000Z
RET-002382,SO72544,4,SHP-025080,11726,473,3,1,100,RR-001,2013-12-21,2013-12-24,2013-12-26,1,1,63.5,61.59,REFUND,REFUNDED,SIMULATED return linked to an AdventureWorks order line,synthetic_extension,1.0.0,SCN_RET_CLOTHING_SIZE_SPIKE,20260728,2026-07-28T00:00:00.000Z
RET-002383,SO72548,4,SHP-025084,15422,467,3,1,100,RR-006,2013-12-19,2013-12-26,2013-12-28,1,1,24.49,23.76,REFUND,REFUNDED,SIMULATED return linked to an AdventureWorks order line,synthetic_extension,1.0.0,BASELINE,20260728,2026-07-28T00:00:00.000Z
RET-002384,SO72555,5,SHP-025091,18457,471,3,9,6,RR-002,2013-12-30,2014-01-07,2014-01-08,1,1,63.5,61.59,REFUND,REFUNDED,SIMULATED return linked to an AdventureWorks order line,synthetic_extension,1.0.0,SCN_RET_CLOTHING_SIZE_SPIKE,20260728,2026-07-28T00:00:00.000Z
RET-002385,SO72569,4,SHP-025105,23873,473,3,4,100,RR-005,2014-01-01,2014-01-09,2014-01-10,1,1,63.5,61.59,REFUND,REFUNDED,SIMULATED return linked to an AdventureWorks order line,synthetic_extension,1.0.0,BASELINE,20260728,2026-07-28T00:00:00.000Z
RET-002386,SO72606,1,SHP-025142,18993,474,3,4,100,RR-001,2013-12-28,2014-01-04,2014-01-06,1,1,69.99,67.89,REFUND,REFUNDED,SIMULATED return linked to an AdventureWorks order line,synthetic_extension,1.0.0,SCN_RET_CLOTHING_SIZE_SPIKE,20260728,2026-07-28T00:00:00.000Z
RET-002387,SO72606,2,SHP-025142,18993,228,3,4,100,RR-005,2013-12-25,2014-01-02,2014-01-03,1,1,49.99,48.49,REFUND,REFUNDED,SIMULATED return linked to an AdventureWorks order line,synthetic_extension,1.0.0,BASELINE,20260728,2026-07-28T00:00:00.000Z
RET-002388,SO72606,3,SHP-025142,18993,225,3,4,100,RR-004,2013-12-26,2013-12-31,2014-01-04,1,1,8.99,8.72,REFUND,REFUNDED,SIMULATED return linked to an AdventureWorks order line,synthetic_extension,1.0.0,BASELINE,20260728,2026-07-28T00:00:00.000Z
RET-002389,SO72618,1,SHP-025154,13724,359,1,4,100,RR-003,2013-12-23,2013-12-29,2014-01-01,1,1,2294.99,2226.14,REFUND,REFUNDED,SIMULATED return linked to an AdventureWorks order line,synthetic_extension,1.0.0,BASELINE,20260728,2026-07-28T00:00:00.000Z
RET-002390,SO72631,4,SHP-025167,22245,491,3,1,100,RR-002,2013-12-21,2013-12-29,2013-12-30,1,1,53.99,52.37,REFUND,REFUNDED,SIMULATED return linked to an AdventureWorks order line,synthetic_extension,1.0.0,SCN_RET_CLOTHING_SIZE_SPIKE,20260728,2026-07-28T00:00:00.000Z
RET-002391,SO72637,1,SHP-025173,29392,576,1,10,98,RR-006,2014-01-14,2014-01-21,2014-01-23,1,1,2384.07,2312.55,REFUND,REFUNDED,SIMULATED return linked to an AdventureWorks order line,synthetic_extension,1.0.0,BASELINE,20260728,2026-07-28T00:00:00.000Z
RET-002392,SO72637,2,SHP-025173,29392,482,3,10,98,RR-005,2014-01-11,2014-01-19,2014-01-20,1,1,8.99,8.72,REFUND,REFUNDED,SIMULATED return linked to an AdventureWorks order line,synthetic_extension,1.0.0,BASELINE,20260728,2026-07-28T00:00:00.000Z
RET-002393,SO72648,1,SHP-025184,27324,357,1,7,100,RR-004,2014-01-05,2014-01-10,2014-01-14,1,1,2319.99,2250.39,REFUND,REFUNDED,SIMULATED return linked to an AdventureWorks order line,synthetic_extension,1.0.0,BASELINE,20260728,2026-07-28T00:00:00.000Z
RET-002394,SO72648,2,SHP-025184,27324,478,4,7,100,RR-003,2014-01-06,2014-01-16,2014-01-19,1,1,9.99,9.69,REFUND,REFUNDED,SIMULATED return linked to an AdventureWorks order line,synthetic_extension,1.0.0,BASELINE,20260728,2026-07-28T00:00:00.000Z
RET-002395,SO72648,3,SHP-025184,27324,217,4,7,100,RR-006,2014-01-07,2014-01-14,2014-01-16,1,1,34.99,33.94,REFUND,REFUNDED,SIMULATED return linked to an AdventureWorks order line,synthetic_extension,1.0.0,BASELINE,20260728,2026-07-28T00:00:00.000Z
RET-002396,SO72650,5,SHP-025186,17834,225,3,7,100,RR-002,2014-01-02,2014-01-08,2014-01-11,1,1,8.99,8.72,REFUND,REFUNDED,SIMULATED return linked to an AdventureWorks order line,synthetic_extension,1.0.0,SCN_RET_CLOTHING_SIZE_SPIKE,20260728,2026-07-28T00:00:00.000Z
RET-002397,SO72659,3,SHP-025195,21835,225,3,8,100,RR-001,2014-01-11,2014-01-20,2014-01-24,1,1,8.99,8.72,REFUND,REFUNDED,SIMULATED return linked to an AdventureWorks order line,synthetic_extension,1.0.0,SCN_RET_CLOTHING_SIZE_SPIKE,20260728,2026-07-28T00:00:00.000Z
RET-002398,SO72663,1,SHP-025199,11682,491,3,1,100,RR-002,2013-12-27,2013-12-31,2014-01-01,1,1,53.99,52.37,REFUND,REFUNDED,SIMULATED return linked to an AdventureWorks order line,synthetic_extension,1.0.0,SCN_RET_CLOTHING_SIZE_SPIKE,20260728,2026-07-28T00:00:00.000Z
RET-002399,SO72674,3,SHP-025210,21308,465,3,6,19,RR-002,2014-01-01,2014-01-11,2014-01-14,1,1,24.49,23.76,REFUND,REFUNDED,SIMULATED return linked to an AdventureWorks order line,synthetic_extension,1.0.0,SCN_RET_CLOTHING_SIZE_SPIKE,20260728,2026-07-28T00:00:00.000Z
RET-002400,SO72675,3,SHP-025211,19939,225,3,10,98,RR-001,2014-01-13,2014-01-16,2014-01-18,1,1,8.99,8.72,REFUND,REFUNDED,SIMULATED return linked to an AdventureWorks order line,synthetic_extension,1.0.0,SCN_RET_CLOTHING_SIZE_SPIKE,20260728,2026-07-28T00:00:00.000Z
RET-002401,SO72690,1,SHP-025226,12477,228,3,7,100,RR-002,2014-01-03,2014-01-09,2014-01-12,1,1,49.99,48.49,REFUND,REFUNDED,SIMULATED return linked to an AdventureWorks order line,synthetic_extension,1.0.0,SCN_RET_CLOTHING_SIZE_SPIKE,20260728,2026-07-28T00:00:00.000Z
RET-002402,SO72691,1,SHP-025227,12550,237,3,10,98,RR-001,2014-01-05,2014-01-12,2014-01-14,1,1,49.99,48.49,REFUND,REFUNDED,SIMULATED return linked to an AdventureWorks order line,synthetic_extension,1.0.0,SCN_RET_CLOTHING_SIZE_SPIKE,20260728,2026-07-28T00:00:00.000Z
RET-002403,SO72691,2,SHP-025227,12550,482,3,10,98,RR-002,2014-01-02,2014-01-10,2014-01-11,1,1,8.99,8.72,REFUND,REFUNDED,SIMULATED return linked to an AdventureWorks order line,synthetic_extension,1.0.0,SCN_RET_CLOTHING_SIZE_SPIKE,20260728,2026-07-28T00:00:00.000Z
RET-002404,SO72698,4,SHP-025234,18381,467,3,4,100,RR-001,2014-01-04,2014-01-11,2014-01-13,1,1,24.49,23.76,REFUND,REFUNDED,SIMULATED return linked to an AdventureWorks order line,synthetic_extension,1.0.0,SCN_RET_CLOTHING_SIZE_SPIKE,20260728,2026-07-28T00:00:00.000Z
RET-002405,SO72723,1,SHP-025259,18177,575,1,10,98,RR-004,2014-01-09,2014-01-14,2014-01-18,1,1,2384.07,2312.55,REFUND,REFUNDED,SIMULATED return linked to an AdventureWorks order line,synthetic_extension,1.0.0,BASELINE,20260728,2026-07-28T00:00:00.000Z
RET-002406,SO72723,2,SHP-025259,18177,530,4,10,98,RR-003,2014-01-10,2014-01-20,2014-01-23,1,1,4.99,4.84,REFUND,REFUNDED,SIMULATED return linked to an AdventureWorks order line,synthetic_extension,1.0.0,BASELINE,20260728,2026-07-28T00:00:00.000Z
RET-002407,SO72723,3,SHP-025259,18177,541,4,10,98,RR-006,2014-01-11,2014-01-18,2014-01-20,1,1,28.99,28.12,REFUND,REFUNDED,SIMULATED return linked to an AdventureWorks order line,synthetic_extension,1.0.0,BASELINE,20260728,2026-07-28T00:00:00.000Z
RET-002408,SO72738,5,SHP-025274,16531,225,3,10,98,RR-001,2014-01-12,2014-01-17,2014-01-21,1,1,8.99,8.72,REFUND,REFUNDED,SIMULATED return linked to an AdventureWorks order line,synthetic_extension,1.0.0,SCN_RET_CLOTHING_SIZE_SPIKE,20260728,2026-07-28T00:00:00.000Z
RET-002409,SO72757,2,SHP-025293,12824,529,4,7,100,RR-006,2014-01-16,2014-01-23,2014-01-25,1,1,3.99,3.87,REFUND,REFUNDED,SIMULATED return linked to an AdventureWorks order line,synthetic_extension,1.0.0,BASELINE,20260728,2026-07-28T00:00:00.000Z
RET-002410,SO72757,3,SHP-025293,12824,484,4,7,100,RR-003,2014-01-15,2014-01-25,2014-01-28,1,1,7.95,7.71,REFUND,REFUNDED,SIMULATED return linked to an AdventureWorks order line,synthetic_extension,1.0.0,BASELINE,20260728,2026-07-28T00:00:00.000Z
RET-002411,SO72782,1,SHP-025318,19002,582,1,1,100,RR-003,2014-01-02,2014-01-12,2014-01-15,1,1,1700.99,1649.96,REFUND,REFUNDED,SIMULATED return linked to an AdventureWorks order line,synthetic_extension,1.0.0,BASELINE,20260728,2026-07-28T00:00:00.000Z
RET-002412,SO72791,4,SHP-025327,18279,467,3,9,6,RR-006,2013-12-25,2013-12-28,2013-12-30,1,1,24.49,23.76,REFUND,REFUNDED,SIMULATED return linked to an AdventureWorks order line,synthetic_extension,1.0.0,BASELINE,20260728,2026-07-28T00:00:00.000Z
RET-002413,SO72800,1,SHP-025336,29284,237,3,1,19,RR-001,2014-01-05,2014-01-12,2014-01-14,1,1,49.99,48.49,REFUND,REFUNDED,SIMULATED return linked to an AdventureWorks order line,synthetic_extension,1.0.0,SCN_RET_CLOTHING_SIZE_SPIKE,20260728,2026-07-28T00:00:00.000Z
RET-002414,SO72810,1,SHP-025346,19234,476,3,4,100,RR-002,2014-01-03,2014-01-07,2014-01-08,1,1,69.99,67.89,REFUND,REFUNDED,SIMULATED return linked to an AdventureWorks order line,synthetic_extension,1.0.0,SCN_RET_CLOTHING_SIZE_SPIKE,20260728,2026-07-28T00:00:00.000Z
RET-002415,SO72810,2,SHP-025346,19234,237,3,4,100,RR-001,2014-01-06,2014-01-09,2014-01-11,1,1,49.99,48.49,REFUND,REFUNDED,SIMULATED return linked to an AdventureWorks order line,synthetic_extension,1.0.0,SCN_RET_CLOTHING_SIZE_SPIKE,20260728,2026-07-28T00:00:00.000Z
RET-002416,SO72818,2,SHP-025354,12098,528,4,1,100,RR-006,2014-01-08,2014-01-11,2014-01-13,1,1,4.99,4.84,REFUND,REFUNDED,SIMULATED return linked to an AdventureWorks order line,synthetic_extension,1.0.0,BASELINE,20260728,2026-07-28T00:00:00.000Z
RET-002417,SO72818,3,SHP-025354,12098,214,4,1,100,RR-003,2014-01-07,2014-01-13,2014-01-16,1,1,34.99,33.94,REFUND,REFUNDED,SIMULATED return linked to an AdventureWorks order line,synthetic_extension,1.0.0,BASELINE,20260728,2026-07-28T00:00:00.000Z
RET-002418,SO72825,4,SHP-025361,24597,214,4,9,6,RR-004,2014-01-10,2014-01-19,2014-01-23,1,1,34.99,33.94,REFUND,REFUNDED,SIMULATED return linked to an AdventureWorks order line,synthetic_extension,1.0.0,BASELINE,20260728,2026-07-28T00:00:00.000Z
RET-002419,SO72825,5,SHP-025361,24597,490,3,9,6,RR-002,2014-01-09,2014-01-13,2014-01-14,1,1,53.99,52.37,REFUND,REFUNDED,SIMULATED return linked to an AdventureWorks order line,synthetic_extension,1.0.0,SCN_RET_CLOTHING_SIZE_SPIKE,20260728,2026-07-28T00:00:00.000Z
RET-002420,SO72825,6,SHP-025361,24597,225,3,9,6,RR-001,2014-01-12,2014-01-15,2014-01-17,1,1,8.99,8.72,REFUND,REFUNDED,SIMULATED return linked to an AdventureWorks order line,synthetic_extension,1.0.0,SCN_RET_CLOTHING_SIZE_SPIKE,20260728,2026-07-28T00:00:00.000Z
RET-002421,SO72834,1,SHP-025370,23882,584,1,4,100,RR-003,2014-01-02,2014-01-08,2014-01-11,1,1,539.99,523.79,REFUND,REFUNDED,SIMULATED return linked to an AdventureWorks order line,synthetic_extension,1.0.0,BASELINE,20260728,2026-07-28T00:00:00.000Z
RET-002422,SO72834,2,SHP-025370,23882,473,3,4,100,RR-001,2014-01-01,2014-01-10,2014-01-14,1,1,63.5,61.59,REFUND,REFUNDED,SIMULATED return linked to an AdventureWorks order line,synthetic_extension,1.0.0,SCN_RET_CLOTHING_SIZE_SPIKE,20260728,2026-07-28T00:00:00.000Z
RET-002423,SO72843,3,SHP-025379,19031,225,3,10,98,RR-002,2014-01-10,2014-01-20,2014-01-23,1,1,8.99,8.72,REFUND,REFUNDED,SIMULATED return linked to an AdventureWorks order line,synthetic_extension,1.0.0,SCN_RET_CLOTHING_SIZE_SPIKE,20260728,2026-07-28T00:00:00.000Z
RET-002424,SO72844,2,SHP-025380,18166,482,3,10,98,RR-002,2014-01-10,2014-01-18,2014-01-19,1,1,8.99,8.72,REFUND,REFUNDED,SIMULATED return linked to an AdventureWorks order line,synthetic_extension,1.0.0,SCN_RET_CLOTHING_SIZE_SPIKE,20260728,2026-07-28T00:00:00.000Z
RET-002425,SO72845,2,SHP-025381,11992,225,3,9,6,RR-001,2013-12-29,2014-01-07,2014-01-11,1,1,8.99,8.72,REFUND,REFUNDED,SIMULATED return linked to an AdventureWorks order line,synthetic_extension,1.0.0,SCN_RET_CLOTHING_SIZE_SPIKE,20260728,2026-07-28T00:00:00.000Z
RET-002426,SO72849,1,SHP-025385,11920,564,1,9,6,RR-003,2014-01-03,2014-01-13,2014-01-16,1,1,2384.07,2312.55,REFUND,REFUNDED,SIMULATED return linked to an AdventureWorks order line,synthetic_extension,1.0.0,BASELINE,20260728,2026-07-28T00:00:00.000Z
RET-002427,SO72849,2,SHP-025385,11920,222,4,9,6,RR-004,2014-01-02,2014-01-07,2014-01-11,1,1,34.99,33.94,REFUND,REFUNDED,SIMULATED return linked to an AdventureWorks order line,synthetic_extension,1.0.0,BASELINE,20260728,2026-07-28T00:00:00.000Z
RET-002428,SO72850,1,SHP-025386,20051,361,1,8,100,RR-005,2014-01-04,2014-01-12,2014-01-13,1,1,2294.99,2226.14,REFUND,REFUNDED,SIMULATED return linked to an AdventureWorks order line,synthetic_extension,1.0.0,BASELINE,20260728,2026-07-28T00:00:00.000Z
RET-002429,SO72850,4,SHP-025386,20051,485,4,8,100,RR-004,2014-01-09,2014-01-18,2014-01-22,1,1,21.98,21.32,REFUND,REFUNDED,SIMULATED return linked to an AdventureWorks order line,synthetic_extension,1.0.0,BASELINE,20260728,2026-07-28T00:00:00.000Z
RET-002430,SO72850,5,SHP-025386,20051,465,3,8,100,RR-005,2014-01-08,2014-01-12,2014-01-13,1,1,24.49,23.76,REFUND,REFUNDED,SIMULATED return linked to an AdventureWorks order line,synthetic_extension,1.0.0,BASELINE,20260728,2026-07-28T00:00:00.000Z
RET-002431,SO72850,6,SHP-025386,20051,231,3,8,100,RR-006,2014-01-11,2014-01-14,2014-01-16,1,1,49.99,48.49,REFUND,REFUNDED,SIMULATED return linked to an AdventureWorks order line,synthetic_extension,1.0.0,BASELINE,20260728,2026-07-28T00:00:00.000Z
RET-002432,SO72851,2,SHP-025387,22939,491,3,9,6,RR-002,2014-01-05,2014-01-11,2014-01-14,1,1,53.99,52.37,REFUND,REFUNDED,SIMULATED return linked to an AdventureWorks order line,synthetic_extension,1.0.0,SCN_RET_CLOTHING_SIZE_SPIKE,20260728,2026-07-28T00:00:00.000Z
RET-002433,SO72851,3,SHP-025387,22939,465,3,9,6,RR-001,2014-01-06,2014-01-09,2014-01-11,1,1,24.49,23.76,REFUND,REFUNDED,SIMULATED return linked to an AdventureWorks order line,synthetic_extension,1.0.0,SCN_RET_CLOTHING_SIZE_SPIKE,20260728,2026-07-28T00:00:00.000Z
RET-002434,SO72859,1,SHP-025395,26146,475,3,9,6,RR-001,2014-01-08,2014-01-17,2014-01-21,1,1,69.99,67.89,REFUND,REFUNDED,SIMULATED return linked to an AdventureWorks order line,synthetic_extension,1.0.0,SCN_RET_CLOTHING_SIZE_SPIKE,20260728,2026-07-28T00:00:00.000Z
RET-002435,SO72863,3,SHP-025399,23612,491,3,8,100,RR-005,2014-01-07,2014-01-15,2014-01-16,1,1,53.99,52.37,REFUND,REFUNDED,SIMULATED return linked to an AdventureWorks order line,synthetic_extension,1.0.0,BASELINE,20260728,2026-07-28T00:00:00.000Z
RET-002436,SO72872,1,SHP-025408,19305,592,1,10,98,RR-005,2014-01-17,2014-01-21,2014-01-22,1,1,564.99,548.04,REFUND,REFUNDED,SIMULATED return linked to an AdventureWorks order line,synthetic_extension,1.0.0,BASELINE,20260728,2026-07-28T00:00:00.000Z
RET-002437,SO72872,2,SHP-025408,19305,485,4,10,98,RR-006,2014-01-20,2014-01-23,2014-01-25,1,1,21.98,21.32,REFUND,REFUNDED,SIMULATED return linked to an AdventureWorks order line,synthetic_extension,1.0.0,BASELINE,20260728,2026-07-28T00:00:00.000Z
RET-002438,SO72872,3,SHP-025408,19305,214,4,10,98,RR-003,2014-01-19,2014-01-25,2014-01-28,1,1,34.99,33.94,REFUND,REFUNDED,SIMULATED return linked to an AdventureWorks order line,synthetic_extension,1.0.0,BASELINE,20260728,2026-07-28T00:00:00.000Z
RET-002439,SO72875,4,SHP-025411,22981,214,4,1,100,RR-003,2014-01-08,2014-01-18,2014-01-21,1,1,34.99,33.94,REFUND,REFUNDED,SIMULATED return linked to an AdventureWorks order line,synthetic_extension,1.0.0,BASELINE,20260728,2026-07-28T00:00:00.000Z
RET-002440,SO72882,2,SHP-025418,16073,465,3,1,100,RR-002,2014-01-02,2014-01-12,2014-01-15,1,1,24.49,23.76,REFUND,REFUNDED,SIMULATED return linked to an AdventureWorks order line,synthetic_extension,1.0.0,SCN_RET_CLOTHING_SIZE_SPIKE,20260728,2026-07-28T00:00:00.000Z
RET-002441,SO72908,1,SHP-025444,15427,588,1,4,100,RR-003,2014-01-06,2014-01-12,2014-01-15,1,1,769.49,746.41,REFUND,REFUNDED,SIMULATED return linked to an AdventureWorks order line,synthetic_extension,1.0.0,BASELINE,20260728,2026-07-28T00:00:00.000Z
RET-002442,SO72908,2,SHP-025444,15427,485,4,4,100,RR-004,2014-01-05,2014-01-14,2014-01-18,1,1,21.98,21.32,REFUND,REFUNDED,SIMULATED return linked to an AdventureWorks order line,synthetic_extension,1.0.0,BASELINE,20260728,2026-07-28T00:00:00.000Z
RET-002443,SO72909,2,SHP-025445,18441,473,3,4,100,RR-005,2014-01-11,2014-01-19,2014-01-20,1,1,63.5,61.59,REFUND,REFUNDED,SIMULATED return linked to an AdventureWorks order line,synthetic_extension,1.0.0,BASELINE,20260728,2026-07-28T00:00:00.000Z
RET-002444,SO72923,1,SHP-025459,25084,561,1,1,100,RR-006,2013-12-24,2013-12-27,2013-12-29,1,1,2384.07,2312.55,REFUND,REFUNDED,SIMULATED return linked to an AdventureWorks order line,synthetic_extension,1.0.0,BASELINE,20260728,2026-07-28T00:00:00.000Z
RET-002445,SO72929,4,SHP-025465,21930,463,3,4,100,RR-002,2014-01-02,2014-01-10,2014-01-11,1,1,24.49,23.76,REFUND,REFUNDED,SIMULATED return linked to an AdventureWorks order line,synthetic_extension,1.0.0,SCN_RET_CLOTHING_SIZE_SPIKE,20260728,2026-07-28T00:00:00.000Z
RET-002446,SO72941,2,SHP-025477,19318,490,3,7,100,RR-002,2014-01-21,2014-01-25,2014-01-26,1,1,53.99,52.37,REFUND,REFUNDED,SIMULATED return linked to an AdventureWorks order line,synthetic_extension,1.0.0,SCN_RET_CLOTHING_SIZE_SPIKE,20260728,2026-07-28T00:00:00.000Z
RET-002447,SO72948,5,SHP-025484,14171,228,3,8,100,RR-002,2014-01-13,2014-01-19,2014-01-22,1,1,49.99,48.49,REFUND,REFUNDED,SIMULATED return linked to an AdventureWorks order line,synthetic_extension,1.0.0,SCN_RET_CLOTHING_SIZE_SPIKE,20260728,2026-07-28T00:00:00.000Z
RET-002448,SO72949,3,SHP-025485,25590,225,3,8,100,RR-001,2014-01-08,2014-01-17,2014-01-21,1,1,8.99,8.72,REFUND,REFUNDED,SIMULATED return linked to an AdventureWorks order line,synthetic_extension,1.0.0,SCN_RET_CLOTHING_SIZE_SPIKE,20260728,2026-07-28T00:00:00.000Z
RET-002449,SO72950,2,SHP-025486,24038,225,3,7,100,RR-002,2014-01-07,2014-01-17,2014-01-20,1,1,8.99,8.72,REFUND,REFUNDED,SIMULATED return linked to an AdventureWorks order line,synthetic_extension,1.0.0,SCN_RET_CLOTHING_SIZE_SPIKE,20260728,2026-07-28T00:00:00.000Z
RET-002450,SO72951,1,SHP-025487,28103,579,1,9,6,RR-005,2013-12-29,2014-01-02,2014-01-03,1,1,1214.85,1178.4,REFUND,REFUNDED,SIMULATED return linked to an AdventureWorks order line,synthetic_extension,1.0.0,BASELINE,20260728,2026-07-28T00:00:00.000Z
RET-002451,SO72958,1,SHP-025494,20235,528,4,9,6,RR-004,2014-01-03,2014-01-08,2014-01-12,1,1,4.99,4.84,REFUND,REFUNDED,SIMULATED return linked to an AdventureWorks order line,synthetic_extension,1.0.0,BASELINE,20260728,2026-07-28T00:00:00.000Z
RET-002452,SO72958,2,SHP-025494,20235,536,4,9,6,RR-003,2014-01-04,2014-01-14,2014-01-17,1,1,29.99,29.09,REFUND,REFUNDED,SIMULATED return linked to an AdventureWorks order line,synthetic_extension,1.0.0,BASELINE,20260728,2026-07-28T00:00:00.000Z
RET-002453,SO72966,3,SHP-025502,13767,478,4,8,100,RR-005,2014-01-10,2014-01-18,2014-01-19,1,1,9.99,9.69,REFUND,REFUNDED,SIMULATED return linked to an AdventureWorks order line,synthetic_extension,1.0.0,BASELINE,20260728,2026-07-28T00:00:00.000Z
RET-002454,SO72967,3,SHP-025503,16546,472,3,10,98,RR-001,2014-01-11,2014-01-20,2014-01-24,1,1,63.5,61.59,REFUND,REFUNDED,SIMULATED return linked to an AdventureWorks order line,synthetic_extension,1.0.0,SCN_RET_CLOTHING_SIZE_SPIKE,20260728,2026-07-28T00:00:00.000Z
RET-002455,SO73001,1,SHP-025537,11608,217,4,7,100,RR-004,2014-01-05,2014-01-10,2014-01-14,1,1,34.99,33.94,REFUND,REFUNDED,SIMULATED return linked to an AdventureWorks order line,synthetic_extension,1.0.0,BASELINE,20260728,2026-07-28T00:00:00.000Z
RET-002456,SO73026,4,SHP-025562,19032,225,3,10,98,RR-001,2014-01-17,2014-01-22,2014-01-26,1,1,8.99,8.72,REFUND,REFUNDED,SIMULATED return linked to an AdventureWorks order line,synthetic_extension,1.0.0,SCN_RET_CLOTHING_SIZE_SPIKE,20260728,2026-07-28T00:00:00.000Z
RET-002457,SO73030,2,SHP-025566,15121,491,3,9,6,RR-002,2014-01-10,2014-01-20,2014-01-23,1,1,53.99,52.37,REFUND,REFUNDED,SIMULATED return linked to an AdventureWorks order line,synthetic_extension,1.0.0,SCN_RET_CLOTHING_SIZE_SPIKE,20260728,2026-07-28T00:00:00.000Z
RET-002458,SO73044,2,SHP-025580,16550,228,3,10,98,RR-001,2014-01-11,2014-01-14,2014-01-16,1,1,49.99,48.49,REFUND,REFUNDED,SIMULATED return linked to an AdventureWorks order line,synthetic_extension,1.0.0,SCN_RET_CLOTHING_SIZE_SPIKE,20260728,2026-07-28T00:00:00.000Z
RET-002459,SO73053,2,SHP-025589,18685,482,3,6,19,RR-001,2014-01-09,2014-01-16,2014-01-18,1,1,8.99,8.72,REFUND,REFUNDED,SIMULATED return linked to an AdventureWorks order line,synthetic_extension,1.0.0,SCN_RET_CLOTHING_SIZE_SPIKE,20260728,2026-07-28T00:00:00.000Z
RET-002460,SO73061,1,SHP-025597,15650,528,4,7,100,RR-006,2014-01-18,2014-01-25,2014-01-27,1,1,4.99,4.84,REFUND,REFUNDED,SIMULATED return linked to an AdventureWorks order line,synthetic_extension,1.0.0,BASELINE,20260728,2026-07-28T00:00:00.000Z
RET-002461,SO73061,2,SHP-025597,15650,535,4,7,100,RR-005,2014-01-15,2014-01-23,2014-01-24,1,1,24.99,24.24,REFUND,REFUNDED,SIMULATED return linked to an AdventureWorks order line,synthetic_extension,1.0.0,BASELINE,20260728,2026-07-28T00:00:00.000Z
RET-002462,SO73061,3,SHP-025597,15650,214,4,7,100,RR-004,2014-01-16,2014-01-21,2014-01-25,1,1,34.99,33.94,REFUND,REFUNDED,SIMULATED return linked to an AdventureWorks order line,synthetic_extension,1.0.0,BASELINE,20260728,2026-07-28T00:00:00.000Z
RET-002463,SO73061,4,SHP-025597,15650,228,3,7,100,RR-003,2014-01-21,2014-01-27,2014-01-30,1,1,49.99,48.49,REFUND,REFUNDED,SIMULATED return linked to an AdventureWorks order line,synthetic_extension,1.0.0,BASELINE,20260728,2026-07-28T00:00:00.000Z
RET-002464,SO73075,1,SHP-025611,16638,355,1,9,6,RR-005,2014-01-12,2014-01-16,2014-01-17,1,1,2319.99,2250.39,REFUND,REFUNDED,SIMULATED return linked to an AdventureWorks order line,synthetic_extension,1.0.0,BASELINE,20260728,2026-07-28T00:00:00.000Z
RET-002465,SO73075,3,SHP-025611,16638,489,3,9,6,RR-003,2014-01-14,2014-01-20,2014-01-23,1,1,53.99,52.37,REFUND,REFUNDED,SIMULATED return linked to an AdventureWorks order line,synthetic_extension,1.0.0,BASELINE,20260728,2026-07-28T00:00:00.000Z
RET-002466,SO73079,3,SHP-025615,11257,463,3,4,100,RR-002,2014-01-02,2014-01-12,2014-01-15,1,1,24.49,23.76,REFUND,REFUNDED,SIMULATED return linked to an AdventureWorks order line,synthetic_extension,1.0.0,SCN_RET_CLOTHING_SIZE_SPIKE,20260728,2026-07-28T00:00:00.000Z
RET-002467,SO73087,2,SHP-025623,19016,234,3,4,100,RR-002,2014-01-10,2014-01-14,2014-01-15,1,1,49.99,48.49,REFUND,REFUNDED,SIMULATED return linked to an AdventureWorks order line,synthetic_extension,1.0.0,SCN_RET_CLOTHING_SIZE_SPIKE,20260728,2026-07-28T00:00:00.000Z
RET-002468,SO73096,2,SHP-025632,15122,489,3,9,6,RR-002,2014-01-07,2014-01-13,2014-01-16,1,1,53.99,52.37,REFUND,REFUNDED,SIMULATED return linked to an AdventureWorks order line,synthetic_extension,1.0.0,SCN_RET_CLOTHING_SIZE_SPIKE,20260728,2026-07-28T00:00:00.000Z
RET-002469,SO73097,2,SHP-025633,11372,479,4,9,6,RR-006,2014-01-15,2014-01-22,2014-01-24,1,1,8.99,8.72,REFUND,REFUNDED,SIMULATED return linked to an AdventureWorks order line,synthetic_extension,1.0.0,BASELINE,20260728,2026-07-28T00:00:00.000Z
RET-002470,SO73121,3,SHP-025657,27635,222,4,1,100,RR-005,2013-12-29,2014-01-02,2014-01-03,1,1,34.99,33.94,REFUND,REFUNDED,SIMULATED return linked to an AdventureWorks order line,synthetic_extension,1.0.0,BASELINE,20260728,2026-07-28T00:00:00.000Z
RET-002471,SO73121,4,SHP-025657,27635,467,3,1,100,RR-006,2013-12-28,2014-01-04,2014-01-06,1,1,24.49,23.76,REFUND,REFUNDED,SIMULATED return linked to an AdventureWorks order line,synthetic_extension,1.0.0,BASELINE,20260728,2026-07-28T00:00:00.000Z
RET-002472,SO73126,3,SHP-025662,24287,473,3,4,100,RR-001,2014-01-08,2014-01-11,2014-01-13,1,1,63.5,61.59,REFUND,REFUNDED,SIMULATED return linked to an AdventureWorks order line,synthetic_extension,1.0.0,SCN_RET_CLOTHING_SIZE_SPIKE,20260728,2026-07-28T00:00:00.000Z
RET-002473,SO73136,1,SHP-025672,20762,475,3,4,100,RR-002,2014-01-03,2014-01-13,2014-01-16,1,1,69.99,67.89,REFUND,REFUNDED,SIMULATED return linked to an AdventureWorks order line,synthetic_extension,1.0.0,SCN_RET_CLOTHING_SIZE_SPIKE,20260728,2026-07-28T00:00:00.000Z
RET-002474,SO73136,2,SHP-025672,20762,488,3,4,100,RR-001,2014-01-02,2014-01-07,2014-01-11,1,1,53.99,52.37,REFUND,REFUNDED,SIMULATED return linked to an AdventureWorks order line,synthetic_extension,1.0.0,SCN_RET_CLOTHING_SIZE_SPIKE,20260728,2026-07-28T00:00:00.000Z
RET-002475,SO73143,1,SHP-025679,11487,490,3,7,100,RR-002,2014-01-24,2014-02-03,2014-02-06,1,1,53.99,52.37,REFUND,REFUNDED,SIMULATED return linked to an AdventureWorks order line,synthetic_extension,1.0.0,SCN_RET_CLOTHING_SIZE_SPIKE,20260728,2026-07-28T00:00:00.000Z
RET-002476,SO73148,3,SHP-025684,26819,225,3,8,100,RR-001,2014-01-11,2014-01-14,2014-01-16,1,1,8.99,8.72,REFUND,REFUNDED,SIMULATED return linked to an AdventureWorks order line,synthetic_extension,1.0.0,SCN_RET_CLOTHING_SIZE_SPIKE,20260728,2026-07-28T00:00:00.000Z
RET-002477,SO73149,1,SHP-025685,17808,530,4,10,98,RR-005,2014-01-22,2014-01-30,2014-01-31,1,1,4.99,4.84,REFUND,REFUNDED,SIMULATED return linked to an AdventureWorks order line,synthetic_extension,1.0.0,BASELINE,20260728,2026-07-28T00:00:00.000Z
RET-002478,SO73149,2,SHP-025685,17808,487,4,10,98,RR-006,2014-01-07,2014-01-14,2014-01-16,1,1,54.99,53.34,REFUND,REFUNDED,SIMULATED return linked to an AdventureWorks order line,synthetic_extension,1.0.0,BASELINE,20260728,2026-07-28T00:00:00.000Z
RET-002479,SO73149,3,SHP-025685,17808,222,4,10,98,RR-003,2014-01-24,2014-02-03,2014-02-06,1,1,34.99,33.94,REFUND,REFUNDED,SIMULATED return linked to an AdventureWorks order line,synthetic_extension,1.0.0,BASELINE,20260728,2026-07-28T00:00:00.000Z
RET-002480,SO73183,3,SHP-025719,27483,463,3,9,6,RR-002,2014-01-03,2014-01-07,2014-01-08,1,1,24.49,23.76,REFUND,REFUNDED,SIMULATED return linked to an AdventureWorks order line,synthetic_extension,1.0.0,SCN_RET_CLOTHING_SIZE_SPIKE,20260728,2026-07-28T00:00:00.000Z
RET-002481,SO73195,2,SHP-025731,28289,237,3,4,100,RR-002,2013-12-31,2014-01-08,2014-01-09,1,1,49.99,48.49,REFUND,REFUNDED,SIMULATED return linked to an AdventureWorks order line,synthetic_extension,1.0.0,SCN_RET_CLOTHING_SIZE_SPIKE,20260728,2026-07-28T00:00:00.000Z
RET-002482,SO73215,2,SHP-025751,23599,536,4,10,98,RR-006,2014-01-24,2014-01-27,2014-01-29,1,1,29.99,29.09,REFUND,REFUNDED,SIMULATED return linked to an AdventureWorks order line,synthetic_extension,1.0.0,BASELINE,20260728,2026-07-28T00:00:00.000Z
RET-002483,SO73215,3,SHP-025751,23599,484,4,10,98,RR-003,2014-01-23,2014-01-29,2014-02-01,1,1,7.95,7.71,REFUND,REFUNDED,SIMULATED return linked to an AdventureWorks order line,synthetic_extension,1.0.0,BASELINE,20260728,2026-07-28T00:00:00.000Z
RET-002484,SO73230,3,SHP-025766,15520,463,3,4,100,RR-001,2014-01-08,2014-01-17,2014-01-21,1,1,24.49,23.76,REFUND,REFUNDED,SIMULATED return linked to an AdventureWorks order line,synthetic_extension,1.0.0,SCN_RET_CLOTHING_SIZE_SPIKE,20260728,2026-07-28T00:00:00.000Z
RET-002485,SO73242,1,SHP-025778,25856,568,1,4,100,RR-005,2014-01-10,2014-01-18,2014-01-19,1,1,742.35,720.08,REFUND,REFUNDED,SIMULATED return linked to an AdventureWorks order line,synthetic_extension,1.0.0,BASELINE,20260728,2026-07-28T00:00:00.000Z
RET-002486,SO73242,2,SHP-025778,25856,484,4,4,100,RR-006,2014-01-13,2014-01-20,2014-01-22,1,1,7.95,7.71,REFUND,REFUNDED,SIMULATED return linked to an AdventureWorks order line,synthetic_extension,1.0.0,BASELINE,20260728,2026-07-28T00:00:00.000Z
RET-002487,SO73245,2,SHP-025781,20670,237,3,6,19,RR-002,2014-01-11,2014-01-19,2014-01-20,1,1,49.99,48.49,REFUND,REFUNDED,SIMULATED return linked to an AdventureWorks order line,synthetic_extension,1.0.0,SCN_RET_CLOTHING_SIZE_SPIKE,20260728,2026-07-28T00:00:00.000Z
RET-002488,SO73245,3,SHP-025781,20670,482,3,6,19,RR-001,2014-01-12,2014-01-17,2014-01-21,1,1,8.99,8.72,REFUND,REFUNDED,SIMULATED return linked to an AdventureWorks order line,synthetic_extension,1.0.0,SCN_RET_CLOTHING_SIZE_SPIKE,20260728,2026-07-28T00:00:00.000Z
RET-002489,SO73280,1,SHP-025816,11507,475,3,6,19,RR-002,2014-01-11,2014-01-17,2014-01-20,1,1,69.99,67.89,REFUND,REFUNDED,SIMULATED return linked to an AdventureWorks order line,synthetic_extension,1.0.0,SCN_RET_CLOTHING_SIZE_SPIKE,20260728,2026-07-28T00:00:00.000Z
RET-002490,SO73280,2,SHP-025816,11507,234,3,6,19,RR-001,2014-01-10,2014-01-19,2014-01-23,1,1,49.99,48.49,REFUND,REFUNDED,SIMULATED return linked to an AdventureWorks order line,synthetic_extension,1.0.0,SCN_RET_CLOTHING_SIZE_SPIKE,20260728,2026-07-28T00:00:00.000Z
RET-002491,SO73282,1,SHP-025818,19832,474,3,4,100,RR-002,2014-01-13,2014-01-17,2014-01-18,1,1,69.99,67.89,REFUND,REFUNDED,SIMULATED return linked to an AdventureWorks order line,synthetic_extension,1.0.0,SCN_RET_CLOTHING_SIZE_SPIKE,20260728,2026-07-28T00:00:00.000Z
RET-002492,SO73297,1,SHP-025833,11418,530,4,8,100,RR-003,2014-01-17,2014-01-23,2014-01-26,1,1,4.99,4.84,REFUND,REFUNDED,SIMULATED return linked to an AdventureWorks order line,synthetic_extension,1.0.0,BASELINE,20260728,2026-07-28T00:00:00.000Z
RET-002493,SO73297,2,SHP-025833,11418,217,4,8,100,RR-004,2014-01-16,2014-01-25,2014-01-29,1,1,34.99,33.94,REFUND,REFUNDED,SIMULATED return linked to an AdventureWorks order line,synthetic_extension,1.0.0,BASELINE,20260728,2026-07-28T00:00:00.000Z
RET-002494,SO73305,3,SHP-025841,18582,225,3,1,100,RR-002,2014-01-17,2014-01-25,2014-01-26,1,1,8.99,8.72,REFUND,REFUNDED,SIMULATED return linked to an AdventureWorks order line,synthetic_extension,1.0.0,SCN_RET_CLOTHING_SIZE_SPIKE,20260728,2026-07-28T00:00:00.000Z
RET-002495,SO73306,1,SHP-025842,15527,588,1,4,100,RR-004,2014-01-02,2014-01-11,2014-01-15,1,1,769.49,746.41,REFUND,REFUNDED,SIMULATED return linked to an AdventureWorks order line,synthetic_extension,1.0.0,BASELINE,20260728,2026-07-28T00:00:00.000Z
RET-002496,SO73306,2,SHP-025842,15527,476,3,4,100,RR-002,2014-01-03,2014-01-09,2014-01-12,1,1,69.99,67.89,REFUND,REFUNDED,SIMULATED return linked to an AdventureWorks order line,synthetic_extension,1.0.0,SCN_RET_CLOTHING_SIZE_SPIKE,20260728,2026-07-28T00:00:00.000Z
RET-002497,SO73320,4,SHP-025856,21932,482,3,4,100,RR-002,2014-01-15,2014-01-19,2014-01-20,1,1,8.99,8.72,REFUND,REFUNDED,SIMULATED return linked to an AdventureWorks order line,synthetic_extension,1.0.0,SCN_RET_CLOTHING_SIZE_SPIKE,20260728,2026-07-28T00:00:00.000Z
RET-002498,SO73321,2,SHP-025857,21293,489,3,4,100,RR-001,2014-01-08,2014-01-11,2014-01-13,1,1,53.99,52.37,REFUND,REFUNDED,SIMULATED return linked to an AdventureWorks order line,synthetic_extension,1.0.0,SCN_RET_CLOTHING_SIZE_SPIKE,20260728,2026-07-28T00:00:00.000Z
RET-002499,SO73321,3,SHP-025857,21293,225,3,4,100,RR-002,2014-01-07,2014-01-13,2014-01-16,1,1,8.99,8.72,REFUND,REFUNDED,SIMULATED return linked to an AdventureWorks order line,synthetic_extension,1.0.0,SCN_RET_CLOTHING_SIZE_SPIKE,20260728,2026-07-28T00:00:00.000Z
RET-002500,SO73344,1,SHP-025880,17292,490,3,9,6,RR-001,2014-01-10,2014-01-17,2014-01-19,1,1,53.99,52.37,REFUND,REFUNDED,SIMULATED return linked to an AdventureWorks order line,synthetic_extension,1.0.0,SCN_RET_CLOTHING_SIZE_SPIKE,20260728,2026-07-28T00:00:00.000Z
RET-002501,SO73351,1,SHP-025887,12841,355,1,7,100,RR-004,2014-01-12,2014-01-21,2014-01-25,1,1,2319.99,2250.39,REFUND,REFUNDED,SIMULATED return linked to an AdventureWorks order line,synthetic_extension,1.0.0,BASELINE,20260728,2026-07-28T00:00:00.000Z
RET-002502,SO73351,2,SHP-025887,12841,217,4,7,100,RR-003,2014-01-13,2014-01-19,2014-01-22,1,1,34.99,33.94,REFUND,REFUNDED,SIMULATED return linked to an AdventureWorks order line,synthetic_extension,1.0.0,BASELINE,20260728,2026-07-28T00:00:00.000Z
RET-002503,SO73357,1,SHP-025893,19887,474,3,1,100,RR-001,2014-01-02,2014-01-09,2014-01-11,1,1,69.99,67.89,REFUND,REFUNDED,SIMULATED return linked to an AdventureWorks order line,synthetic_extension,1.0.0,SCN_RET_CLOTHING_SIZE_SPIKE,20260728,2026-07-28T00:00:00.000Z
RET-002504,SO73384,1,SHP-025920,16656,359,1,9,6,RR-006,2014-01-10,2014-01-13,2014-01-15,1,1,2294.99,2226.14,REFUND,REFUNDED,SIMULATED return linked to an AdventureWorks order line,synthetic_extension,1.0.0,BASELINE,20260728,2026-07-28T00:00:00.000Z
RET-002505,SO73384,2,SHP-025920,16656,485,4,9,6,RR-005,2014-01-07,2014-01-11,2014-01-12,1,1,21.98,21.32,REFUND,REFUNDED,SIMULATED return linked to an AdventureWorks order line,synthetic_extension,1.0.0,BASELINE,20260728,2026-07-28T00:00:00.000Z
RET-002506,SO73384,3,SHP-025920,16656,217,4,9,6,RR-004,2014-01-08,2014-01-17,2014-01-21,1,1,34.99,33.94,REFUND,REFUNDED,SIMULATED return linked to an AdventureWorks order line,synthetic_extension,1.0.0,BASELINE,20260728,2026-07-28T00:00:00.000Z
RET-002507,SO73402,1,SHP-025938,24336,584,1,1,100,RR-003,2014-01-18,2014-01-28,2014-01-31,1,1,539.99,523.79,REFUND,REFUNDED,SIMULATED return linked to an AdventureWorks order line,synthetic_extension,1.0.0,BASELINE,20260728,2026-07-28T00:00:00.000Z
RET-002508,SO73409,2,SHP-025945,19117,231,3,4,100,RR-002,2014-01-15,2014-01-21,2014-01-24,1,1,49.99,48.49,REFUND,REFUNDED,SIMULATED return linked to an AdventureWorks order line,synthetic_extension,1.0.0,SCN_RET_CLOTHING_SIZE_SPIKE,20260728,2026-07-28T00:00:00.000Z
RET-002509,SO73419,1,SHP-025955,15077,361,1,10,98,RR-003,2014-01-15,2014-01-25,2014-01-28,1,1,2294.99,2226.14,REFUND,REFUNDED,SIMULATED return linked to an AdventureWorks order line,synthetic_extension,1.0.0,BASELINE,20260728,2026-07-28T00:00:00.000Z
RET-002510,SO73419,2,SHP-025955,15077,478,4,10,98,RR-004,2014-01-14,2014-01-19,2014-01-23,1,1,9.99,9.69,REFUND,REFUNDED,SIMULATED return linked to an AdventureWorks order line,synthetic_extension,1.0.0,BASELINE,20260728,2026-07-28T00:00:00.000Z
RET-002511,SO73435,1,SHP-025971,26524,535,4,4,100,RR-005,2014-01-15,2014-01-19,2014-01-20,1,1,24.99,24.24,REFUND,REFUNDED,SIMULATED return linked to an AdventureWorks order line,synthetic_extension,1.0.0,BASELINE,20260728,2026-07-28T00:00:00.000Z
RET-002512,SO73435,2,SHP-025971,26524,480,4,4,100,RR-006,2013-12-31,2014-01-03,2014-01-05,1,1,2.29,2.22,REFUND,REFUNDED,SIMULATED return linked to an AdventureWorks order line,synthetic_extension,1.0.0,BASELINE,20260728,2026-07-28T00:00:00.000Z
RET-002513,SO73441,4,SHP-025977,22222,463,3,4,100,RR-002,2014-01-06,2014-01-10,2014-01-11,1,1,24.49,23.76,REFUND,REFUNDED,SIMULATED return linked to an AdventureWorks order line,synthetic_extension,1.0.0,SCN_RET_CLOTHING_SIZE_SPIKE,20260728,2026-07-28T00:00:00.000Z
RET-002514,SO73448,2,SHP-025984,20021,231,3,6,19,RR-001,2014-01-18,2014-01-21,2014-01-23,1,1,49.99,48.49,REFUND,REFUNDED,SIMULATED return linked to an AdventureWorks order line,synthetic_extension,1.0.0,SCN_RET_CLOTHING_SIZE_SPIKE,20260728,2026-07-28T00:00:00.000Z
RET-002515,SO73448,3,SHP-025984,20021,482,3,6,19,RR-002,2014-01-17,2014-01-23,2014-01-26,1,1,8.99,8.72,REFUND,REFUNDED,SIMULATED return linked to an AdventureWorks order line,synthetic_extension,1.0.0,SCN_RET_CLOTHING_SIZE_SPIKE,20260728,2026-07-28T00:00:00.000Z
RET-002516,SO73458,2,SHP-025994,22534,529,4,7,100,RR-005,2014-01-14,2014-01-22,2014-01-23,1,1,3.99,3.87,REFUND,REFUNDED,SIMULATED return linked to an AdventureWorks order line,synthetic_extension,1.0.0,BASELINE,20260728,2026-07-28T00:00:00.000Z
RET-002517,SO73466,2,SHP-026002,15531,475,3,1,100,RR-001,2014-01-10,2014-01-13,2014-01-15,1,1,69.99,67.89,REFUND,REFUNDED,SIMULATED return linked to an AdventureWorks order line,synthetic_extension,1.0.0,SCN_RET_CLOTHING_SIZE_SPIKE,20260728,2026-07-28T00:00:00.000Z
RET-002518,SO73491,3,SHP-026027,18858,234,3,4,100,RR-002,2014-01-03,2014-01-11,2014-01-12,1,1,49.99,48.49,REFUND,REFUNDED,SIMULATED return linked to an AdventureWorks order line,synthetic_extension,1.0.0,SCN_RET_CLOTHING_SIZE_SPIKE,20260728,2026-07-28T00:00:00.000Z
RET-002519,SO73491,4,SHP-026027,18858,465,3,4,100,RR-001,2014-01-10,2014-01-13,2014-01-15,1,1,24.49,23.76,REFUND,REFUNDED,SIMULATED return linked to an AdventureWorks order line,synthetic_extension,1.0.0,SCN_RET_CLOTHING_SIZE_SPIKE,20260728,2026-07-28T00:00:00.000Z
RET-002520,SO73499,2,SHP-026035,13953,225,3,9,6,RR-004,2014-01-16,2014-01-21,2014-01-25,1,1,8.99,8.72,REFUND,REFUNDED,SIMULATED return linked to an AdventureWorks order line,synthetic_extension,1.0.0,BASELINE,20260728,2026-07-28T00:00:00.000Z
RET-002521,SO73499,3,SHP-026035,13953,491,3,9,6,RR-005,2014-01-15,2014-01-23,2014-01-24,1,1,53.99,52.37,REFUND,REFUNDED,SIMULATED return linked to an AdventureWorks order line,synthetic_extension,1.0.0,BASELINE,20260728,2026-07-28T00:00:00.000Z
RET-002522,SO73517,2,SHP-026053,28571,463,3,4,100,RR-002,2014-01-05,2014-01-11,2014-01-14,1,1,24.49,23.76,REFUND,REFUNDED,SIMULATED return linked to an AdventureWorks order line,synthetic_extension,1.0.0,SCN_RET_CLOTHING_SIZE_SPIKE,20260728,2026-07-28T00:00:00.000Z
RET-002523,SO73528,1,SHP-026064,19848,475,3,1,100,RR-001,2014-01-04,2014-01-07,2014-01-09,1,1,69.99,67.89,REFUND,REFUNDED,SIMULATED return linked to an AdventureWorks order line,synthetic_extension,1.0.0,SCN_RET_CLOTHING_SIZE_SPIKE,20260728,2026-07-28T00:00:00.000Z
RET-002524,SO73528,2,SHP-026064,19848,489,3,1,100,RR-002,2014-01-19,2014-01-23,2014-01-24,1,1,53.99,52.37,REFUND,REFUNDED,SIMULATED return linked to an AdventureWorks order line,synthetic_extension,1.0.0,SCN_RET_CLOTHING_SIZE_SPIKE,20260728,2026-07-28T00:00:00.000Z
RET-002525,SO73532,1,SHP-026068,14586,476,3,6,19,RR-002,2014-01-12,2014-01-22,2014-01-25,1,1,69.99,67.89,REFUND,REFUNDED,SIMULATED return linked to an AdventureWorks order line,synthetic_extension,1.0.0,SCN_RET_CLOTHING_SIZE_SPIKE,20260728,2026-07-28T00:00:00.000Z
RET-002526,SO73532,2,SHP-026068,14586,488,3,6,19,RR-001,2014-01-11,2014-01-16,2014-01-20,1,1,53.99,52.37,REFUND,REFUNDED,SIMULATED return linked to an AdventureWorks order line,synthetic_extension,1.0.0,SCN_RET_CLOTHING_SIZE_SPIKE,20260728,2026-07-28T00:00:00.000Z
RET-002527,SO73574,1,SHP-026110,22188,386,1,1,100,RR-005,2014-01-07,2014-01-15,2014-01-16,1,1,1120.49,1086.88,REFUND,REFUNDED,SIMULATED return linked to an AdventureWorks order line,synthetic_extension,1.0.0,BASELINE,20260728,2026-07-28T00:00:00.000Z
RET-002528,SO73574,3,SHP-026110,22188,465,3,1,100,RR-002,2014-01-09,2014-01-19,2014-01-22,1,1,24.49,23.76,REFUND,REFUNDED,SIMULATED return linked to an AdventureWorks order line,synthetic_extension,1.0.0,SCN_RET_CLOTHING_SIZE_SPIKE,20260728,2026-07-28T00:00:00.000Z
RET-002529,SO73591,1,SHP-026127,28019,530,4,1,100,RR-006,2014-01-06,2014-01-13,2014-01-15,1,1,4.99,4.84,REFUND,REFUNDED,SIMULATED return linked to an AdventureWorks order line,synthetic_extension,1.0.0,BASELINE,20260728,2026-07-28T00:00:00.000Z
RET-002530,SO73591,2,SHP-026127,28019,480,4,1,100,RR-005,2014-01-21,2014-01-29,2014-01-30,1,1,2.29,2.22,REFUND,REFUNDED,SIMULATED return linked to an AdventureWorks order line,synthetic_extension,1.0.0,BASELINE,20260728,2026-07-28T00:00:00.000Z
RET-002531,SO73598,1,SHP-026134,19154,474,3,1,100,RR-002,2014-01-05,2014-01-11,2014-01-14,1,1,69.99,67.89,REFUND,REFUNDED,SIMULATED return linked to an AdventureWorks order line,synthetic_extension,1.0.0,SCN_RET_CLOTHING_SIZE_SPIKE,20260728,2026-07-28T00:00:00.000Z
RET-002532,SO73599,1,SHP-026135,19230,476,3,4,100,RR-006,2014-01-09,2014-01-16,2014-01-18,1,1,69.99,67.89,REFUND,REFUNDED,SIMULATED return linked to an AdventureWorks order line,synthetic_extension,1.0.0,BASELINE,20260728,2026-07-28T00:00:00.000Z
RET-002533,SO73599,2,SHP-026135,19230,225,3,4,100,RR-005,2014-01-06,2014-01-14,2014-01-15,1,1,8.99,8.72,REFUND,REFUNDED,SIMULATED return linked to an AdventureWorks order line,synthetic_extension,1.0.0,BASELINE,20260728,2026-07-28T00:00:00.000Z
RET-002534,SO73602,3,SHP-026138,23548,482,3,6,19,RR-002,2014-01-23,2014-02-02,2014-02-05,1,1,8.99,8.72,REFUND,REFUNDED,SIMULATED return linked to an AdventureWorks order line,synthetic_extension,1.0.0,SCN_RET_CLOTHING_SIZE_SPIKE,20260728,2026-07-28T00:00:00.000Z
RET-002535,SO73605,1,SHP-026141,11543,489,3,7,100,RR-001,2014-01-27,2014-02-03,2014-02-05,1,1,53.99,52.37,REFUND,REFUNDED,SIMULATED return linked to an AdventureWorks order line,synthetic_extension,1.0.0,SCN_RET_CLOTHING_SIZE_SPIKE,20260728,2026-07-28T00:00:00.000Z
RET-002536,SO73613,1,SHP-026149,12544,225,3,8,100,RR-002,2014-01-14,2014-01-20,2014-01-23,1,1,8.99,8.72,REFUND,REFUNDED,SIMULATED return linked to an AdventureWorks order line,synthetic_extension,1.0.0,SCN_RET_CLOTHING_SIZE_SPIKE,20260728,2026-07-28T00:00:00.000Z
RET-002537,SO73621,4,SHP-026157,26297,225,3,1,100,RR-002,2014-01-15,2014-01-19,2014-01-20,1,1,8.99,8.72,REFUND,REFUNDED,SIMULATED return linked to an AdventureWorks order line,synthetic_extension,1.0.0,SCN_RET_CLOTHING_SIZE_SPIKE,20260728,2026-07-28T00:00:00.000Z
RET-002538,SO73626,1,SHP-026162,23870,584,1,1,100,RR-003,2014-01-19,2014-01-29,2014-02-01,1,1,539.99,523.79,REFUND,REFUNDED,SIMULATED return linked to an AdventureWorks order line,synthetic_extension,1.0.0,BASELINE,20260728,2026-07-28T00:00:00.000Z
RET-002539,SO73626,2,SHP-026162,23870,538,4,1,100,RR-004,2014-01-18,2014-01-23,2014-01-27,1,1,21.49,20.85,REFUND,REFUNDED,SIMULATED return linked to an AdventureWorks order line,synthetic_extension,1.0.0,BASELINE,20260728,2026-07-28T00:00:00.000Z
RET-002540,SO73626,3,SHP-026162,23870,529,4,1,100,RR-005,2014-01-17,2014-01-25,2014-01-26,1,1,3.99,3.87,REFUND,REFUNDED,SIMULATED return linked to an AdventureWorks order line,synthetic_extension,1.0.0,BASELINE,20260728,2026-07-28T00:00:00.000Z
RET-002541,SO73626,4,SHP-026162,23870,217,4,1,100,RR-006,2014-01-06,2014-01-09,2014-01-11,1,1,34.99,33.94,REFUND,REFUNDED,SIMULATED return linked to an AdventureWorks order line,synthetic_extension,1.0.0,BASELINE,20260728,2026-07-28T00:00:00.000Z
RET-002542,SO73626,5,SHP-026162,23870,465,3,1,100,RR-002,2014-01-05,2014-01-11,2014-01-14,1,1,24.49,23.76,REFUND,REFUNDED,SIMULATED return linked to an AdventureWorks order line,synthetic_extension,1.0.0,SCN_RET_CLOTHING_SIZE_SPIKE,20260728,2026-07-28T00:00:00.000Z
RET-002543,SO73630,1,SHP-026166,19313,582,1,7,100,RR-006,2014-01-17,2014-01-24,2014-01-26,1,1,1700.99,1649.96,REFUND,REFUNDED,SIMULATED return linked to an AdventureWorks order line,synthetic_extension,1.0.0,BASELINE,20260728,2026-07-28T00:00:00.000Z
RET-002544,SO73630,3,SHP-026166,19313,463,3,7,100,RR-001,2014-01-15,2014-01-20,2014-01-24,1,1,24.49,23.76,REFUND,REFUNDED,SIMULATED return linked to an AdventureWorks order line,synthetic_extension,1.0.0,SCN_RET_CLOTHING_SIZE_SPIKE,20260728,2026-07-28T00:00:00.000Z
RET-002545,SO73638,2,SHP-026174,26924,529,4,9,6,RR-005,2014-01-08,2014-01-16,2014-01-17,1,1,3.99,3.87,REFUND,REFUNDED,SIMULATED return linked to an AdventureWorks order line,synthetic_extension,1.0.0,BASELINE,20260728,2026-07-28T00:00:00.000Z
RET-002546,SO73639,2,SHP-026175,13957,225,3,9,6,RR-001,2014-01-12,2014-01-21,2014-01-25,1,1,8.99,8.72,REFUND,REFUNDED,SIMULATED return linked to an AdventureWorks order line,synthetic_extension,1.0.0,SCN_RET_CLOTHING_SIZE_SPIKE,20260728,2026-07-28T00:00:00.000Z
RET-002547,SO73671,1,SHP-026207,21591,477,4,4,100,RR-003,2014-01-18,2014-01-28,2014-01-31,1,1,4.99,4.84,REFUND,REFUNDED,SIMULATED return linked to an AdventureWorks order line,synthetic_extension,1.0.0,BASELINE,20260728,2026-07-28T00:00:00.000Z
RET-002548,SO73671,2,SHP-026207,21591,478,4,4,100,RR-004,2014-01-17,2014-01-22,2014-01-26,1,1,9.99,9.69,REFUND,REFUNDED,SIMULATED return linked to an AdventureWorks order line,synthetic_extension,1.0.0,BASELINE,20260728,2026-07-28T00:00:00.000Z
RET-002549,SO73671,3,SHP-026207,21591,487,4,4,100,RR-005,2014-01-16,2014-01-24,2014-01-25,1,1,54.99,53.34,REFUND,REFUNDED,SIMULATED return linked to an AdventureWorks order line,synthetic_extension,1.0.0,BASELINE,20260728,2026-07-28T00:00:00.000Z
RET-002550,SO73677,3,SHP-026213,14529,463,3,10,98,RR-002,2014-01-19,2014-01-25,2014-01-28,1,1,24.49,23.76,REFUND,REFUNDED,SIMULATED return linked to an AdventureWorks order line,synthetic_extension,1.0.0,SCN_RET_CLOTHING_SIZE_SPIKE,20260728,2026-07-28T00:00:00.000Z
RET-002551,SO73691,2,SHP-026227,27687,225,3,9,6,RR-001,2014-01-19,2014-01-22,2014-01-24,1,1,8.99,8.72,REFUND,REFUNDED,SIMULATED return linked to an AdventureWorks order line,synthetic_extension,1.0.0,SCN_RET_CLOTHING_SIZE_SPIKE,20260728,2026-07-28T00:00:00.000Z
RET-002552,SO73691,3,SHP-026227,27687,490,3,9,6,RR-002,2014-01-18,2014-01-24,2014-01-27,1,1,53.99,52.37,REFUND,REFUNDED,SIMULATED return linked to an AdventureWorks order line,synthetic_extension,1.0.0,SCN_RET_CLOTHING_SIZE_SPIKE,20260728,2026-07-28T00:00:00.000Z
RET-002553,SO73701,3,SHP-026237,24356,491,3,4,100,RR-002,2014-01-08,2014-01-16,2014-01-17,1,1,53.99,52.37,REFUND,REFUNDED,SIMULATED return linked to an AdventureWorks order line,synthetic_extension,1.0.0,SCN_RET_CLOTHING_SIZE_SPIKE,20260728,2026-07-28T00:00:00.000Z
RET-002554,SO73702,4,SHP-026238,24385,225,3,4,100,RR-002,2014-01-06,2014-01-14,2014-01-15,1,1,8.99,8.72,REFUND,REFUNDED,SIMULATED return linked to an AdventureWorks order line,synthetic_extension,1.0.0,SCN_RET_CLOTHING_SIZE_SPIKE,20260728,2026-07-28T00:00:00.000Z
RET-002555,SO73706,1,SHP-026242,19319,581,1,7,100,RR-004,2014-01-22,2014-01-27,2014-01-31,1,1,1700.99,1649.96,REFUND,REFUNDED,SIMULATED return linked to an AdventureWorks order line,synthetic_extension,1.0.0,BASELINE,20260728,2026-07-28T00:00:00.000Z
RET-002556,SO73706,2,SHP-026242,19319,491,3,7,100,RR-002,2014-01-23,2014-02-02,2014-02-05,1,1,53.99,52.37,REFUND,REFUNDED,SIMULATED return linked to an AdventureWorks order line,synthetic_extension,1.0.0,SCN_RET_CLOTHING_SIZE_SPIKE,20260728,2026-07-28T00:00:00.000Z
RET-002557,SO73706,3,SHP-026242,19319,463,3,7,100,RR-001,2014-01-06,2014-01-13,2014-01-15,1,1,24.49,23.76,REFUND,REFUNDED,SIMULATED return linked to an AdventureWorks order line,synthetic_extension,1.0.0,SCN_RET_CLOTHING_SIZE_SPIKE,20260728,2026-07-28T00:00:00.000Z
RET-002558,SO73719,3,SHP-026255,18262,491,3,9,6,RR-001,2014-01-21,2014-01-24,2014-01-26,1,1,53.99,52.37,REFUND,REFUNDED,SIMULATED return linked to an AdventureWorks order line,synthetic_extension,1.0.0,SCN_RET_CLOTHING_SIZE_SPIKE,20260728,2026-07-28T00:00:00.000Z
RET-002559,SO73731,2,SHP-026267,26775,472,3,4,100,RR-002,2014-01-14,2014-01-22,2014-01-23,1,1,63.5,61.59,REFUND,REFUNDED,SIMULATED return linked to an AdventureWorks order line,synthetic_extension,1.0.0,SCN_RET_CLOTHING_SIZE_SPIKE,20260728,2026-07-28T00:00:00.000Z
RET-002560,SO73731,3,SHP-026267,26775,538,4,4,100,RR-004,2014-01-15,2014-01-20,2014-01-24,1,1,21.49,20.85,REFUND,REFUNDED,SIMULATED return linked to an AdventureWorks order line,synthetic_extension,1.0.0,BASELINE,20260728,2026-07-28T00:00:00.000Z
RET-002561,SO73739,1,SHP-026275,29339,478,4,6,19,RR-006,2014-01-17,2014-01-24,2014-01-26,1,1,9.99,9.69,REFUND,REFUNDED,SIMULATED return linked to an AdventureWorks order line,synthetic_extension,1.0.0,BASELINE,20260728,2026-07-28T00:00:00.000Z
RET-002562,SO73739,4,SHP-026275,29339,225,3,6,19,RR-002,2014-01-20,2014-01-26,2014-01-29,1,1,8.99,8.72,REFUND,REFUNDED,SIMULATED return linked to an AdventureWorks order line,synthetic_extension,1.0.0,SCN_RET_CLOTHING_SIZE_SPIKE,20260728,2026-07-28T00:00:00.000Z
RET-002563,SO73744,2,SHP-026280,18117,225,3,1,100,RR-002,2014-01-15,2014-01-19,2014-01-20,1,1,8.99,8.72,REFUND,REFUNDED,SIMULATED return linked to an AdventureWorks order line,synthetic_extension,1.0.0,SCN_RET_CLOTHING_SIZE_SPIKE,20260728,2026-07-28T00:00:00.000Z
RET-002564,SO73761,5,SHP-026297,22904,472,3,9,6,RR-002,2014-01-25,2014-02-02,2014-02-03,1,1,63.5,61.59,REFUND,REFUNDED,SIMULATED return linked to an AdventureWorks order line,synthetic_extension,1.0.0,SCN_RET_CLOTHING_SIZE_SPIKE,20260728,2026-07-28T00:00:00.000Z
RET-002565,SO73772,2,SHP-026308,22186,488,3,4,100,RR-001,2014-01-20,2014-01-27,2014-01-29,1,1,53.99,52.37,REFUND,REFUNDED,SIMULATED return linked to an AdventureWorks order line,synthetic_extension,1.0.0,SCN_RET_CLOTHING_SIZE_SPIKE,20260728,2026-07-28T00:00:00.000Z
RET-002566,SO73787,2,SHP-026323,13644,214,4,9,6,RR-006,2014-01-10,2014-01-13,2014-01-15,1,1,34.99,33.94,REFUND,REFUNDED,SIMULATED return linked to an AdventureWorks order line,synthetic_extension,1.0.0,BASELINE,20260728,2026-07-28T00:00:00.000Z
RET-002567,SO73787,3,SHP-026323,13644,491,3,9,6,RR-002,2014-01-09,2014-01-15,2014-01-18,1,1,53.99,52.37,REFUND,REFUNDED,SIMULATED return linked to an AdventureWorks order line,synthetic_extension,1.0.0,SCN_RET_CLOTHING_SIZE_SPIKE,20260728,2026-07-28T00:00:00.000Z
RET-002568,SO73792,4,SHP-026328,14069,225,3,9,6,RR-001,2014-01-19,2014-01-22,2014-01-24,1,1,8.99,8.72,REFUND,REFUNDED,SIMULATED return linked to an AdventureWorks order line,synthetic_extension,1.0.0,SCN_RET_CLOTHING_SIZE_SPIKE,20260728,2026-07-28T00:00:00.000Z
RET-002569,SO73792,5,SHP-026328,14069,237,3,9,6,RR-002,2014-01-18,2014-01-24,2014-01-27,1,1,49.99,48.49,REFUND,REFUNDED,SIMULATED return linked to an AdventureWorks order line,synthetic_extension,1.0.0,SCN_RET_CLOTHING_SIZE_SPIKE,20260728,2026-07-28T00:00:00.000Z
RET-002570,SO73796,1,SHP-026332,18271,485,4,9,6,RR-003,2014-01-24,2014-01-30,2014-02-02,1,1,21.98,21.32,REFUND,REFUNDED,SIMULATED return linked to an AdventureWorks order line,synthetic_extension,1.0.0,BASELINE,20260728,2026-07-28T00:00:00.000Z
RET-002571,SO73801,2,SHP-026337,13634,481,3,9,6,RR-002,2014-01-09,2014-01-19,2014-01-22,1,1,8.99,8.72,REFUND,REFUNDED,SIMULATED return linked to an AdventureWorks order line,synthetic_extension,1.0.0,SCN_RET_CLOTHING_SIZE_SPIKE,20260728,2026-07-28T00:00:00.000Z
RET-002572,SO73809,2,SHP-026345,11173,472,3,1,100,RR-002,2014-01-10,2014-01-20,2014-01-23,1,1,63.5,61.59,REFUND,REFUNDED,SIMULATED return linked to an AdventureWorks order line,synthetic_extension,1.0.0,SCN_RET_CLOTHING_SIZE_SPIKE,20260728,2026-07-28T00:00:00.000Z
RET-002573,SO73815,1,SHP-026351,11276,540,4,6,19,RR-003,2014-01-20,2014-01-30,2014-02-02,1,1,32.6,31.62,REFUND,REFUNDED,SIMULATED return linked to an AdventureWorks order line,synthetic_extension,1.0.0,BASELINE,20260728,2026-07-28T00:00:00.000Z
RET-002574,SO73820,1,SHP-026356,29072,476,3,6,19,RR-002,2014-01-08,2014-01-18,2014-01-21,1,1,69.99,67.89,REFUND,REFUNDED,SIMULATED return linked to an AdventureWorks order line,synthetic_extension,1.0.0,SCN_RET_CLOTHING_SIZE_SPIKE,20260728,2026-07-28T00:00:00.000Z
RET-002575,SO73820,2,SHP-026356,29072,237,3,6,19,RR-001,2014-01-07,2014-01-12,2014-01-16,1,1,49.99,48.49,REFUND,REFUNDED,SIMULATED return linked to an AdventureWorks order line,synthetic_extension,1.0.0,SCN_RET_CLOTHING_SIZE_SPIKE,20260728,2026-07-28T00:00:00.000Z
RET-002576,SO73820,3,SHP-026356,29072,225,3,6,19,RR-002,2014-01-24,2014-02-01,2014-02-02,1,1,8.99,8.72,REFUND,REFUNDED,SIMULATED return linked to an AdventureWorks order line,synthetic_extension,1.0.0,SCN_RET_CLOTHING_SIZE_SPIKE,20260728,2026-07-28T00:00:00.000Z
RET-002577,SO73821,2,SHP-026357,25437,225,3,6,19,RR-002,2014-01-27,2014-01-31,2014-02-01,1,1,8.99,8.72,REFUND,REFUNDED,SIMULATED return linked to an AdventureWorks order line,synthetic_extension,1.0.0,SCN_RET_CLOTHING_SIZE_SPIKE,20260728,2026-07-28T00:00:00.000Z
RET-002578,SO73827,2,SHP-026363,19908,467,3,7,100,RR-002,2014-01-19,2014-01-29,2014-02-01,1,1,24.49,23.76,REFUND,REFUNDED,SIMULATED return linked to an AdventureWorks order line,synthetic_extension,1.0.0,SCN_RET_CLOTHING_SIZE_SPIKE,20260728,2026-07-28T00:00:00.000Z
RET-002579,SO73836,1,SHP-026372,18817,355,1,1,100,RR-006,2014-01-15,2014-01-18,2014-01-20,1,1,2319.99,2250.39,REFUND,REFUNDED,SIMULATED return linked to an AdventureWorks order line,synthetic_extension,1.0.0,BASELINE,20260728,2026-07-28T00:00:00.000Z
RET-002580,SO73836,2,SHP-026372,18817,537,4,1,100,RR-005,2014-01-12,2014-01-16,2014-01-17,1,1,35,33.95,REFUND,REFUNDED,SIMULATED return linked to an AdventureWorks order line,synthetic_extension,1.0.0,BASELINE,20260728,2026-07-28T00:00:00.000Z
RET-002581,SO73836,3,SHP-026372,18817,480,4,1,100,RR-004,2014-01-13,2014-01-22,2014-01-26,1,1,2.29,2.22,REFUND,REFUNDED,SIMULATED return linked to an AdventureWorks order line,synthetic_extension,1.0.0,BASELINE,20260728,2026-07-28T00:00:00.000Z
RET-002582,SO73844,2,SHP-026380,12745,225,3,10,98,RR-001,2014-01-24,2014-01-27,2014-01-29,1,1,8.99,8.72,REFUND,REFUNDED,SIMULATED return linked to an AdventureWorks order line,synthetic_extension,1.0.0,SCN_RET_CLOTHING_SIZE_SPIKE,20260728,2026-07-28T00:00:00.000Z
RET-002583,SO73845,4,SHP-026381,22921,225,3,9,6,RR-002,2014-01-11,2014-01-15,2014-01-16,1,1,8.99,8.72,REFUND,REFUNDED,SIMULATED return linked to an AdventureWorks order line,synthetic_extension,1.0.0,SCN_RET_CLOTHING_SIZE_SPIKE,20260728,2026-07-28T00:00:00.000Z
RET-002584,SO73853,1,SHP-026389,21813,604,1,6,19,RR-005,2014-01-18,2014-01-26,2014-01-27,1,1,539.99,523.79,REFUND,REFUNDED,SIMULATED return linked to an AdventureWorks order line,synthetic_extension,1.0.0,BASELINE,20260728,2026-07-28T00:00:00.000Z
RET-002585,SO73861,2,SHP-026397,19297,237,3,7,100,RR-005,2014-01-25,2014-02-02,2014-02-03,1,1,49.99,48.49,REFUND,REFUNDED,SIMULATED return linked to an AdventureWorks order line,synthetic_extension,1.0.0,BASELINE,20260728,2026-07-28T00:00:00.000Z
RET-002586,SO73861,3,SHP-026397,19297,225,3,7,100,RR-004,2014-01-26,2014-01-31,2014-02-04,1,1,8.99,8.72,REFUND,REFUNDED,SIMULATED return linked to an AdventureWorks order line,synthetic_extension,1.0.0,BASELINE,20260728,2026-07-28T00:00:00.000Z
RET-002587,SO73874,1,SHP-026410,15078,353,1,10,98,RR-004,2014-01-29,2014-02-03,2014-02-07,1,1,2319.99,2250.39,REFUND,REFUNDED,SIMULATED return linked to an AdventureWorks order line,synthetic_extension,1.0.0,BASELINE,20260728,2026-07-28T00:00:00.000Z
RET-002588,SO73874,2,SHP-026410,15078,217,4,10,98,RR-003,2014-01-30,2014-02-09,2014-02-12,1,1,34.99,33.94,REFUND,REFUNDED,SIMULATED return linked to an AdventureWorks order line,synthetic_extension,1.0.0,BASELINE,20260728,2026-07-28T00:00:00.000Z
RET-002589,SO73892,1,SHP-026428,19404,477,4,4,100,RR-004,2014-01-10,2014-01-15,2014-01-19,1,1,4.99,4.84,REFUND,REFUNDED,SIMULATED return linked to an AdventureWorks order line,synthetic_extension,1.0.0,BASELINE,20260728,2026-07-28T00:00:00.000Z
RET-002590,SO73900,1,SHP-026436,20043,536,4,8,100,RR-004,2014-01-19,2014-01-24,2014-01-28,1,1,29.99,29.09,REFUND,REFUNDED,SIMULATED return linked to an AdventureWorks order line,synthetic_extension,1.0.0,BASELINE,20260728,2026-07-28T00:00:00.000Z
RET-002591,SO73915,2,SHP-026451,15660,481,3,10,98,RR-002,2014-01-18,2014-01-26,2014-01-27,1,1,8.99,8.72,REFUND,REFUNDED,SIMULATED return linked to an AdventureWorks order line,synthetic_extension,1.0.0,SCN_RET_CLOTHING_SIZE_SPIKE,20260728,2026-07-28T00:00:00.000Z
RET-002592,SO73924,4,SHP-026460,11048,489,3,9,6,RR-002,2014-01-20,2014-01-30,2014-02-02,1,1,53.99,52.37,REFUND,REFUNDED,SIMULATED return linked to an AdventureWorks order line,synthetic_extension,1.0.0,SCN_RET_CLOTHING_SIZE_SPIKE,20260728,2026-07-28T00:00:00.000Z
RET-002593,SO73924,5,SHP-026460,11048,225,3,9,6,RR-001,2014-01-21,2014-01-28,2014-01-30,1,1,8.99,8.72,REFUND,REFUNDED,SIMULATED return linked to an AdventureWorks order line,synthetic_extension,1.0.0,SCN_RET_CLOTHING_SIZE_SPIKE,20260728,2026-07-28T00:00:00.000Z
RET-002594,SO73929,1,SHP-026465,29041,604,1,6,19,RR-003,2014-01-17,2014-01-23,2014-01-26,1,1,539.99,523.79,REFUND,REFUNDED,SIMULATED return linked to an AdventureWorks order line,synthetic_extension,1.0.0,BASELINE,20260728,2026-07-28T00:00:00.000Z
RET-002595,SO73929,2,SHP-026465,29041,479,4,6,19,RR-004,2014-01-16,2014-01-25,2014-01-29,1,1,8.99,8.72,REFUND,REFUNDED,SIMULATED return linked to an AdventureWorks order line,synthetic_extension,1.0.0,BASELINE,20260728,2026-07-28T00:00:00.000Z
RET-002596,SO73929,3,SHP-026465,29041,477,4,6,19,RR-005,2014-01-15,2014-01-19,2014-01-20,1,1,4.99,4.84,REFUND,REFUNDED,SIMULATED return linked to an AdventureWorks order line,synthetic_extension,1.0.0,BASELINE,20260728,2026-07-28T00:00:00.000Z
RET-002597,SO73929,4,SHP-026465,29041,231,3,6,19,RR-001,2014-01-14,2014-01-21,2014-01-23,1,1,49.99,48.49,REFUND,REFUNDED,SIMULATED return linked to an AdventureWorks order line,synthetic_extension,1.0.0,SCN_RET_CLOTHING_SIZE_SPIKE,20260728,2026-07-28T00:00:00.000Z
RET-002598,SO73930,1,SHP-026466,24231,605,1,4,100,RR-005,2014-01-09,2014-01-13,2014-01-14,1,1,539.99,523.79,REFUND,REFUNDED,SIMULATED return linked to an AdventureWorks order line,synthetic_extension,1.0.0,BASELINE,20260728,2026-07-28T00:00:00.000Z
RET-002599,SO73937,2,SHP-026473,25591,225,3,8,100,RR-002,2014-02-01,2014-02-05,2014-02-06,1,1,8.99,8.72,REFUND,REFUNDED,SIMULATED return linked to an AdventureWorks order line,synthetic_extension,1.0.0,SCN_RET_CLOTHING_SIZE_SPIKE,20260728,2026-07-28T00:00:00.000Z
RET-002600,SO73959,1,SHP-026495,12070,228,3,4,100,RR-006,2014-01-13,2014-01-20,2014-01-22,1,1,49.99,48.49,REFUND,REFUNDED,SIMULATED return linked to an AdventureWorks order line,synthetic_extension,1.0.0,BASELINE,20260728,2026-07-28T00:00:00.000Z
RET-002601,SO73960,4,SHP-026496,11510,482,3,6,19,RR-003,2014-01-21,2014-01-31,2014-02-03,1,1,8.99,8.72,REFUND,REFUNDED,SIMULATED return linked to an AdventureWorks order line,synthetic_extension,1.0.0,BASELINE,20260728,2026-07-28T00:00:00.000Z
RET-002602,SO73970,1,SHP-026506,28771,474,3,6,19,RR-002,2014-01-14,2014-01-22,2014-01-23,1,1,69.99,67.89,REFUND,REFUNDED,SIMULATED return linked to an AdventureWorks order line,synthetic_extension,1.0.0,SCN_RET_CLOTHING_SIZE_SPIKE,20260728,2026-07-28T00:00:00.000Z
RET-002603,SO73978,2,SHP-026514,18035,529,4,8,100,RR-006,2014-01-20,2014-01-27,2014-01-29,1,1,3.99,3.87,REFUND,REFUNDED,SIMULATED return linked to an AdventureWorks order line,synthetic_extension,1.0.0,BASELINE,20260728,2026-07-28T00:00:00.000Z
RET-002604,SO73997,4,SHP-026533,13728,465,3,4,100,RR-002,2014-01-11,2014-01-15,2014-01-16,1,1,24.49,23.76,REFUND,REFUNDED,SIMULATED return linked to an AdventureWorks order line,synthetic_extension,1.0.0,SCN_RET_CLOTHING_SIZE_SPIKE,20260728,2026-07-28T00:00:00.000Z
RET-002605,SO74001,2,SHP-026537,19454,491,3,8,100,RR-001,2014-01-23,2014-01-30,2014-02-01,1,1,53.99,52.37,REFUND,REFUNDED,SIMULATED return linked to an AdventureWorks order line,synthetic_extension,1.0.0,SCN_RET_CLOTHING_SIZE_SPIKE,20260728,2026-07-28T00:00:00.000Z
RET-002606,SO74012,3,SHP-026548,22220,463,3,1,100,RR-002,2014-01-18,2014-01-24,2014-01-27,1,1,24.49,23.76,REFUND,REFUNDED,SIMULATED return linked to an AdventureWorks order line,synthetic_extension,1.0.0,SCN_RET_CLOTHING_SIZE_SPIKE,20260728,2026-07-28T00:00:00.000Z
RET-002607,SO74013,5,SHP-026549,21436,463,3,1,100,RR-001,2014-01-13,2014-01-22,2014-01-26,1,1,24.49,23.76,REFUND,REFUNDED,SIMULATED return linked to an AdventureWorks order line,synthetic_extension,1.0.0,SCN_RET_CLOTHING_SIZE_SPIKE,20260728,2026-07-28T00:00:00.000Z
RET-002608,SO74021,1,SHP-026557,22318,388,1,8,100,RR-003,2014-01-21,2014-01-31,2014-02-03,1,1,1120.49,1086.88,REFUND,REFUNDED,SIMULATED return linked to an AdventureWorks order line,synthetic_extension,1.0.0,BASELINE,20260728,2026-07-28T00:00:00.000Z
RET-002609,SO74021,2,SHP-026557,22318,488,3,8,100,RR-001,2014-01-20,2014-01-25,2014-01-29,1,1,53.99,52.37,REFUND,REFUNDED,SIMULATED return linked to an AdventureWorks order line,synthetic_extension,1.0.0,SCN_RET_CLOTHING_SIZE_SPIKE,20260728,2026-07-28T00:00:00.000Z
RET-002610,SO74038,1,SHP-026574,15087,361,1,10,98,RR-005,2014-01-22,2014-01-30,2014-01-31,1,1,2294.99,2226.14,REFUND,REFUNDED,SIMULATED return linked to an AdventureWorks order line,synthetic_extension,1.0.0,BASELINE,20260728,2026-07-28T00:00:00.000Z
RET-002611,SO74038,3,SHP-026574,15087,225,3,10,98,RR-003,2014-01-24,2014-02-03,2014-02-06,1,1,8.99,8.72,REFUND,REFUNDED,SIMULATED return linked to an AdventureWorks order line,synthetic_extension,1.0.0,BASELINE,20260728,2026-07-28T00:00:00.000Z
RET-002612,SO74043,1,SHP-026579,27011,541,4,1,100,RR-003,2014-01-15,2014-01-21,2014-01-24,1,1,28.99,28.12,REFUND,REFUNDED,SIMULATED return linked to an AdventureWorks order line,synthetic_extension,1.0.0,BASELINE,20260728,2026-07-28T00:00:00.000Z
RET-002613,SO74043,2,SHP-026579,27011,530,4,1,100,RR-004,2014-01-14,2014-01-23,2014-01-27,1,1,4.99,4.84,REFUND,REFUNDED,SIMULATED return linked to an AdventureWorks order line,synthetic_extension,1.0.0,BASELINE,20260728,2026-07-28T00:00:00.000Z
RET-002614,SO74043,3,SHP-026579,27011,480,4,1,100,RR-005,2014-01-13,2014-01-17,2014-01-18,1,1,2.29,2.22,REFUND,REFUNDED,SIMULATED return linked to an AdventureWorks order line,synthetic_extension,1.0.0,BASELINE,20260728,2026-07-28T00:00:00.000Z
RET-002615,SO74055,3,SHP-026591,19356,225,3,8,100,RR-001,2014-01-23,2014-01-28,2014-02-01,1,1,8.99,8.72,REFUND,REFUNDED,SIMULATED return linked to an AdventureWorks order line,synthetic_extension,1.0.0,SCN_RET_CLOTHING_SIZE_SPIKE,20260728,2026-07-28T00:00:00.000Z
RET-002616,SO74056,1,SHP-026592,22830,529,4,8,100,RR-005,2014-01-27,2014-01-31,2014-02-01,1,1,3.99,3.87,REFUND,REFUNDED,SIMULATED return linked to an AdventureWorks order line,synthetic_extension,1.0.0,BASELINE,20260728,2026-07-28T00:00:00.000Z
RET-002617,SO74056,2,SHP-026592,22830,480,4,8,100,RR-006,2014-01-12,2014-01-15,2014-01-17,1,1,2.29,2.22,REFUND,REFUNDED,SIMULATED return linked to an AdventureWorks order line,synthetic_extension,1.0.0,BASELINE,20260728,2026-07-28T00:00:00.000Z
RET-002618,SO74056,3,SHP-026592,22830,484,4,8,100,RR-003,2014-01-29,2014-02-04,2014-02-07,1,1,7.95,7.71,REFUND,REFUNDED,SIMULATED return linked to an AdventureWorks order line,synthetic_extension,1.0.0,BASELINE,20260728,2026-07-28T00:00:00.000Z
RET-002619,SO74062,4,SHP-026598,12963,467,3,1,100,RR-002,2014-01-10,2014-01-14,2014-01-15,1,1,24.49,23.76,REFUND,REFUNDED,SIMULATED return linked to an AdventureWorks order line,synthetic_extension,1.0.0,SCN_RET_CLOTHING_SIZE_SPIKE,20260728,2026-07-28T00:00:00.000Z
RET-002620,SO74066,2,SHP-026602,15467,225,3,4,100,RR-003,2014-01-17,2014-01-23,2014-01-26,1,1,8.99,8.72,REFUND,REFUNDED,SIMULATED return linked to an AdventureWorks order line,synthetic_extension,1.0.0,BASELINE,20260728,2026-07-28T00:00:00.000Z
RET-002621,SO74067,2,SHP-026603,15334,475,3,6,19,RR-006,2014-01-14,2014-01-21,2014-01-23,1,1,69.99,67.89,REFUND,REFUNDED,SIMULATED return linked to an AdventureWorks order line,synthetic_extension,1.0.0,BASELINE,20260728,2026-07-28T00:00:00.000Z
RET-002622,SO74067,3,SHP-026603,15334,225,3,6,19,RR-003,2014-01-13,2014-01-23,2014-01-26,1,1,8.99,8.72,REFUND,REFUNDED,SIMULATED return linked to an AdventureWorks order line,synthetic_extension,1.0.0,BASELINE,20260728,2026-07-28T00:00:00.000Z
RET-002623,SO74079,2,SHP-026615,28288,477,4,4,100,RR-003,2014-01-16,2014-01-26,2014-01-29,1,1,4.99,4.84,REFUND,REFUNDED,SIMULATED return linked to an AdventureWorks order line,synthetic_extension,1.0.0,BASELINE,20260728,2026-07-28T00:00:00.000Z
RET-002624,SO74079,3,SHP-026615,28288,479,4,4,100,RR-006,2014-01-17,2014-01-24,2014-01-26,1,1,8.99,8.72,REFUND,REFUNDED,SIMULATED return linked to an AdventureWorks order line,synthetic_extension,1.0.0,BASELINE,20260728,2026-07-28T00:00:00.000Z
RET-002625,SO74080,4,SHP-026616,24310,480,4,6,19,RR-005,2014-01-16,2014-01-24,2014-01-25,1,1,2.29,2.22,REFUND,REFUNDED,SIMULATED return linked to an AdventureWorks order line,synthetic_extension,1.0.0,BASELINE,20260728,2026-07-28T00:00:00.000Z
RET-002626,SO74091,3,SHP-026627,14714,225,3,7,100,RR-001,2014-01-29,2014-02-03,2014-02-07,1,1,8.99,8.72,REFUND,REFUNDED,SIMULATED return linked to an AdventureWorks order line,synthetic_extension,1.0.0,SCN_RET_CLOTHING_SIZE_SPIKE,20260728,2026-07-28T00:00:00.000Z
RET-002627,SO74125,2,SHP-026661,11717,537,4,1,100,RR-005,2014-01-12,2014-01-16,2014-01-17,1,1,35,33.95,REFUND,REFUNDED,SIMULATED return linked to an AdventureWorks order line,synthetic_extension,1.0.0,BASELINE,20260728,2026-07-28T00:00:00.000Z
RET-002628,SO74125,3,SHP-026661,11717,471,3,1,100,RR-001,2014-01-13,2014-01-22,2014-01-26,1,1,63.5,61.59,REFUND,REFUNDED,SIMULATED return linked to an AdventureWorks order line,synthetic_extension,1.0.0,SCN_RET_CLOTHING_SIZE_SPIKE,20260728,2026-07-28T00:00:00.000Z
RET-002629,SO74154,1,SHP-026690,11902,465,3,9,6,RR-006,2014-01-19,2014-01-22,2014-01-24,1,1,24.49,23.76,REFUND,REFUNDED,SIMULATED return linked to an AdventureWorks order line,synthetic_extension,1.0.0,BASELINE,20260728,2026-07-28T00:00:00.000Z
RET-002630,SO74155,1,SHP-026691,11051,225,3,9,6,RR-003,2014-01-19,2014-01-29,2014-02-01,1,1,8.99,8.72,REFUND,REFUNDED,SIMULATED return linked to an AdventureWorks order line,synthetic_extension,1.0.0,BASELINE,20260728,2026-07-28T00:00:00.000Z
RET-002631,SO74155,2,SHP-026691,11051,228,3,9,6,RR-004,2014-01-18,2014-01-23,2014-01-27,1,1,49.99,48.49,REFUND,REFUNDED,SIMULATED return linked to an AdventureWorks order line,synthetic_extension,1.0.0,BASELINE,20260728,2026-07-28T00:00:00.000Z
RET-002632,SO74172,2,SHP-026708,19200,234,3,6,19,RR-002,2014-01-26,2014-02-03,2014-02-04,1,1,49.99,48.49,REFUND,REFUNDED,SIMULATED return linked to an AdventureWorks order line,synthetic_extension,1.0.0,SCN_RET_CLOTHING_SIZE_SPIKE,20260728,2026-07-28T00:00:00.000Z
RET-002633,SO74173,1,SHP-026709,14689,528,4,7,100,RR-003,2014-01-13,2014-01-19,2014-01-22,1,1,4.99,4.84,REFUND,REFUNDED,SIMULATED return linked to an AdventureWorks order line,synthetic_extension,1.0.0,BASELINE,20260728,2026-07-28T00:00:00.000Z
RET-002634,SO74202,1,SHP-026738,21278,478,4,1,100,RR-004,2014-01-16,2014-01-25,2014-01-29,1,1,9.99,9.69,REFUND,REFUNDED,SIMULATED return linked to an AdventureWorks order line,synthetic_extension,1.0.0,BASELINE,20260728,2026-07-28T00:00:00.000Z
RET-002635,SO74202,2,SHP-026738,21278,477,4,1,100,RR-003,2014-01-17,2014-01-23,2014-01-26,1,1,4.99,4.84,REFUND,REFUNDED,SIMULATED return linked to an AdventureWorks order line,synthetic_extension,1.0.0,BASELINE,20260728,2026-07-28T00:00:00.000Z
RET-002636,SO74217,1,SHP-026753,12478,225,3,8,100,RR-001,2014-01-28,2014-02-04,2014-02-06,1,1,8.99,8.72,REFUND,REFUNDED,SIMULATED return linked to an AdventureWorks order line,synthetic_extension,1.0.0,SCN_RET_CLOTHING_SIZE_SPIKE,20260728,2026-07-28T00:00:00.000Z
RET-002637,SO74227,2,SHP-026763,29036,228,3,1,100,RR-001,2014-01-20,2014-01-29,2014-02-02,1,1,49.99,48.49,REFUND,REFUNDED,SIMULATED return linked to an AdventureWorks order line,synthetic_extension,1.0.0,SCN_RET_CLOTHING_SIZE_SPIKE,20260728,2026-07-28T00:00:00.000Z
RET-002638,SO74269,1,SHP-026805,14546,475,3,10,100,RR-002,2014-02-08,2014-02-12,2014-02-13,1,1,69.99,67.89,REFUND,REFUNDED,SIMULATED return linked to an AdventureWorks order line,synthetic_extension,1.0.0,SCN_RET_CLOTHING_SIZE_SPIKE,20260728,2026-07-28T00:00:00.000Z
RET-002639,SO74269,2,SHP-026805,14546,491,3,10,100,RR-001,2014-01-24,2014-01-27,2014-01-29,1,1,53.99,52.37,REFUND,REFUNDED,SIMULATED return linked to an AdventureWorks order line,synthetic_extension,1.0.0,SCN_RET_CLOTHING_SIZE_SPIKE,20260728,2026-07-28T00:00:00.000Z
RET-002640,SO74270,2,SHP-026806,23768,465,3,10,100,RR-001,2014-01-26,2014-01-31,2014-02-04,1,1,24.49,23.76,REFUND,REFUNDED,SIMULATED return linked to an AdventureWorks order line,synthetic_extension,1.0.0,SCN_RET_CLOTHING_SIZE_SPIKE,20260728,2026-07-28T00:00:00.000Z
RET-002641,SO74290,1,SHP-026826,12795,476,3,6,100,RR-002,2014-01-31,2014-02-08,2014-02-09,1,1,69.99,67.89,REFUND,REFUNDED,SIMULATED return linked to an AdventureWorks order line,synthetic_extension,1.0.0,SCN_RET_CLOTHING_SIZE_SPIKE,20260728,2026-07-28T00:00:00.000Z
RET-002642,SO74290,2,SHP-026826,12795,237,3,6,100,RR-001,2014-02-03,2014-02-10,2014-02-12,1,1,49.99,48.49,REFUND,REFUNDED,SIMULATED return linked to an AdventureWorks order line,synthetic_extension,1.0.0,SCN_RET_CLOTHING_SIZE_SPIKE,20260728,2026-07-28T00:00:00.000Z
RET-002643,SO74307,1,SHP-026843,15796,539,4,9,100,RR-004,2014-02-01,2014-02-06,2014-02-10,1,1,24.99,24.24,REFUND,REFUNDED,SIMULATED return linked to an AdventureWorks order line,synthetic_extension,1.0.0,BASELINE,20260728,2026-07-28T00:00:00.000Z
RET-002644,SO74320,1,SHP-026856,27377,476,3,6,100,RR-002,2014-01-30,2014-02-03,2014-02-04,1,1,69.99,67.89,REFUND,REFUNDED,SIMULATED return linked to an AdventureWorks order line,synthetic_extension,1.0.0,SCN_RET_CLOTHING_SIZE_SPIKE,20260728,2026-07-28T00:00:00.000Z
RET-002645,SO74320,2,SHP-026856,27377,231,3,6,100,RR-001,2014-02-02,2014-02-05,2014-02-07,1,1,49.99,48.49,REFUND,REFUNDED,SIMULATED return linked to an AdventureWorks order line,synthetic_extension,1.0.0,SCN_RET_CLOTHING_SIZE_SPIKE,20260728,2026-07-28T00:00:00.000Z
RET-002646,SO74320,3,SHP-026856,27377,225,3,6,100,RR-002,2014-02-01,2014-02-07,2014-02-10,1,1,8.99,8.72,REFUND,REFUNDED,SIMULATED return linked to an AdventureWorks order line,synthetic_extension,1.0.0,SCN_RET_CLOTHING_SIZE_SPIKE,20260728,2026-07-28T00:00:00.000Z
RET-002647,SO74337,2,SHP-026873,20309,472,3,9,100,RR-001,2014-02-01,2014-02-08,2014-02-10,1,1,63.5,61.59,REFUND,REFUNDED,SIMULATED return linked to an AdventureWorks order line,synthetic_extension,1.0.0,SCN_RET_CLOTHING_SIZE_SPIKE,20260728,2026-07-28T00:00:00.000Z
RET-002648,SO74342,1,SHP-026878,11668,491,3,4,100,RR-002,2014-01-30,2014-02-03,2014-02-04,1,1,53.99,52.37,REFUND,REFUNDED,SIMULATED return linked to an AdventureWorks order line,synthetic_extension,1.0.0,SCN_RET_CLOTHING_SIZE_SPIKE,20260728,2026-07-28T00:00:00.000Z
RET-002649,SO74353,2,SHP-026889,13919,472,3,4,100,RR-004,2014-02-01,2014-02-06,2014-02-10,1,1,63.5,61.59,REFUND,REFUNDED,SIMULATED return linked to an AdventureWorks order line,synthetic_extension,1.0.0,BASELINE,20260728,2026-07-28T00:00:00.000Z
RET-002650,SO74356,4,SHP-026892,19937,225,3,8,100,RR-002,2014-02-07,2014-02-13,2014-02-16,1,1,8.99,8.72,REFUND,REFUNDED,SIMULATED return linked to an AdventureWorks order line,synthetic_extension,1.0.0,SCN_RET_CLOTHING_SIZE_SPIKE,20260728,2026-07-28T00:00:00.000Z
RET-002651,SO74377,3,SHP-026913,11235,465,3,1,100,RR-002,2014-01-25,2014-01-31,2014-02-03,1,1,24.49,23.76,REFUND,REFUNDED,SIMULATED return linked to an AdventureWorks order line,synthetic_extension,1.0.0,SCN_RET_CLOTHING_SIZE_SPIKE,20260728,2026-07-28T00:00:00.000Z
RET-002652,SO74389,1,SHP-026925,20393,478,4,4,100,RR-006,2014-01-23,2014-01-26,2014-01-28,1,1,9.99,9.69,REFUND,REFUNDED,SIMULATED return linked to an AdventureWorks order line,synthetic_extension,1.0.0,BASELINE,20260728,2026-07-28T00:00:00.000Z
RET-002653,SO74389,2,SHP-026925,20393,477,4,4,100,RR-005,2014-01-20,2014-01-24,2014-01-25,1,1,4.99,4.84,REFUND,REFUNDED,SIMULATED return linked to an AdventureWorks order line,synthetic_extension,1.0.0,BASELINE,20260728,2026-07-28T00:00:00.000Z
RET-002654,SO74397,3,SHP-026933,14482,234,3,1,100,RR-002,2014-01-26,2014-02-03,2014-02-04,1,1,49.99,48.49,REFUND,REFUNDED,SIMULATED return linked to an AdventureWorks order line,synthetic_extension,1.0.0,SCN_RET_CLOTHING_SIZE_SPIKE,20260728,2026-07-28T00:00:00.000Z
RET-002655,SO74400,1,SHP-026936,13798,540,4,10,100,RR-004,2014-01-22,2014-01-27,2014-01-31,1,1,32.6,31.62,REFUND,REFUNDED,SIMULATED return linked to an AdventureWorks order line,synthetic_extension,1.0.0,BASELINE,20260728,2026-07-28T00:00:00.000Z
RET-002656,SO74400,2,SHP-026936,13798,529,4,10,100,RR-003,2014-01-23,2014-02-02,2014-02-05,1,1,3.99,3.87,REFUND,REFUNDED,SIMULATED return linked to an AdventureWorks order line,synthetic_extension,1.0.0,BASELINE,20260728,2026-07-28T00:00:00.000Z
RET-002657,SO74400,3,SHP-026936,13798,471,3,10,100,RR-001,2014-01-24,2014-01-31,2014-02-02,1,1,63.5,61.59,REFUND,REFUNDED,SIMULATED return linked to an AdventureWorks order line,synthetic_extension,1.0.0,SCN_RET_CLOTHING_SIZE_SPIKE,20260728,2026-07-28T00:00:00.000Z
RET-002658,SO74409,2,SHP-026945,27793,231,3,7,100,RR-001,2014-02-04,2014-02-07,2014-02-09,1,1,49.99,48.49,REFUND,REFUNDED,SIMULATED return linked to an AdventureWorks order line,synthetic_extension,1.0.0,SCN_RET_CLOTHING_SIZE_SPIKE,20260728,2026-07-28T00:00:00.000Z
RET-002659,SO74416,1,SHP-026952,12040,225,3,4,100,RR-002,2014-01-25,2014-01-29,2014-01-30,1,1,8.99,8.72,REFUND,REFUNDED,SIMULATED return linked to an AdventureWorks order line,synthetic_extension,1.0.0,SCN_RET_CLOTHING_SIZE_SPIKE,20260728,2026-07-28T00:00:00.000Z
RET-002660,SO74421,3,SHP-026957,19953,481,3,9,100,RR-005,2014-01-23,2014-01-27,2014-01-28,1,1,8.99,8.72,REFUND,REFUNDED,SIMULATED return linked to an AdventureWorks order line,synthetic_extension,1.0.0,BASELINE,20260728,2026-07-28T00:00:00.000Z
RET-002661,SO74434,3,SHP-026970,14361,228,3,1,100,RR-002,2014-01-26,2014-02-05,2014-02-08,1,1,49.99,48.49,REFUND,REFUNDED,SIMULATED return linked to an AdventureWorks order line,synthetic_extension,1.0.0,SCN_RET_CLOTHING_SIZE_SPIKE,20260728,2026-07-28T00:00:00.000Z
RET-002662,SO74435,4,SHP-026971,16576,231,3,7,100,RR-002,2014-02-07,2014-02-15,2014-02-16,1,1,49.99,48.49,REFUND,REFUNDED,SIMULATED return linked to an AdventureWorks order line,synthetic_extension,1.0.0,SCN_RET_CLOTHING_SIZE_SPIKE,20260728,2026-07-28T00:00:00.000Z
RET-002663,SO74435,5,SHP-026971,16576,463,3,7,100,RR-001,2014-02-08,2014-02-13,2014-02-17,1,1,24.49,23.76,REFUND,REFUNDED,SIMULATED return linked to an AdventureWorks order line,synthetic_extension,1.0.0,SCN_RET_CLOTHING_SIZE_SPIKE,20260728,2026-07-28T00:00:00.000Z
RET-002664,SO74451,1,SHP-026987,14632,540,4,6,100,RR-006,2014-01-26,2014-02-02,2014-02-04,1,1,32.6,31.62,REFUND,REFUNDED,SIMULATED return linked to an AdventureWorks order line,synthetic_extension,1.0.0,BASELINE,20260728,2026-07-28T00:00:00.000Z
RET-002665,SO74451,2,SHP-026987,14632,529,4,6,100,RR-005,2014-02-10,2014-02-18,2014-02-19,1,1,3.99,3.87,REFUND,REFUNDED,SIMULATED return linked to an AdventureWorks order line,synthetic_extension,1.0.0,BASELINE,20260728,2026-07-28T00:00:00.000Z
RET-002666,SO74451,3,SHP-026987,14632,214,4,6,100,RR-004,2014-01-24,2014-01-29,2014-02-02,1,1,34.99,33.94,REFUND,REFUNDED,SIMULATED return linked to an AdventureWorks order line,synthetic_extension,1.0.0,BASELINE,20260728,2026-07-28T00:00:00.000Z
RET-002667,SO74454,1,SHP-026990,19863,476,3,1,100,RR-002,2014-01-22,2014-02-01,2014-02-04,1,1,69.99,67.89,REFUND,REFUNDED,SIMULATED return linked to an AdventureWorks order line,synthetic_extension,1.0.0,SCN_RET_CLOTHING_SIZE_SPIKE,20260728,2026-07-28T00:00:00.000Z
RET-002668,SO74459,4,SHP-026995,18155,463,3,10,100,RR-002,2014-02-08,2014-02-14,2014-02-17,1,1,24.49,23.76,REFUND,REFUNDED,SIMULATED return linked to an AdventureWorks order line,synthetic_extension,1.0.0,SCN_RET_CLOTHING_SIZE_SPIKE,20260728,2026-07-28T00:00:00.000Z
RET-002669,SO74474,2,SHP-027010,15607,465,3,9,100,RR-001,2014-01-26,2014-01-29,2014-01-31,1,1,24.49,23.76,REFUND,REFUNDED,SIMULATED return linked to an AdventureWorks order line,synthetic_extension,1.0.0,SCN_RET_CLOTHING_SIZE_SPIKE,20260728,2026-07-28T00:00:00.000Z
RET-002670,SO74488,1,SHP-027024,12431,476,3,6,100,RR-004,2014-02-04,2014-02-09,2014-02-13,1,1,69.99,67.89,REFUND,REFUNDED,SIMULATED return linked to an AdventureWorks order line,synthetic_extension,1.0.0,BASELINE,20260728,2026-07-28T00:00:00.000Z
RET-002671,SO74496,1,SHP-027032,22482,477,4,8,100,RR-005,2014-01-25,2014-01-29,2014-01-30,1,1,4.99,4.84,REFUND,REFUNDED,SIMULATED return linked to an AdventureWorks order line,synthetic_extension,1.0.0,BASELINE,20260728,2026-07-28T00:00:00.000Z
RET-002672,SO74496,2,SHP-027032,22482,217,4,8,100,RR-006,2014-01-28,2014-01-31,2014-02-02,1,1,34.99,33.94,REFUND,REFUNDED,SIMULATED return linked to an AdventureWorks order line,synthetic_extension,1.0.0,BASELINE,20260728,2026-07-28T00:00:00.000Z
RET-002673,SO74497,3,SHP-027033,20938,228,3,10,100,RR-006,2014-02-14,2014-02-21,2014-02-23,1,1,49.99,48.49,REFUND,REFUNDED,SIMULATED return linked to an AdventureWorks order line,synthetic_extension,1.0.0,BASELINE,20260728,2026-07-28T00:00:00.000Z
RET-002674,SO74502,1,SHP-027038,11441,225,3,7,100,RR-002,2014-02-01,2014-02-07,2014-02-10,1,1,8.99,8.72,REFUND,REFUNDED,SIMULATED return linked to an AdventureWorks order line,synthetic_extension,1.0.0,SCN_RET_CLOTHING_SIZE_SPIKE,20260728,2026-07-28T00:00:00.000Z
RET-002675,SO74518,1,SHP-027054,16902,476,3,6,100,RR-001,2014-02-09,2014-02-16,2014-02-18,1,1,69.99,67.89,REFUND,REFUNDED,SIMULATED return linked to an AdventureWorks order line,synthetic_extension,1.0.0,SCN_RET_CLOTHING_SIZE_SPIKE,20260728,2026-07-28T00:00:00.000Z
RET-002676,SO74519,1,SHP-027055,19711,225,3,1,100,RR-003,2014-01-23,2014-01-29,2014-02-01,1,1,8.99,8.72,REFUND,REFUNDED,SIMULATED return linked to an AdventureWorks order line,synthetic_extension,1.0.0,BASELINE,20260728,2026-07-28T00:00:00.000Z
RET-002677,SO74519,2,SHP-027055,19711,476,3,1,100,RR-004,2014-01-22,2014-01-31,2014-02-04,1,1,69.99,67.89,REFUND,REFUNDED,SIMULATED return linked to an AdventureWorks order line,synthetic_extension,1.0.0,BASELINE,20260728,2026-07-28T00:00:00.000Z
RET-002678,SO74532,1,SHP-027068,12288,234,3,10,100,RR-001,2014-01-30,2014-02-06,2014-02-08,1,1,49.99,48.49,REFUND,REFUNDED,SIMULATED return linked to an AdventureWorks order line,synthetic_extension,1.0.0,SCN_RET_CLOTHING_SIZE_SPIKE,20260728,2026-07-28T00:00:00.000Z
RET-002679,SO74532,2,SHP-027068,12288,225,3,10,100,RR-002,2014-01-27,2014-02-04,2014-02-05,1,1,8.99,8.72,REFUND,REFUNDED,SIMULATED return linked to an AdventureWorks order line,synthetic_extension,1.0.0,SCN_RET_CLOTHING_SIZE_SPIKE,20260728,2026-07-28T00:00:00.000Z
RET-002680,SO74533,1,SHP-027069,16698,536,4,9,100,RR-003,2014-02-10,2014-02-16,2014-02-19,1,1,29.99,29.09,REFUND,REFUNDED,SIMULATED return linked to an AdventureWorks order line,synthetic_extension,1.0.0,BASELINE,20260728,2026-07-28T00:00:00.000Z
RET-002681,SO74533,2,SHP-027069,16698,480,4,9,100,RR-004,2014-02-09,2014-02-18,2014-02-22,1,1,2.29,2.22,REFUND,REFUNDED,SIMULATED return linked to an AdventureWorks order line,synthetic_extension,1.0.0,BASELINE,20260728,2026-07-28T00:00:00.000Z
RET-002682,SO74535,1,SHP-027071,27349,475,3,9,100,RR-002,2014-02-12,2014-02-20,2014-02-21,1,1,69.99,67.89,REFUND,REFUNDED,SIMULATED return linked to an AdventureWorks order line,synthetic_extension,1.0.0,SCN_RET_CLOTHING_SIZE_SPIKE,20260728,2026-07-28T00:00:00.000Z
RET-002683,SO74535,2,SHP-027071,27349,490,3,9,100,RR-001,2014-01-28,2014-02-04,2014-02-06,1,1,53.99,52.37,REFUND,REFUNDED,SIMULATED return linked to an AdventureWorks order line,synthetic_extension,1.0.0,SCN_RET_CLOTHING_SIZE_SPIKE,20260728,2026-07-28T00:00:00.000Z
RET-002684,SO74559,1,SHP-027095,12357,465,3,9,100,RR-003,2014-02-09,2014-02-19,2014-02-22,1,1,24.49,23.76,REFUND,REFUNDED,SIMULATED return linked to an AdventureWorks order line,synthetic_extension,1.0.0,BASELINE,20260728,2026-07-28T00:00:00.000Z
RET-002685,SO74571,1,SHP-027107,17356,225,3,1,100,RR-002,2014-02-09,2014-02-17,2014-02-18,1,1,8.99,8.72,REFUND,REFUNDED,SIMULATED return linked to an AdventureWorks order line,synthetic_extension,1.0.0,SCN_RET_CLOTHING_SIZE_SPIKE,20260728,2026-07-28T00:00:00.000Z
RET-002686,SO74574,1,SHP-027110,14692,474,3,10,100,RR-001,2014-02-11,2014-02-16,2014-02-20,1,1,69.99,67.89,REFUND,REFUNDED,SIMULATED return linked to an AdventureWorks order line,synthetic_extension,1.0.0,SCN_RET_CLOTHING_SIZE_SPIKE,20260728,2026-07-28T00:00:00.000Z
RET-002687,SO74583,1,SHP-027119,12542,225,3,7,100,RR-001,2014-02-09,2014-02-16,2014-02-18,1,1,8.99,8.72,REFUND,REFUNDED,SIMULATED return linked to an AdventureWorks order line,synthetic_extension,1.0.0,SCN_RET_CLOTHING_SIZE_SPIKE,20260728,2026-07-28T00:00:00.000Z
RET-002688,SO74590,1,SHP-027126,14859,225,3,9,100,RR-001,2014-02-06,2014-02-13,2014-02-15,1,1,8.99,8.72,REFUND,REFUNDED,SIMULATED return linked to an AdventureWorks order line,synthetic_extension,1.0.0,SCN_RET_CLOTHING_SIZE_SPIKE,20260728,2026-07-28T00:00:00.000Z
RET-002689,SO74624,1,SHP-027160,11262,488,3,6,100,RR-001,2014-02-13,2014-02-22,2014-02-26,1,1,53.99,52.37,REFUND,REFUNDED,SIMULATED return linked to an AdventureWorks order line,synthetic_extension,1.0.0,SCN_RET_CLOTHING_SIZE_SPIKE,20260728,2026-07-28T00:00:00.000Z
RET-002690,SO74638,1,SHP-027174,20275,473,3,1,100,RR-002,2014-02-05,2014-02-15,2014-02-18,1,1,63.5,61.59,REFUND,REFUNDED,SIMULATED return linked to an AdventureWorks order line,synthetic_extension,1.0.0,SCN_RET_CLOTHING_SIZE_SPIKE,20260728,2026-07-28T00:00:00.000Z
RET-002691,SO74638,2,SHP-027174,20275,475,3,1,100,RR-001,2014-02-04,2014-02-09,2014-02-13,1,1,69.99,67.89,REFUND,REFUNDED,SIMULATED return linked to an AdventureWorks order line,synthetic_extension,1.0.0,SCN_RET_CLOTHING_SIZE_SPIKE,20260728,2026-07-28T00:00:00.000Z
RET-002692,SO74639,1,SHP-027175,16861,225,3,4,100,RR-001,2014-02-12,2014-02-15,2014-02-17,1,1,8.99,8.72,REFUND,REFUNDED,SIMULATED return linked to an AdventureWorks order line,synthetic_extension,1.0.0,SCN_RET_CLOTHING_SIZE_SPIKE,20260728,2026-07-28T00:00:00.000Z
RET-002693,SO74656,2,SHP-027192,15230,234,3,9,100,RR-001,2014-01-28,2014-02-06,2014-02-10,1,1,49.99,48.49,REFUND,REFUNDED,SIMULATED return linked to an AdventureWorks order line,synthetic_extension,1.0.0,SCN_RET_CLOTHING_SIZE_SPIKE,20260728,2026-07-28T00:00:00.000Z
RET-002694,SO74656,3,SHP-027192,15230,225,3,9,100,RR-002,2014-02-14,2014-02-18,2014-02-19,1,1,8.99,8.72,REFUND,REFUNDED,SIMULATED return linked to an AdventureWorks order line,synthetic_extension,1.0.0,SCN_RET_CLOTHING_SIZE_SPIKE,20260728,2026-07-28T00:00:00.000Z
RET-002695,SO74659,4,SHP-027195,26781,228,3,1,100,RR-002,2014-02-02,2014-02-10,2014-02-11,1,1,49.99,48.49,REFUND,REFUNDED,SIMULATED return linked to an AdventureWorks order line,synthetic_extension,1.0.0,SCN_RET_CLOTHING_SIZE_SPIKE,20260728,2026-07-28T00:00:00.000Z
RET-002696,SO74667,2,SHP-027203,18114,489,3,4,100,RR-001,2014-02-13,2014-02-22,2014-02-26,1,1,53.99,52.37,REFUND,REFUNDED,SIMULATED return linked to an AdventureWorks order line,synthetic_extension,1.0.0,SCN_RET_CLOTHING_SIZE_SPIKE,20260728,2026-07-28T00:00:00.000Z
RET-002697,SO74672,1,SHP-027208,14368,472,3,4,100,RR-002,2014-02-02,2014-02-06,2014-02-07,1,1,63.5,61.59,REFUND,REFUNDED,SIMULATED return linked to an AdventureWorks order line,synthetic_extension,1.0.0,SCN_RET_CLOTHING_SIZE_SPIKE,20260728,2026-07-28T00:00:00.000Z
RET-002698,SO74679,2,SHP-027215,21740,528,4,10,100,RR-005,2014-02-13,2014-02-21,2014-02-22,1,1,4.99,4.84,REFUND,REFUNDED,SIMULATED return linked to an AdventureWorks order line,synthetic_extension,1.0.0,BASELINE,20260728,2026-07-28T00:00:00.000Z
RET-002699,SO74679,4,SHP-027215,21740,228,3,10,100,RR-002,2014-02-01,2014-02-07,2014-02-10,1,1,49.99,48.49,REFUND,REFUNDED,SIMULATED return linked to an AdventureWorks order line,synthetic_extension,1.0.0,SCN_RET_CLOTHING_SIZE_SPIKE,20260728,2026-07-28T00:00:00.000Z
RET-002700,SO74679,5,SHP-027215,21740,463,3,10,100,RR-001,2014-02-02,2014-02-05,2014-02-07,1,1,24.49,23.76,REFUND,REFUNDED,SIMULATED return linked to an AdventureWorks order line,synthetic_extension,1.0.0,SCN_RET_CLOTHING_SIZE_SPIKE,20260728,2026-07-28T00:00:00.000Z
RET-002701,SO74691,1,SHP-027227,18289,471,3,9,100,RR-001,2014-02-07,2014-02-12,2014-02-16,1,1,63.5,61.59,REFUND,REFUNDED,SIMULATED return linked to an AdventureWorks order line,synthetic_extension,1.0.0,SCN_RET_CLOTHING_SIZE_SPIKE,20260728,2026-07-28T00:00:00.000Z
RET-002702,SO74699,1,SHP-027235,11176,529,4,6,100,RR-004,2014-02-11,2014-02-16,2014-02-20,1,1,3.99,3.87,REFUND,REFUNDED,SIMULATED return linked to an AdventureWorks order line,synthetic_extension,1.0.0,BASELINE,20260728,2026-07-28T00:00:00.000Z
RET-002703,SO74699,2,SHP-027235,11176,540,4,6,100,RR-003,2014-02-12,2014-02-22,2014-02-25,1,1,32.6,31.62,REFUND,REFUNDED,SIMULATED return linked to an AdventureWorks order line,synthetic_extension,1.0.0,BASELINE,20260728,2026-07-28T00:00:00.000Z
RET-002704,SO74699,3,SHP-027235,11176,480,4,6,100,RR-006,2014-02-13,2014-02-20,2014-02-22,1,1,2.29,2.22,REFUND,REFUNDED,SIMULATED return linked to an AdventureWorks order line,synthetic_extension,1.0.0,BASELINE,20260728,2026-07-28T00:00:00.000Z
RET-002705,SO74701,2,SHP-027237,13289,225,3,6,100,RR-002,2014-02-16,2014-02-24,2014-02-25,1,1,8.99,8.72,REFUND,REFUNDED,SIMULATED return linked to an AdventureWorks order line,synthetic_extension,1.0.0,SCN_RET_CLOTHING_SIZE_SPIKE,20260728,2026-07-28T00:00:00.000Z
RET-002706,SO74730,1,SHP-027266,26236,535,4,1,100,RR-006,2014-01-29,2014-02-01,2014-02-03,1,1,24.99,24.24,REFUND,REFUNDED,SIMULATED return linked to an AdventureWorks order line,synthetic_extension,1.0.0,BASELINE,20260728,2026-07-28T00:00:00.000Z
RET-002707,SO74730,2,SHP-027266,26236,214,4,1,100,RR-005,2014-02-13,2014-02-17,2014-02-18,1,1,34.99,33.94,REFUND,REFUNDED,SIMULATED return linked to an AdventureWorks order line,synthetic_extension,1.0.0,BASELINE,20260728,2026-07-28T00:00:00.000Z
RET-002708,SO74736,2,SHP-027272,11869,467,3,6,100,RR-002,2014-02-13,2014-02-23,2014-02-26,1,1,24.49,23.76,REFUND,REFUNDED,SIMULATED return linked to an AdventureWorks order line,synthetic_extension,1.0.0,SCN_RET_CLOTHING_SIZE_SPIKE,20260728,2026-07-28T00:00:00.000Z
RET-002709,SO74745,1,SHP-027281,26844,225,3,10,100,RR-001,2014-02-18,2014-02-25,2014-02-27,1,1,8.99,8.72,REFUND,REFUNDED,SIMULATED return linked to an AdventureWorks order line,synthetic_extension,1.0.0,SCN_RET_CLOTHING_SIZE_SPIKE,20260728,2026-07-28T00:00:00.000Z
RET-002710,SO74755,1,SHP-027291,20428,536,4,9,100,RR-005,2014-02-11,2014-02-19,2014-02-20,1,1,29.99,29.09,REFUND,REFUNDED,SIMULATED return linked to an AdventureWorks order line,synthetic_extension,1.0.0,BASELINE,20260728,2026-07-28T00:00:00.000Z
RET-002711,SO74768,1,SHP-027304,19872,528,4,6,100,RR-005,2014-02-03,2014-02-07,2014-02-08,1,1,4.99,4.84,REFUND,REFUNDED,SIMULATED return linked to an AdventureWorks order line,synthetic_extension,1.0.0,BASELINE,20260728,2026-07-28T00:00:00.000Z
RET-002712,SO74768,2,SHP-027304,19872,480,4,6,100,RR-006,2014-02-06,2014-02-09,2014-02-11,1,1,2.29,2.22,REFUND,REFUNDED,SIMULATED return linked to an AdventureWorks order line,synthetic_extension,1.0.0,BASELINE,20260728,2026-07-28T00:00:00.000Z
RET-002713,SO74783,1,SHP-027319,12551,234,3,10,100,RR-001,2014-02-15,2014-02-20,2014-02-24,1,1,49.99,48.49,REFUND,REFUNDED,SIMULATED return linked to an AdventureWorks order line,synthetic_extension,1.0.0,SCN_RET_CLOTHING_SIZE_SPIKE,20260728,2026-07-28T00:00:00.000Z
RET-002714,SO74791,1,SHP-027327,17311,225,3,9,100,RR-002,2014-02-18,2014-02-26,2014-02-27,1,1,8.99,8.72,REFUND,REFUNDED,SIMULATED return linked to an AdventureWorks order line,synthetic_extension,1.0.0,SCN_RET_CLOTHING_SIZE_SPIKE,20260728,2026-07-28T00:00:00.000Z
RET-002715,SO74803,1,SHP-027339,28346,476,3,6,100,RR-002,2014-02-02,2014-02-12,2014-02-15,1,1,69.99,67.89,REFUND,REFUNDED,SIMULATED return linked to an AdventureWorks order line,synthetic_extension,1.0.0,SCN_RET_CLOTHING_SIZE_SPIKE,20260728,2026-07-28T00:00:00.000Z
RET-002716,SO74803,2,SHP-027339,28346,467,3,6,100,RR-001,2014-02-01,2014-02-06,2014-02-10,1,1,24.49,23.76,REFUND,REFUNDED,SIMULATED return linked to an AdventureWorks order line,synthetic_extension,1.0.0,SCN_RET_CLOTHING_SIZE_SPIKE,20260728,2026-07-28T00:00:00.000Z
RET-002717,SO74812,3,SHP-027348,21362,489,3,9,100,RR-002,2014-02-07,2014-02-13,2014-02-16,1,1,53.99,52.37,REFUND,REFUNDED,SIMULATED return linked to an AdventureWorks order line,synthetic_extension,1.0.0,SCN_RET_CLOTHING_SIZE_SPIKE,20260728,2026-07-28T00:00:00.000Z
RET-002718,SO74814,1,SHP-027350,11680,489,3,1,100,RR-002,2014-02-02,2014-02-12,2014-02-15,1,1,53.99,52.37,REFUND,REFUNDED,SIMULATED return linked to an AdventureWorks order line,synthetic_extension,1.0.0,SCN_RET_CLOTHING_SIZE_SPIKE,20260728,2026-07-28T00:00:00.000Z
RET-002719,SO74820,4,SHP-027356,18749,465,3,6,100,RR-002,2014-02-20,2014-03-02,2014-03-05,1,1,24.49,23.76,REFUND,REFUNDED,SIMULATED return linked to an AdventureWorks order line,synthetic_extension,1.0.0,SCN_RET_CLOTHING_SIZE_SPIKE,20260728,2026-07-28T00:00:00.000Z
RET-002720,SO74825,2,SHP-027361,27191,463,3,6,100,RR-001,2014-02-06,2014-02-15,2014-02-19,1,1,24.49,23.76,REFUND,REFUNDED,SIMULATED return linked to an AdventureWorks order line,synthetic_extension,1.0.0,SCN_RET_CLOTHING_SIZE_SPIKE,20260728,2026-07-28T00:00:00.000Z
RET-002721,SO74828,3,SHP-027364,17708,471,3,10,100,RR-004,2014-02-19,2014-02-28,2014-03-04,1,1,63.5,61.59,REFUND,REFUNDED,SIMULATED return linked to an AdventureWorks order line,synthetic_extension,1.0.0,BASELINE,20260728,2026-07-28T00:00:00.000Z
RET-002722,SO74829,2,SHP-027365,15074,472,3,8,100,RR-001,2014-02-19,2014-02-24,2014-02-28,1,1,63.5,61.59,REFUND,REFUNDED,SIMULATED return linked to an AdventureWorks order line,synthetic_extension,1.0.0,SCN_RET_CLOTHING_SIZE_SPIKE,20260728,2026-07-28T00:00:00.000Z
RET-002723,SO74830,1,SHP-027366,15113,476,3,8,100,RR-002,2014-02-09,2014-02-17,2014-02-18,1,1,69.99,67.89,REFUND,REFUNDED,SIMULATED return linked to an AdventureWorks order line,synthetic_extension,1.0.0,SCN_RET_CLOTHING_SIZE_SPIKE,20260728,2026-07-28T00:00:00.000Z
RET-002724,SO74830,2,SHP-027366,15113,231,3,8,100,RR-001,2014-02-12,2014-02-19,2014-02-21,1,1,49.99,48.49,REFUND,REFUNDED,SIMULATED return linked to an AdventureWorks order line,synthetic_extension,1.0.0,SCN_RET_CLOTHING_SIZE_SPIKE,20260728,2026-07-28T00:00:00.000Z
RET-002725,SO74831,2,SHP-027367,17719,481,3,7,100,RR-002,2014-02-18,2014-02-24,2014-02-27,1,1,8.99,8.72,REFUND,REFUNDED,SIMULATED return linked to an AdventureWorks order line,synthetic_extension,1.0.0,SCN_RET_CLOTHING_SIZE_SPIKE,20260728,2026-07-28T00:00:00.000Z
RET-002726,SO74848,1,SHP-027384,14057,231,3,9,100,RR-001,2014-02-06,2014-02-11,2014-02-15,1,1,49.99,48.49,REFUND,REFUNDED,SIMULATED return linked to an AdventureWorks order line,synthetic_extension,1.0.0,SCN_RET_CLOTHING_SIZE_SPIKE,20260728,2026-07-28T00:00:00.000Z
RET-002727,SO74854,1,SHP-027390,12008,465,3,9,100,RR-002,2014-02-10,2014-02-16,2014-02-19,1,1,24.49,23.76,REFUND,REFUNDED,SIMULATED return linked to an AdventureWorks order line,synthetic_extension,1.0.0,SCN_RET_CLOTHING_SIZE_SPIKE,20260728,2026-07-28T00:00:00.000Z
RET-002728,SO74857,1,SHP-027393,27538,530,4,1,100,RR-004,2014-02-11,2014-02-16,2014-02-20,1,1,4.99,4.84,REFUND,REFUNDED,SIMULATED return linked to an AdventureWorks order line,synthetic_extension,1.0.0,BASELINE,20260728,2026-07-28T00:00:00.000Z
RET-002729,SO74857,2,SHP-027393,27538,541,4,1,100,RR-003,2014-02-12,2014-02-22,2014-02-25,1,1,28.99,28.12,REFUND,REFUNDED,SIMULATED return linked to an AdventureWorks order line,synthetic_extension,1.0.0,BASELINE,20260728,2026-07-28T00:00:00.000Z
RET-002730,SO74857,3,SHP-027393,27538,237,3,1,100,RR-001,2014-02-13,2014-02-20,2014-02-22,1,1,49.99,48.49,REFUND,REFUNDED,SIMULATED return linked to an AdventureWorks order line,synthetic_extension,1.0.0,SCN_RET_CLOTHING_SIZE_SPIKE,20260728,2026-07-28T00:00:00.000Z
RET-002731,SO74874,2,SHP-027410,16635,536,4,9,100,RR-006,2014-02-16,2014-02-23,2014-02-25,1,1,29.99,29.09,REFUND,REFUNDED,SIMULATED return linked to an AdventureWorks order line,synthetic_extension,1.0.0,BASELINE,20260728,2026-07-28T00:00:00.000Z
RET-002732,SO74874,3,SHP-027410,16635,487,4,9,100,RR-003,2014-02-15,2014-02-25,2014-02-28,1,1,54.99,53.34,REFUND,REFUNDED,SIMULATED return linked to an AdventureWorks order line,synthetic_extension,1.0.0,BASELINE,20260728,2026-07-28T00:00:00.000Z
RET-002733,SO74875,2,SHP-027411,16730,228,3,9,100,RR-002,2014-02-14,2014-02-20,2014-02-23,1,1,49.99,48.49,REFUND,REFUNDED,SIMULATED return linked to an AdventureWorks order line,synthetic_extension,1.0.0,SCN_RET_CLOTHING_SIZE_SPIKE,20260728,2026-07-28T00:00:00.000Z
RET-002734,SO74877,2,SHP-027413,19752,489,3,9,100,RR-002,2014-02-14,2014-02-18,2014-02-19,1,1,53.99,52.37,REFUND,REFUNDED,SIMULATED return linked to an AdventureWorks order line,synthetic_extension,1.0.0,SCN_RET_CLOTHING_SIZE_SPIKE,20260728,2026-07-28T00:00:00.000Z
RET-002735,SO74878,1,SHP-027414,17239,489,3,9,100,RR-005,2014-02-23,2014-02-27,2014-02-28,1,1,53.99,52.37,REFUND,REFUNDED,SIMULATED return linked to an AdventureWorks order line,synthetic_extension,1.0.0,BASELINE,20260728,2026-07-28T00:00:00.000Z
RET-002736,SO74894,1,SHP-027430,15377,475,3,6,100,RR-002,2014-02-11,2014-02-21,2014-02-24,1,1,69.99,67.89,REFUND,REFUNDED,SIMULATED return linked to an AdventureWorks order line,synthetic_extension,1.0.0,SCN_RET_CLOTHING_SIZE_SPIKE,20260728,2026-07-28T00:00:00.000Z
RET-002737,SO74896,1,SHP-027432,18870,474,3,1,100,RR-002,2014-02-15,2014-02-23,2014-02-24,1,1,69.99,67.89,REFUND,REFUNDED,SIMULATED return linked to an AdventureWorks order line,synthetic_extension,1.0.0,SCN_RET_CLOTHING_SIZE_SPIKE,20260728,2026-07-28T00:00:00.000Z
RET-002738,SO74914,3,SHP-027450,16492,488,3,9,100,RR-004,2014-02-14,2014-02-19,2014-02-23,1,1,53.99,52.37,REFUND,REFUNDED,SIMULATED return linked to an AdventureWorks order line,synthetic_extension,1.0.0,BASELINE,20260728,2026-07-28T00:00:00.000Z
RET-002739,SO74914,4,SHP-027450,16492,225,3,9,100,RR-003,2014-02-19,2014-02-25,2014-02-28,1,1,8.99,8.72,REFUND,REFUNDED,SIMULATED return linked to an AdventureWorks order line,synthetic_extension,1.0.0,BASELINE,20260728,2026-07-28T00:00:00.000Z
RET-002740,SO74920,4,SHP-027456,11506,481,3,6,100,RR-001,2014-02-11,2014-02-18,2014-02-20,1,1,8.99,8.72,REFUND,REFUNDED,SIMULATED return linked to an AdventureWorks order line,synthetic_extension,1.0.0,SCN_RET_CLOTHING_SIZE_SPIKE,20260728,2026-07-28T00:00:00.000Z
RET-002741,SO74929,1,SHP-027465,14504,478,4,6,100,RR-006,2014-02-08,2014-02-15,2014-02-17,1,1,9.99,9.69,REFUND,REFUNDED,SIMULATED return linked to an AdventureWorks order line,synthetic_extension,1.0.0,BASELINE,20260728,2026-07-28T00:00:00.000Z
RET-002742,SO74929,2,SHP-027465,14504,477,4,6,100,RR-005,2014-02-23,2014-03-03,2014-03-04,1,1,4.99,4.84,REFUND,REFUNDED,SIMULATED return linked to an AdventureWorks order line,synthetic_extension,1.0.0,BASELINE,20260728,2026-07-28T00:00:00.000Z
RET-002743,SO74929,3,SHP-027465,14504,214,4,6,100,RR-004,2014-02-24,2014-03-01,2014-03-05,1,1,34.99,33.94,REFUND,REFUNDED,SIMULATED return linked to an AdventureWorks order line,synthetic_extension,1.0.0,BASELINE,20260728,2026-07-28T00:00:00.000Z
RET-002744,SO74930,1,SHP-027466,18939,474,3,4,100,RR-001,2014-02-17,2014-02-26,2014-03-02,1,1,69.99,67.89,REFUND,REFUNDED,SIMULATED return linked to an AdventureWorks order line,synthetic_extension,1.0.0,SCN_RET_CLOTHING_SIZE_SPIKE,20260728,2026-07-28T00:00:00.000Z
RET-002745,SO74931,1,SHP-027467,17589,477,4,1,100,RR-005,2014-02-14,2014-02-22,2014-02-23,1,1,4.99,4.84,REFUND,REFUNDED,SIMULATED return linked to an AdventureWorks order line,synthetic_extension,1.0.0,BASELINE,20260728,2026-07-28T00:00:00.000Z
RET-002746,SO74931,2,SHP-027467,17589,487,4,1,100,RR-006,2014-02-17,2014-02-24,2014-02-26,1,1,54.99,53.34,REFUND,REFUNDED,SIMULATED return linked to an AdventureWorks order line,synthetic_extension,1.0.0,BASELINE,20260728,2026-07-28T00:00:00.000Z
RET-002747,SO74936,2,SHP-027472,16721,217,4,6,100,RR-005,2014-02-15,2014-02-23,2014-02-24,1,1,34.99,33.94,REFUND,REFUNDED,SIMULATED return linked to an AdventureWorks order line,synthetic_extension,1.0.0,BASELINE,20260728,2026-07-28T00:00:00.000Z
RET-002748,SO74936,3,SHP-027472,16721,228,3,6,100,RR-001,2014-02-16,2014-02-21,2014-02-25,1,1,49.99,48.49,REFUND,REFUNDED,SIMULATED return linked to an AdventureWorks order line,synthetic_extension,1.0.0,SCN_RET_CLOTHING_SIZE_SPIKE,20260728,2026-07-28T00:00:00.000Z
RET-002749,SO74944,4,SHP-027480,28634,489,3,1,100,RR-001,2014-02-10,2014-02-19,2014-02-23,1,1,53.99,52.37,REFUND,REFUNDED,SIMULATED return linked to an AdventureWorks order line,synthetic_extension,1.0.0,SCN_RET_CLOTHING_SIZE_SPIKE,20260728,2026-07-28T00:00:00.000Z
RET-002750,SO74944,5,SHP-027480,28634,225,3,1,100,RR-002,2014-02-09,2014-02-13,2014-02-14,1,1,8.99,8.72,REFUND,REFUNDED,SIMULATED return linked to an AdventureWorks order line,synthetic_extension,1.0.0,SCN_RET_CLOTHING_SIZE_SPIKE,20260728,2026-07-28T00:00:00.000Z
RET-002751,SO74954,1,SHP-027490,19226,474,3,4,100,RR-001,2014-02-18,2014-02-21,2014-02-23,1,1,69.99,67.89,REFUND,REFUNDED,SIMULATED return linked to an AdventureWorks order line,synthetic_extension,1.0.0,SCN_RET_CLOTHING_SIZE_SPIKE,20260728,2026-07-28T00:00:00.000Z
RET-002752,SO74954,2,SHP-027490,19226,237,3,4,100,RR-002,2014-02-15,2014-02-19,2014-02-20,1,1,49.99,48.49,REFUND,REFUNDED,SIMULATED return linked to an AdventureWorks order line,synthetic_extension,1.0.0,SCN_RET_CLOTHING_SIZE_SPIKE,20260728,2026-07-28T00:00:00.000Z
RET-002753,SO74968,2,SHP-027504,13295,231,3,1,100,RR-001,2014-02-12,2014-02-17,2014-02-21,1,1,49.99,48.49,REFUND,REFUNDED,SIMULATED return linked to an AdventureWorks order line,synthetic_extension,1.0.0,SCN_RET_CLOTHING_SIZE_SPIKE,20260728,2026-07-28T00:00:00.000Z
RET-002754,SO74972,1,SHP-027508,14054,474,3,9,100,RR-001,2014-02-24,2014-03-03,2014-03-05,1,1,69.99,67.89,REFUND,REFUNDED,SIMULATED return linked to an AdventureWorks order line,synthetic_extension,1.0.0,SCN_RET_CLOTHING_SIZE_SPIKE,20260728,2026-07-28T00:00:00.000Z
RET-002755,SO74977,3,SHP-027513,11502,237,3,6,100,RR-002,2014-02-10,2014-02-18,2014-02-19,1,1,49.99,48.49,REFUND,REFUNDED,SIMULATED return linked to an AdventureWorks order line,synthetic_extension,1.0.0,SCN_RET_CLOTHING_SIZE_SPIKE,20260728,2026-07-28T00:00:00.000Z
RET-002756,SO74977,4,SHP-027513,11502,225,3,6,100,RR-001,2014-02-17,2014-02-20,2014-02-22,1,1,8.99,8.72,REFUND,REFUNDED,SIMULATED return linked to an AdventureWorks order line,synthetic_extension,1.0.0,SCN_RET_CLOTHING_SIZE_SPIKE,20260728,2026-07-28T00:00:00.000Z
RET-002757,SO74984,1,SHP-027520,27562,475,3,6,100,RR-002,2014-02-22,2014-02-26,2014-02-27,1,1,69.99,67.89,REFUND,REFUNDED,SIMULATED return linked to an AdventureWorks order line,synthetic_extension,1.0.0,SCN_RET_CLOTHING_SIZE_SPIKE,20260728,2026-07-28T00:00:00.000Z
RET-002758,SO74984,2,SHP-027520,27562,467,3,6,100,RR-001,2014-02-25,2014-02-28,2014-03-02,1,1,24.49,23.76,REFUND,REFUNDED,SIMULATED return linked to an AdventureWorks order line,synthetic_extension,1.0.0,SCN_RET_CLOTHING_SIZE_SPIKE,20260728,2026-07-28T00:00:00.000Z
RET-002759,SO74987,3,SHP-027523,20745,467,3,6,100,RR-001,2014-02-18,2014-02-23,2014-02-27,1,1,24.49,23.76,REFUND,REFUNDED,SIMULATED return linked to an AdventureWorks order line,synthetic_extension,1.0.0,SCN_RET_CLOTHING_SIZE_SPIKE,20260728,2026-07-28T00:00:00.000Z
RET-002760,SO74991,2,SHP-027527,28406,472,3,7,100,RR-001,2014-02-16,2014-02-21,2014-02-25,1,1,63.5,61.59,REFUND,REFUNDED,SIMULATED return linked to an AdventureWorks order line,synthetic_extension,1.0.0,SCN_RET_CLOTHING_SIZE_SPIKE,20260728,2026-07-28T00:00:00.000Z
RET-002761,SO74999,1,SHP-027535,29288,477,4,9,100,RR-003,2014-02-09,2014-02-19,2014-02-22,1,1,4.99,4.84,REFUND,REFUNDED,SIMULATED return linked to an AdventureWorks order line,synthetic_extension,1.0.0,BASELINE,20260728,2026-07-28T00:00:00.000Z
RET-002762,SO75003,1,SHP-027539,14321,237,3,9,100,RR-001,2014-02-13,2014-02-18,2014-02-22,1,1,49.99,48.49,REFUND,REFUNDED,SIMULATED return linked to an AdventureWorks order line,synthetic_extension,1.0.0,SCN_RET_CLOTHING_SIZE_SPIKE,20260728,2026-07-28T00:00:00.000Z
RET-002763,SO75013,2,SHP-027549,18503,491,3,4,100,RR-001,2014-02-19,2014-02-24,2014-02-28,1,1,53.99,52.37,REFUND,REFUNDED,SIMULATED return linked to an AdventureWorks order line,synthetic_extension,1.0.0,SCN_RET_CLOTHING_SIZE_SPIKE,20260728,2026-07-28T00:00:00.000Z
RET-002764,SO75025,1,SHP-027561,24131,225,3,7,100,RR-001,2014-02-21,2014-02-26,2014-03-02,1,1,8.99,8.72,REFUND,REFUNDED,SIMULATED return linked to an AdventureWorks order line,synthetic_extension,1.0.0,SCN_RET_CLOTHING_SIZE_SPIKE,20260728,2026-07-28T00:00:00.000Z
RET-002765,SO75036,1,SHP-027572,11711,225,3,6,100,RR-001,2014-02-10,2014-02-15,2014-02-19,1,1,8.99,8.72,REFUND,REFUNDED,SIMULATED return linked to an AdventureWorks order line,synthetic_extension,1.0.0,SCN_RET_CLOTHING_SIZE_SPIKE,20260728,2026-07-28T00:00:00.000Z
RET-002766,SO75036,2,SHP-027572,11711,489,3,6,100,RR-002,2014-02-11,2014-02-21,2014-02-24,1,1,53.99,52.37,REFUND,REFUNDED,SIMULATED return linked to an AdventureWorks order line,synthetic_extension,1.0.0,SCN_RET_CLOTHING_SIZE_SPIKE,20260728,2026-07-28T00:00:00.000Z
RET-002767,SO75054,2,SHP-027590,17851,467,3,8,100,RR-003,2014-02-17,2014-02-23,2014-02-26,1,1,24.49,23.76,REFUND,REFUNDED,SIMULATED return linked to an AdventureWorks order line,synthetic_extension,1.0.0,BASELINE,20260728,2026-07-28T00:00:00.000Z
RET-002768,SO75058,3,SHP-027594,12643,491,3,8,100,RR-001,2014-02-12,2014-02-19,2014-02-21,1,1,53.99,52.37,REFUND,REFUNDED,SIMULATED return linked to an AdventureWorks order line,synthetic_extension,1.0.0,SCN_RET_CLOTHING_SIZE_SPIKE,20260728,2026-07-28T00:00:00.000Z
RET-002769,SO75059,5,SHP-027595,13338,228,3,4,100,RR-002,2014-02-10,2014-02-18,2014-02-19,1,1,49.99,48.49,REFUND,REFUNDED,SIMULATED return linked to an AdventureWorks order line,synthetic_extension,1.0.0,SCN_RET_CLOTHING_SIZE_SPIKE,20260728,2026-07-28T00:00:00.000Z
RET-002770,SO75065,1,SHP-027601,16640,540,4,9,100,RR-004,2014-02-17,2014-02-26,2014-03-02,1,1,32.6,31.62,REFUND,REFUNDED,SIMULATED return linked to an AdventureWorks order line,synthetic_extension,1.0.0,BASELINE,20260728,2026-07-28T00:00:00.000Z
RET-002771,SO75066,3,SHP-027602,29216,471,3,1,100,RR-002,2014-02-26,2014-03-06,2014-03-07,1,1,63.5,61.59,REFUND,REFUNDED,SIMULATED return linked to an AdventureWorks order line,synthetic_extension,1.0.0,SCN_RET_CLOTHING_SIZE_SPIKE,20260728,2026-07-28T00:00:00.000Z
RET-002772,SO75076,2,SHP-027612,23273,467,3,1,100,RR-002,2014-02-15,2014-02-21,2014-02-24,1,1,24.49,23.76,REFUND,REFUNDED,SIMULATED return linked to an AdventureWorks order line,synthetic_extension,1.0.0,SCN_RET_CLOTHING_SIZE_SPIKE,20260728,2026-07-28T00:00:00.000Z
RET-002773,SO75081,1,SHP-027617,13929,485,4,1,100,RR-006,2014-02-18,2014-02-25,2014-02-27,1,1,21.98,21.32,REFUND,REFUNDED,SIMULATED return linked to an AdventureWorks order line,synthetic_extension,1.0.0,BASELINE,20260728,2026-07-28T00:00:00.000Z
RET-002774,SO75081,2,SHP-027617,13929,487,4,1,100,RR-005,2014-02-15,2014-02-23,2014-02-24,1,1,54.99,53.34,REFUND,REFUNDED,SIMULATED return linked to an AdventureWorks order line,synthetic_extension,1.0.0,BASELINE,20260728,2026-07-28T00:00:00.000Z
RET-002775,SO75088,4,SHP-027624,14680,228,3,9,100,RR-006,2014-02-27,2014-03-06,2014-03-08,1,1,49.99,48.49,REFUND,REFUNDED,SIMULATED return linked to an AdventureWorks order line,synthetic_extension,1.0.0,BASELINE,20260728,2026-07-28T00:00:00.000Z
RET-002776,SO75096,3,SHP-027632,11287,237,3,6,100,RR-001,2014-02-20,2014-02-25,2014-03-01,1,1,49.99,48.49,REFUND,REFUNDED,SIMULATED return linked to an AdventureWorks order line,synthetic_extension,1.0.0,SCN_RET_CLOTHING_SIZE_SPIKE,20260728,2026-07-28T00:00:00.000Z
RET-002777,SO75100,1,SHP-027636,13350,478,4,6,100,RR-006,2014-02-20,2014-02-27,2014-03-01,1,1,9.99,9.69,REFUND,REFUNDED,SIMULATED return linked to an AdventureWorks order line,synthetic_extension,1.0.0,BASELINE,20260728,2026-07-28T00:00:00.000Z
RET-002778,SO75100,2,SHP-027636,13350,477,4,6,100,RR-005,2014-02-17,2014-02-25,2014-02-26,1,1,4.99,4.84,REFUND,REFUNDED,SIMULATED return linked to an AdventureWorks order line,synthetic_extension,1.0.0,BASELINE,20260728,2026-07-28T00:00:00.000Z
RET-002779,SO75100,3,SHP-027636,13350,473,3,6,100,RR-001,2014-02-18,2014-02-23,2014-02-27,1,1,63.5,61.59,REFUND,REFUNDED,SIMULATED return linked to an AdventureWorks order line,synthetic_extension,1.0.0,SCN_RET_CLOTHING_SIZE_SPIKE,20260728,2026-07-28T00:00:00.000Z
RET-002780,SO75109,2,SHP-027645,14114,471,3,4,100,RR-004,2014-02-25,2014-03-06,2014-03-10,1,1,63.5,61.59,REFUND,REFUNDED,SIMULATED return linked to an AdventureWorks order line,synthetic_extension,1.0.0,BASELINE,20260728,2026-07-28T00:00:00.000Z
RET-002781,SO75117,2,SHP-027653,18178,467,3,10,100,RR-005,2014-02-17,2014-02-21,2014-02-22,1,1,24.49,23.76,REFUND,REFUNDED,SIMULATED return linked to an AdventureWorks order line,synthetic_extension,1.0.0,BASELINE,20260728,2026-07-28T00:00:00.000Z
RET-002782,SO75120,2,SHP-027656,18749,491,3,6,100,RR-002,2014-02-27,2014-03-09,2014-03-12,1,1,53.99,52.37,REFUND,REFUNDED,SIMULATED return linked to an AdventureWorks order line,synthetic_extension,1.0.0,SCN_RET_CLOTHING_SIZE_SPIKE,20260728,2026-07-28T00:00:00.000Z
RET-002783,SO75120,3,SHP-027656,18749,225,3,6,100,RR-001,2014-02-14,2014-02-21,2014-02-23,1,1,8.99,8.72,REFUND,REFUNDED,SIMULATED return linked to an AdventureWorks order line,synthetic_extension,1.0.0,SCN_RET_CLOTHING_SIZE_SPIKE,20260728,2026-07-28T00:00:00.000Z
RET-002784,SO75123,3,SHP-027659,18759,225,3,6,100,RR-002,2014-02-26,2014-03-02,2014-03-03,1,1,8.99,8.72,REFUND,REFUNDED,SIMULATED return linked to an AdventureWorks order line,synthetic_extension,1.0.0,SCN_RET_CLOTHING_SIZE_SPIKE,20260728,2026-07-28T00:00:00.000Z
